{
    "document": {
        "type": "계약 법률 문서",
        "metadata": {
            "file_info": {
                "document_name": "근로계약서_0102",
                "document_size": "146kb",
                "document_page_count": "3",
                "document_total_ids": "30",
                "document_format": "pdf",
                "document_creation_date": "2024-10-28",
                "document_category": {
                    "main_category": "인사_고용_노무",
                    "sub_category": "고용계약",
                    "detail_category": "근로(고용)계약서"
                },
                "additional_info": {
                    "related_law": "근로기준법, 자동차손해배상 보장법, 근로기준법 시행령",
                    "document_purpose": "운수회사에서 사용자와 운전기사 간의 근로조건, 권리, 의무를 명확히 규정하고 근로계약을 체결하여 계약 이행을 보장하기 위함",
                    "document_use_case": "운수회사에서 운전기사와의 고용계약을 체결할 때 활용. 특히 운전기사의 근로 조건, 보수, 근무일, 휴일, 사고 책임 등을 명확히 하기 위해 사용됨.",
                    "public_domain_sources": null
                }
            }
        },
        "sections": [
            {
                "id": "1",
                "format": {
                    "position": {
                        "line": "1"
                    },
                    "section_type": "TEXT",
                    "format_type": "제목",
                    "is_article_title": false,
                    "article": null,
                    "paragraph": null,
                    "subparagraph": null
                },
                "content": {
                    "content_labels": [
                        "기타"
                    ],
                    "description": "고용계약서(운수회사)"
                }
            },
            {
                "id": "2",
                "format": {
                    "position": {
                        "line": "2"
                    },
                    "section_type": "TEXT",
                    "format_type": "서문",
                    "is_article_title": false,
                    "article": null,
                    "paragraph": null,
                    "subparagraph": null
                },
                "content": {
                    "content_labels": [
                        "계약의 당사자"
                    ],
                    "description": "운전기사을 “갑”이라 하고 그의 채무에 관한 연대보증인 와  를 “병”· “무”라 하며 운수주식회사를 “을”이라 하여 아래와 같이 고용계약을 체결한다."
                }
            },
            {
                "id": "3",
                "format": {
                    "position": {
                        "line": "3"
                    },
                    "section_type": "TEXT",
                    "format_type": "본문",
                    "is_article_title": true,
                    "article": 1,
                    "paragraph": null,
                    "subparagraph": null
                },
                "content": {
                    "content_labels": [
                        "계약의 목적"
                    ],
                    "description": "제1조 【목  적】"
                }
            },
            {
                "id": "4",
                "format": {
                    "position": {
                        "line": "4"
                    },
                    "section_type": "TEXT",
                    "format_type": "본문",
                    "is_article_title": false,
                    "article": 1,
                    "paragraph": null,
                    "subparagraph": null
                },
                "content": {
                    "content_labels": [
                        "계약의 목적"
                    ],
                    "description": "“을”은 “갑”에게 보수를 지급하고 운전업무에 종사케 하며 “갑”은 “을”에게 운전에 관한 노무를 제공하여 “을”의 지시에 따라 그 소유자동차를 운행하여 줄 의무가 있다. 단, “갑”은 타인을 대행시키거나 대리시켜 노무를 제공하여서는 아니된다."
                }
            },
            {
                "id": "5",
                "format": {
                    "position": {
                        "line": "5"
                    },
                    "section_type": "TEXT",
                    "format_type": "본문",
                    "is_article_title": true,
                    "article": 2,
                    "paragraph": null,
                    "subparagraph": null
                },
                "content": {
                    "content_labels": [
                        "임금액",
                        "임금 지급 방법"
                    ],
                    "description": "제2조 【“갑”의 보수액과 지급방법】"
                }
            },
            {
                "id": "6",
                "format": {
                    "position": {
                        "line": "6"
                    },
                    "section_type": "TEXT",
                    "format_type": "본문",
                    "is_article_title": false,
                    "article": 2,
                    "paragraph": null,
                    "subparagraph": null
                },
                "content": {
                    "content_labels": [
                        "임금액",
                        "임금 지급일",
                        "임금 지급 방법"
                    ],
                    "description": "“을”은 “갑”에게 매월 원을 보수로서 지급하고 그 지급시기는 매월 말일로 하며 현금으로 지급한다."
                }
            },
            {
                "id": "7",
                "format": {
                    "position": {
                        "line": "7"
                    },
                    "section_type": "TEXT",
                    "format_type": "본문",
                    "is_article_title": true,
                    "article": 3,
                    "paragraph": null,
                    "subparagraph": null
                },
                "content": {
                    "content_labels": [
                        "근로 시간",
                        "휴일"
                    ],
                    "description": "제3조 (근무일 및 휴일)"
                }
            },
            {
                "id": "8",
                "format": {
                    "position": {
                        "line": "8"
                    },
                    "section_type": "TEXT",
                    "format_type": "본문",
                    "is_article_title": false,
                    "article": 3,
                    "paragraph": null,
                    "subparagraph": null
                },
                "content": {
                    "content_labels": [
                        "근로 시간",
                        "휴일"
                    ],
                    "description": "을의 근로일은 매주 월요일부터 금요일까지로 하며, 다만 토요일의 경우 제반 여건을 고려하여 갑의 통상적인 관례에 따른다. 주 휴일은 법정공휴일을 포함하여 갑의 통상적인 관례에 따른다."
                }
            },
            {
                "id": "9",
                "format": {
                    "position": {
                        "line": "9"
                    },
                    "section_type": "TEXT",
                    "format_type": "본문",
                    "is_article_title": true,
                    "article": 4,
                    "paragraph": null,
                    "subparagraph": null
                },
                "content": {
                    "content_labels": [
                        "기타"
                    ],
                    "description": "제4조 【“을”에 근로에 관한 지시권】"
                }
            },
            {
                "id": "10",
                "format": {
                    "position": {
                        "line": "10"
                    },
                    "section_type": "TEXT",
                    "format_type": "본문",
                    "is_article_title": false,
                    "article": 4,
                    "paragraph": null,
                    "subparagraph": null
                },
                "content": {
                    "content_labels": [
                        "기타"
                    ],
                    "description": "“을”은 “갑”에 대하여 차량의 종류·노선·운행시간을 지시·배치할 수 있으며 그의 변경에 “갑”은 복종할 의무가 있다."
                }
            },
            {
                "id": "11",
                "format": {
                    "position": {
                        "line": "11"
                    },
                    "section_type": "TEXT",
                    "format_type": "본문",
                    "is_article_title": true,
                    "article": 5,
                    "paragraph": null,
                    "subparagraph": null
                },
                "content": {
                    "content_labels": [
                        "상여금"
                    ],
                    "description": "제5조 【시간외 및 특별근무에 관한 상여금】"
                }
            },
            {
                "id": "12",
                "format": {
                    "position": {
                        "line": "12"
                    },
                    "section_type": "TEXT",
                    "format_type": "본문",
                    "is_article_title": false,
                    "article": 5,
                    "paragraph": null,
                    "subparagraph": null
                },
                "content": {
                    "content_labels": [
                        "상여금"
                    ],
                    "description": "“갑”이 규정한 근로시간을 초과하여 근무하거나, 특별히 위험한 노선에 차량을 운전하는 경우 “을”은 이에 상당한 수당 기타 상여금을 지급하여야 한다."
                }
            },
            {
                "id": "13",
                "format": {
                    "position": {
                        "line": "13"
                    },
                    "section_type": "TEXT",
                    "format_type": "본문",
                    "is_article_title": true,
                    "article": 6,
                    "paragraph": null,
                    "subparagraph": null
                },
                "content": {
                    "content_labels": [
                        "손해배상의 예정"
                    ],
                    "description": "제6조 【사고 등에 대한 책임】"
                }
            },
            {
                "id": "14",
                "format": {
                    "position": {
                        "line": "14"
                    },
                    "section_type": "TEXT",
                    "format_type": "본문",
                    "is_article_title": false,
                    "article": 6,
                    "paragraph": null,
                    "subparagraph": null
                },
                "content": {
                    "content_labels": [
                        "손해배상의 예정"
                    ],
                    "description": "“갑”이 “을”소유의 차량을 타인에게 가한 손해에 대하여는 “갑”이 책임을 부담한다. 이 경우 “을”이 “갑”의 사용자로서 또는 자동차 손해배상 보장법에 의하여 타인에게 손해를 배상한 경우에는 “갑” 또는 그의 보증인에게 사채권을 행사한다."
                }
            },
            {
                "id": "15",
                "format": {
                    "position": {
                        "line": "15"
                    },
                    "section_type": "TEXT",
                    "format_type": "본문",
                    "is_article_title": true,
                    "article": 7,
                    "paragraph": null,
                    "subparagraph": null
                },
                "content": {
                    "content_labels": [
                        "기타"
                    ],
                    "description": "제7조 【“갑”의 연대보증인】"
                }
            },
            {
                "id": "16",
                "format": {
                    "position": {
                        "line": "16"
                    },
                    "section_type": "TEXT",
                    "format_type": "본문",
                    "is_article_title": false,
                    "article": 7,
                    "paragraph": null,
                    "subparagraph": null
                },
                "content": {
                    "content_labels": [
                        "기타"
                    ],
                    "description": "“갑”의 본 계약상의 근로제공에 관한 채무와 전후에 의하여 “갑”이 “을”에게 부담할 구상 채무 및 이에 부수하는 채무에 관하여 “병”· “무”는 “갑”과 연대하고  “병”· “무”간에 연대하여 채무를 진다. “갑”은 “을”이 요구하는 바에 따라 “병”· “무”에 관한 제반 서류를 제출한다."
                }
            },
            {
                "id": "17",
                "format": {
                    "position": {
                        "line": "17"
                    },
                    "section_type": "TEXT",
                    "format_type": "본문",
                    "is_article_title": true,
                    "article": 8,
                    "paragraph": null,
                    "subparagraph": null
                },
                "content": {
                    "content_labels": [
                        "근로계약의 종료"
                    ],
                    "description": "제8조 【계약의 해지】"
                }
            },
            {
                "id": "18",
                "format": {
                    "position": {
                        "line": "18"
                    },
                    "section_type": "TEXT",
                    "format_type": "본문",
                    "is_article_title": false,
                    "article": 8,
                    "paragraph": 1,
                    "subparagraph": null
                },
                "content": {
                    "content_labels": [
                        "근로계약의 종료"
                    ],
                    "description": "1. 이 계약은 다음의 경우에 당연히 해지된다."
                }
            },
            {
                "id": "19",
                "format": {
                    "position": {
                        "line": "19"
                    },
                    "section_type": "TEXT",
                    "format_type": "본문",
                    "is_article_title": false,
                    "article": 8,
                    "paragraph": 2,
                    "subparagraph": null
                },
                "content": {
                    "content_labels": [
                        "근로계약의 종료"
                    ],
                    "description": "2. “갑”·“을”은 다음 각호의 1에 해당하는 사유가 발행한 경우 상대방에 대하여 계약을 해지할 수 있다."
                }
            },
            {
                "id": "20",
                "format": {
                    "position": {
                        "line": "20"
                    },
                    "section_type": "TEXT",
                    "format_type": "본문",
                    "is_article_title": true,
                    "article": 9,
                    "paragraph": null,
                    "subparagraph": null
                },
                "content": {
                    "content_labels": [
                        "기타"
                    ],
                    "description": "제9조 【“을”의 자동차 정비의무】"
                }
            },
            {
                "id": "21",
                "format": {
                    "position": {
                        "line": "21"
                    },
                    "section_type": "TEXT",
                    "format_type": "본문",
                    "is_article_title": false,
                    "article": 9,
                    "paragraph": null,
                    "subparagraph": null
                },
                "content": {
                    "content_labels": [
                        "기타"
                    ],
                    "description": "“을”은 “갑”이 운전기사로서 차량을 운행할 수 있도록 차량을 양호한 상태로 정비하여야 하며 정비불량으로 인하여 전5조의 사고를 일으킨 경우 “갑” 또는 그의 연대보증인은 어떠한 명목으로도 “을”에 대하여 책임을 부담하지 않는다. 또 정비불량으로 차량을 운전하기 곤란할 염려가 있을 경우 “갑”은 “을”에 대하여 그 사유를 고하고 운행을 거부할 수 있다. “을”은 이를 귀책사유로 하여 계약해지를 할 수 없다."
                }
            },
            {
                "id": "22",
                "format": {
                    "position": {
                        "line": "22"
                    },
                    "section_type": "TEXT",
                    "format_type": "본문",
                    "is_article_title": true,
                    "article": 10,
                    "paragraph": null,
                    "subparagraph": null
                },
                "content": {
                    "content_labels": [
                        "기타"
                    ],
                    "description": "제10조 【운행도중의 제반조치】"
                }
            },
            {
                "id": "23",
                "format": {
                    "position": {
                        "line": "23"
                    },
                    "section_type": "TEXT",
                    "format_type": "본문",
                    "is_article_title": false,
                    "article": 10,
                    "paragraph": null,
                    "subparagraph": null
                },
                "content": {
                    "content_labels": [
                        "기타"
                    ],
                    "description": "“갑”은 차량의 운행도중 급유 또는 정비가 필요한 경우 “을”에게 보고하고 “을”의 지시에 응하여야 한다."
                }
            },
            {
                "id": "24",
                "format": {
                    "position": {
                        "line": "24"
                    },
                    "section_type": "TEXT",
                    "format_type": "본문",
                    "is_article_title": true,
                    "article": 11,
                    "paragraph": null,
                    "subparagraph": null
                },
                "content": {
                    "content_labels": [
                        "손해배상의 예정"
                    ],
                    "description": "제11조 【“을”의 손해배상의무】"
                }
            },
            {
                "id": "25",
                "format": {
                    "position": {
                        "line": "25"
                    },
                    "section_type": "TEXT",
                    "format_type": "본문",
                    "is_article_title": false,
                    "article": 11,
                    "paragraph": null,
                    "subparagraph": null
                },
                "content": {
                    "content_labels": [
                        "손해배상의 예정"
                    ],
                    "description": "“을”은 “갑”이 “을”의 자동차를 운행하는 도중 “갑”의 고의·과실없이 입은 “갑”의 생명·신체·재산 및 정신적 손해를 “갑”에게 지급하여야 한다."
                }
            },
            {
                "id": "26",
                "format": {
                    "position": {
                        "line": "26"
                    },
                    "section_type": "TEXT",
                    "format_type": "후문",
                    "is_article_title": false,
                    "article": null,
                    "paragraph": null,
                    "subparagraph": null
                },
                "content": {
                    "content_labels": [
                        "계약서의 교부"
                    ],
                    "description": "“갑”은 계약을 준수하기 위하여 “갑”·“을” 및 “병”·“무”는 서명날인하고 각자 1통씩 보존한다."
                }
            },
            {
                "id": "27",
                "format": {
                    "position": {
                        "line": "27"
                    },
                    "section_type": "TEXT",
                    "format_type": "날짜",
                    "is_article_title": false,
                    "article": null,
                    "paragraph": null,
                    "subparagraph": null
                },
                "content": {
                    "content_labels": [
                        "계약 체결 일자"
                    ],
                    "description": "년  월 일"
                }
            },
            {
                "id": "28",
                "format": {
                    "position": {
                        "line": "28"
                    },
                    "section_type": "TEXT",
                    "format_type": "기명날인",
                    "is_article_title": false,
                    "article": null,
                    "paragraph": null,
                    "subparagraph": null
                },
                "content": {
                    "content_labels": [
                        "근로자의 기명날인"
                    ],
                    "description": "운전기사 (인)"
                }
            },
            {
                "id": "29",
                "format": {
                    "position": {
                        "line": "29"
                    },
                    "section_type": "TEXT",
                    "format_type": "기명날인",
                    "is_article_title": false,
                    "article": null,
                    "paragraph": null,
                    "subparagraph": null
                },
                "content": {
                    "content_labels": [
                        "기타"
                    ],
                    "description": "연대보증인 (인)"
                }
            },
            {
                "id": "30",
                "format": {
                    "position": {
                        "line": "30"
                    },
                    "section_type": "TEXT",
                    "format_type": "기명날인",
                    "is_article_title": false,
                    "article": null,
                    "paragraph": null,
                    "subparagraph": null
                },
                "content": {
                    "content_labels": [
                        "사용자의 기명날인"
                    ],
                    "description": "주식회사\n대표이사 (인)"
                }
            }
        ]
    }
}