{
    "document": {
        "type": "계약 법률 문서",
        "metadata": {
            "file_info": {
                "document_name": "근로계약서_0081",
                "document_size": "126kb",
                "document_page_count": "5",
                "document_total_ids": "68",
                "document_format": "pdf",
                "document_creation_date": "2024-10-25",
                "document_category": {
                    "main_category": "인사_고용_노무",
                    "sub_category": "고용계약",
                    "detail_category": "근로(고용)계약서"
                },
                "additional_info": {
                    "related_law": "근로기준법, 근로기준법 시행령 ",
                    "document_purpose": "프로젝트 계약직 근로자가 근로조건, 권리, 의무를 명확히 이해하고 근로계약을 체결하여 계약 이행을 보장하기 위함",
                    "document_use_case": "IT 및 소프트웨어 개발 프로젝트에서 계약직 근로자와의 계약을 체결할 때 활용. 특히 프로젝트의 시작과 종료 시점, 근로시간, 대금 지급 조건 등을 명확히 하기 위해 사용됨.",
                    "public_domain_sources": null
                }
            }
        },
        "sections": [
            {
                "id": "1",
                "format": {
                    "position": {
                        "line": "1"
                    },
                    "section_type": "TEXT",
                    "format_type": "제목",
                    "is_article_title": false,
                    "article": null,
                    "paragraph": null,
                    "subparagraph": null
                },
                "content": {
                    "content_labels": [
                        "기타"
                    ],
                    "description": "프로젝트 계약직 근로계약서"
                }
            },
            {
                "id": "2",
                "format": {
                    "position": {
                        "line": "2"
                    },
                    "section_type": "TEXT",
                    "format_type": "서문",
                    "is_article_title": false,
                    "article": null,
                    "paragraph": null,
                    "subparagraph": null
                },
                "content": {
                    "content_labels": [
                        "계약의 당사자"
                    ],
                    "description": "000주식회사(이하 “갑”이라 함)와 근로자 _____________(이하 “을”이라 함)는 상호간의 근로기준법 및 회사 제반 규정을 성실히 준수할 것을 약정하고 다음과 같이 근로계약을 체결한다."
                }
            },
            {
                "id": "3",
                "format": {
                    "position": {
                        "line": "3"
                    },
                    "section_type": "TEXT",
                    "format_type": "본문",
                    "is_article_title": true,
                    "article": 1,
                    "paragraph": null,
                    "subparagraph": null
                },
                "content": {
                    "content_labels": [
                        "계약의 목적"
                    ],
                    "description": "제1조 (계약목적)"
                }
            },
            {
                "id": "4",
                "format": {
                    "position": {
                        "line": "4"
                    },
                    "section_type": "TEXT",
                    "format_type": "본문",
                    "is_article_title": false,
                    "article": 1,
                    "paragraph": 1,
                    "subparagraph": null
                },
                "content": {
                    "content_labels": [
                        "기타"
                    ],
                    "description": "1. 프로젝트명 :"
                }
            },
            {
                "id": "5",
                "format": {
                    "position": {
                        "line": "5"
                    },
                    "section_type": "TEXT",
                    "format_type": "본문",
                    "is_article_title": false,
                    "article": 1,
                    "paragraph": 2,
                    "subparagraph": null
                },
                "content": {
                    "content_labels": [
                        "담당 업무"
                    ],
                    "description": "2. 담당  업무 :"
                }
            },
            {
                "id": "6",
                "format": {
                    "position": {
                        "line": "6"
                    },
                    "section_type": "TEXT",
                    "format_type": "본문",
                    "is_article_title": false,
                    "article": 1,
                    "paragraph": 3,
                    "subparagraph": null
                },
                "content": {
                    "content_labels": [
                        "근무 장소"
                    ],
                    "description": "3. 근  무  지 :"
                }
            },
            {
                "id": "7",
                "format": {
                    "position": {
                        "line": "7"
                    },
                    "section_type": "TEXT",
                    "format_type": "본문",
                    "is_article_title": false,
                    "article": 1,
                    "paragraph": 3,
                    "subparagraph": null
                },
                "content": {
                    "content_labels": [
                        "근로 환경 변경"
                    ],
                    "description": "단, 상기 프로젝트 수행을 위해 본사 또는 현장 등 인사발령을 내릴 수 있음"
                }
            },
            {
                "id": "8",
                "format": {
                    "position": {
                        "line": "8"
                    },
                    "section_type": "TEXT",
                    "format_type": "본문",
                    "is_article_title": true,
                    "article": 2,
                    "paragraph": null,
                    "subparagraph": null
                },
                "content": {
                    "content_labels": [
                        "근로 계약 기간"
                    ],
                    "description": "제2조 (계약기간)"
                }
            },
            {
                "id": "9",
                "format": {
                    "position": {
                        "line": "9"
                    },
                    "section_type": "TEXT",
                    "format_type": "본문",
                    "is_article_title": false,
                    "article": 2,
                    "paragraph": 1,
                    "subparagraph": null
                },
                "content": {
                    "content_labels": [
                        "근로 계약 기간"
                    ],
                    "description": "1. 계약기간은 년     월     일부터        년     월     일까지 한다."
                }
            },
            {
                "id": "10",
                "format": {
                    "position": {
                        "line": "10"
                    },
                    "section_type": "TEXT",
                    "format_type": "본문",
                    "is_article_title": false,
                    "article": 2,
                    "paragraph": 2,
                    "subparagraph": null
                },
                "content": {
                    "content_labels": [
                        "근로계약의 종료"
                    ],
                    "description": "2. 단, 프로젝트 기간이 단축되거나 계속 할 수 없을 때와 담당업무가 종료될 경우 그 때가 근로계약 종료일이 된다."
                }
            },
            {
                "id": "11",
                "format": {
                    "position": {
                        "line": "11"
                    },
                    "section_type": "TEXT",
                    "format_type": "본문",
                    "is_article_title": true,
                    "article": 3,
                    "paragraph": null,
                    "subparagraph": null
                },
                "content": {
                    "content_labels": [
                        "근로 시간"
                    ],
                    "description": "제3조 (근로시간)"
                }
            },
            {
                "id": "12",
                "format": {
                    "position": {
                        "line": "12"
                    },
                    "section_type": "TEXT",
                    "format_type": "본문",
                    "is_article_title": false,
                    "article": 3,
                    "paragraph": 1,
                    "subparagraph": null
                },
                "content": {
                    "content_labels": [
                        "근로 시간"
                    ],
                    "description": "1. 근로시간은 1일 8시간( : ~ : ), 주 40시간 근로를 원칙으로 한다."
                }
            },
            {
                "id": "13",
                "format": {
                    "position": {
                        "line": "13"
                    },
                    "section_type": "TEXT",
                    "format_type": "본문",
                    "is_article_title": false,
                    "article": 3,
                    "paragraph": 2,
                    "subparagraph": null
                },
                "content": {
                    "content_labels": [
                        "휴게 시간"
                    ],
                    "description": "2. 휴게시간은 1일 1시간( : ~ : )으로 하며 전 1항의 근무시간에는 포함되지 않는다."
                }
            },
            {
                "id": "14",
                "format": {
                    "position": {
                        "line": "14"
                    },
                    "section_type": "TEXT",
                    "format_type": "본문",
                    "is_article_title": false,
                    "article": 3,
                    "paragraph": 3,
                    "subparagraph": null
                },
                "content": {
                    "content_labels": [
                        "근로 환경 변경"
                    ],
                    "description": "3. 단, 근무시간은 사업장 여건에 따라 변동될 수 있으며, 업무상 필요성이 있을 경우 연장 및 휴일근무를 명할 수 있으며, “을”은 이에 따라야 한다."
                }
            },
            {
                "id": "15",
                "format": {
                    "position": {
                        "line": "15"
                    },
                    "section_type": "TEXT",
                    "format_type": "본문",
                    "is_article_title": true,
                    "article": 4,
                    "paragraph": null,
                    "subparagraph": null
                },
                "content": {
                    "content_labels": [
                        "임금액",
                        "임금 지급 방법"
                    ],
                    "description": "제4조 (대금지불)"
                }
            },
            {
                "id": "16",
                "format": {
                    "position": {
                        "line": "16"
                    },
                    "section_type": "TEXT",
                    "format_type": "본문",
                    "is_article_title": false,
                    "article": 4,
                    "paragraph": 1,
                    "subparagraph": null
                },
                "content": {
                    "content_labels": [
                        "임금액"
                    ],
                    "description": "1. 계약금액 : __________________________원"
                }
            },
            {
                "id": "17",
                "format": {
                    "position": {
                        "line": "17"
                    },
                    "section_type": "TEXT",
                    "format_type": "본문",
                    "is_article_title": false,
                    "article": 4,
                    "paragraph": 1,
                    "subparagraph": 1
                },
                "content": {
                    "content_labels": [
                        "임금액"
                    ],
                    "description": "1) 기   본   급 : _____________________원 (월 209시간 기준)"
                }
            },
            {
                "id": "18",
                "format": {
                    "position": {
                        "line": "18"
                    },
                    "section_type": "TEXT",
                    "format_type": "본문",
                    "is_article_title": false,
                    "article": 4,
                    "paragraph": 1,
                    "subparagraph": 2
                },
                "content": {
                    "content_labels": [
                        "기타급여"
                    ],
                    "description": "2) 연장근로수당 : _____________________원 (주 12시간 기준)"
                }
            },
            {
                "id": "19",
                "format": {
                    "position": {
                        "line": "19"
                    },
                    "section_type": "TEXT",
                    "format_type": "본문",
                    "is_article_title": false,
                    "article": 4,
                    "paragraph": 1,
                    "subparagraph": 3
                },
                "content": {
                    "content_labels": [
                        "기타급여"
                    ],
                    "description": "3) 제   수   당 : _____________________원"
                }
            },
            {
                "id": "20",
                "format": {
                    "position": {
                        "line": "20"
                    },
                    "section_type": "TEXT",
                    "format_type": "본문",
                    "is_article_title": false,
                    "article": 4,
                    "paragraph": 1,
                    "subparagraph": 3
                },
                "content": {
                    "content_labels": [
                        "임금액"
                    ],
                    "description": "월 수 령 액 : _____________________원"
                }
            },
            {
                "id": "21",
                "format": {
                    "position": {
                        "line": "21"
                    },
                    "section_type": "TEXT",
                    "format_type": "본문",
                    "is_article_title": false,
                    "article": 4,
                    "paragraph": 2,
                    "subparagraph": null
                },
                "content": {
                    "content_labels": [
                        "임금 지급 방법"
                    ],
                    "description": "2. “갑”은 계약금액을 균분하여 매월 1일부터 매월 말일까지의 임금을 해당월 25일에 “을”의 명의로 된 통장으로 지급한다."
                }
            },
            {
                "id": "22",
                "format": {
                    "position": {
                        "line": "22"
                    },
                    "section_type": "TEXT",
                    "format_type": "본문",
                    "is_article_title": false,
                    "article": 4,
                    "paragraph": 3,
                    "subparagraph": null
                },
                "content": {
                    "content_labels": [
                        "임금 지급 방법"
                    ],
                    "description": "3. 1개월 미만인 경우 근무일수에 비례하여 지급하고, 결근 시에는 해당일수만큼 공제하여 지급한다."
                }
            },
            {
                "id": "23",
                "format": {
                    "position": {
                        "line": "23"
                    },
                    "section_type": "TEXT",
                    "format_type": "본문",
                    "is_article_title": false,
                    "article": 4,
                    "paragraph": 4,
                    "subparagraph": null
                },
                "content": {
                    "content_labels": [
                        "퇴직금"
                    ],
                    "description": "4. 퇴직금 지급에 관한 사항은 사규에 따른다."
                }
            },
            {
                "id": "24",
                "format": {
                    "position": {
                        "line": "24"
                    },
                    "section_type": "TEXT",
                    "format_type": "본문",
                    "is_article_title": false,
                    "article": 4,
                    "paragraph": 5,
                    "subparagraph": null
                },
                "content": {
                    "content_labels": [
                        "임금 지급 방법"
                    ],
                    "description": "5. “갑”은 법에서 정한 바에 따라 “을”에게 지급하는 제급여에서 제세공과를 원천징수한다."
                }
            },
            {
                "id": "25",
                "format": {
                    "position": {
                        "line": "25"
                    },
                    "section_type": "TEXT",
                    "format_type": "본문",
                    "is_article_title": true,
                    "article": 5,
                    "paragraph": null,
                    "subparagraph": null
                },
                "content": {
                    "content_labels": [
                        "휴일",
                        "휴가"
                    ],
                    "description": "제5조 (휴일 및 휴가)"
                }
            },
            {
                "id": "26",
                "format": {
                    "position": {
                        "line": "26"
                    },
                    "section_type": "TEXT",
                    "format_type": "본문",
                    "is_article_title": false,
                    "article": 5,
                    "paragraph": 1,
                    "subparagraph": null
                },
                "content": {
                    "content_labels": [
                        "휴일"
                    ],
                    "description": "1. 휴일 : 다음날은 유급휴일로 한다."
                }
            },
            {
                "id": "27",
                "format": {
                    "position": {
                        "line": "27"
                    },
                    "section_type": "TEXT",
                    "format_type": "본문",
                    "is_article_title": false,
                    "article": 5,
                    "paragraph": 1,
                    "subparagraph": 1
                },
                "content": {
                    "content_labels": [
                        "휴일"
                    ],
                    "description": "1) 관공서의 공휴일에 관한 규정에서 공휴일로 정한 날"
                }
            },
            {
                "id": "28",
                "format": {
                    "position": {
                        "line": "28"
                    },
                    "section_type": "TEXT",
                    "format_type": "본문",
                    "is_article_title": false,
                    "article": 5,
                    "paragraph": 1,
                    "subparagraph": 2
                },
                "content": {
                    "content_labels": [
                        "휴일"
                    ],
                    "description": "2) 회사창립기념일"
                }
            },
            {
                "id": "29",
                "format": {
                    "position": {
                        "line": "29"
                    },
                    "section_type": "TEXT",
                    "format_type": "본문",
                    "is_article_title": false,
                    "article": 5,
                    "paragraph": 1,
                    "subparagraph": 3
                },
                "content": {
                    "content_labels": [
                        "휴일"
                    ],
                    "description": "3) 근로자의 날"
                }
            },
            {
                "id": "30",
                "format": {
                    "position": {
                        "line": "30"
                    },
                    "section_type": "TEXT",
                    "format_type": "본문",
                    "is_article_title": false,
                    "article": 5,
                    "paragraph": 1,
                    "subparagraph": 4
                },
                "content": {
                    "content_labels": [
                        "휴일"
                    ],
                    "description": "4) 주휴일(매주 일요일)"
                }
            },
            {
                "id": "31",
                "format": {
                    "position": {
                        "line": "31"
                    },
                    "section_type": "TEXT",
                    "format_type": "본문",
                    "is_article_title": false,
                    "article": 5,
                    "paragraph": 1,
                    "subparagraph": 5
                },
                "content": {
                    "content_labels": [
                        "휴일"
                    ],
                    "description": "5) 기타 회사에서 정한 날"
                }
            },
            {
                "id": "32",
                "format": {
                    "position": {
                        "line": "32"
                    },
                    "section_type": "TEXT",
                    "format_type": "본문",
                    "is_article_title": false,
                    "article": 5,
                    "paragraph": 2,
                    "subparagraph": null
                },
                "content": {
                    "content_labels": [
                        "휴가"
                    ],
                    "description": "2. 휴가(연차유급휴가)"
                }
            },
            {
                "id": "33",
                "format": {
                    "position": {
                        "line": "33"
                    },
                    "section_type": "TEXT",
                    "format_type": "본문",
                    "is_article_title": false,
                    "article": 5,
                    "paragraph": 2,
                    "subparagraph": 1
                },
                "content": {
                    "content_labels": [
                        "휴가"
                    ],
                    "description": "1) 1년 미만자 : 1개월 만근 시 익월에 1개의 연차유급휴가를 부여한다."
                }
            },
            {
                "id": "34",
                "format": {
                    "position": {
                        "line": "34"
                    },
                    "section_type": "TEXT",
                    "format_type": "본문",
                    "is_article_title": false,
                    "article": 5,
                    "paragraph": 2,
                    "subparagraph": 2
                },
                "content": {
                    "content_labels": [
                        "휴가"
                    ],
                    "description": "2) 1년 이상자 : 소정 근로일수 8할 이상 출근 시 1년이 경과한 시점에서 15일의 연차유급휴가를 부여하되, 1년 미만 기간동안 사용한 연차유급휴가는 공제하며 근로기준법에 의거하여 가산연차를 지급한다."
                }
            },
            {
                "id": "35",
                "format": {
                    "position": {
                        "line": "35"
                    },
                    "section_type": "TEXT",
                    "format_type": "본문",
                    "is_article_title": true,
                    "article": 6,
                    "paragraph": null,
                    "subparagraph": null
                },
                "content": {
                    "content_labels": [
                        "근로계약의 종료"
                    ],
                    "description": "제6조 (근로계약 해지사유)"
                }
            },
            {
                "id": "36",
                "format": {
                    "position": {
                        "line": "36"
                    },
                    "section_type": "TEXT",
                    "format_type": "본문",
                    "is_article_title": false,
                    "article": 6,
                    "paragraph": 1,
                    "subparagraph": null
                },
                "content": {
                    "content_labels": [
                        "근로계약의 종료"
                    ],
                    "description": "1. 프로젝트가 종료했을 때"
                }
            },
            {
                "id": "37",
                "format": {
                    "position": {
                        "line": "37"
                    },
                    "section_type": "TEXT",
                    "format_type": "본문",
                    "is_article_title": false,
                    "article": 6,
                    "paragraph": 2,
                    "subparagraph": null
                },
                "content": {
                    "content_labels": [
                        "근로계약의 종료"
                    ],
                    "description": "2. 계속 5일 이상 결근한 경우"
                }
            },
            {
                "id": "38",
                "format": {
                    "position": {
                        "line": "38"
                    },
                    "section_type": "TEXT",
                    "format_type": "본문",
                    "is_article_title": false,
                    "article": 6,
                    "paragraph": 3,
                    "subparagraph": null
                },
                "content": {
                    "content_labels": [
                        "근로계약의 종료"
                    ],
                    "description": "3. 당사규정 또는 정당한 업무명령을 위반하였을 때"
                }
            },
            {
                "id": "39",
                "format": {
                    "position": {
                        "line": "39"
                    },
                    "section_type": "TEXT",
                    "format_type": "본문",
                    "is_article_title": false,
                    "article": 6,
                    "paragraph": 4,
                    "subparagraph": null
                },
                "content": {
                    "content_labels": [
                        "근로계약의 종료"
                    ],
                    "description": "4. 해당 업무를 성실하게 수행하지 않아 시정명령을 3회 이상 받았을 경우"
                }
            },
            {
                "id": "40",
                "format": {
                    "position": {
                        "line": "40"
                    },
                    "section_type": "TEXT",
                    "format_type": "본문",
                    "is_article_title": false,
                    "article": 6,
                    "paragraph": 5,
                    "subparagraph": null
                },
                "content": {
                    "content_labels": [
                        "근로계약의 종료"
                    ],
                    "description": "5. “을”의 역량부족으로 고의 및 중과실 등으로 프로젝트 진행에 차질을 빚을 경우"
                }
            },
            {
                "id": "41",
                "format": {
                    "position": {
                        "line": "41"
                    },
                    "section_type": "TEXT",
                    "format_type": "본문",
                    "is_article_title": false,
                    "article": 6,
                    "paragraph": 6,
                    "subparagraph": null
                },
                "content": {
                    "content_labels": [
                        "근로계약의 종료"
                    ],
                    "description": "6. “을”의 불미스러운 행동으로 인하여 고객이 인력교체를 요구할 경우"
                }
            },
            {
                "id": "42",
                "format": {
                    "position": {
                        "line": "42"
                    },
                    "section_type": "TEXT",
                    "format_type": "본문",
                    "is_article_title": false,
                    "article": 6,
                    "paragraph": 7,
                    "subparagraph": null
                },
                "content": {
                    "content_labels": [
                        "근로계약의 종료"
                    ],
                    "description": "7. 집단행동 및 태업을 선동하였을 경우"
                }
            },
            {
                "id": "43",
                "format": {
                    "position": {
                        "line": "43"
                    },
                    "section_type": "TEXT",
                    "format_type": "본문",
                    "is_article_title": false,
                    "article": 6,
                    "paragraph": 8,
                    "subparagraph": null
                },
                "content": {
                    "content_labels": [
                        "근로계약의 종료"
                    ],
                    "description": "8. 이력, 경력을 위조하여 허위로 입사하였을 때"
                }
            },
            {
                "id": "44",
                "format": {
                    "position": {
                        "line": "44"
                    },
                    "section_type": "TEXT",
                    "format_type": "본문",
                    "is_article_title": false,
                    "article": 6,
                    "paragraph": 9,
                    "subparagraph": null
                },
                "content": {
                    "content_labels": [
                        "근로계약의 종료"
                    ],
                    "description": "9. 취업규칙상의 징계조항에 해당되어 징계해고 결정을 받았을 때"
                }
            },
            {
                "id": "45",
                "format": {
                    "position": {
                        "line": "45"
                    },
                    "section_type": "TEXT",
                    "format_type": "본문",
                    "is_article_title": false,
                    "article": 6,
                    "paragraph": 10,
                    "subparagraph": null
                },
                "content": {
                    "content_labels": [
                        "근로계약의 종료"
                    ],
                    "description": "10. “을”이 일신상의 사유로 계속적 근로가 불가능한 경우"
                }
            },
            {
                "id": "46",
                "format": {
                    "position": {
                        "line": "46"
                    },
                    "section_type": "TEXT",
                    "format_type": "본문",
                    "is_article_title": true,
                    "article": 7,
                    "paragraph": null,
                    "subparagraph": null
                },
                "content": {
                    "content_labels": [
                        "기타"
                    ],
                    "description": "제7조 (복무규율)"
                }
            },
            {
                "id": "47",
                "format": {
                    "position": {
                        "line": "47"
                    },
                    "section_type": "TEXT",
                    "format_type": "본문",
                    "is_article_title": false,
                    "article": 7,
                    "paragraph": 1,
                    "subparagraph": null
                },
                "content": {
                    "content_labels": [
                        "경업 및 겸직금지의무"
                    ],
                    "description": "1. 상기 근로자는 회사의 제반규정에 따른 일체의 복무규율에 따라 성실히 근무할 것이며, 계약기간 중 회사의 동의없이 개인사업이나 타 직업에 종사하지 않는다."
                }
            },
            {
                "id": "48",
                "format": {
                    "position": {
                        "line": "48"
                    },
                    "section_type": "TEXT",
                    "format_type": "본문",
                    "is_article_title": false,
                    "article": 7,
                    "paragraph": 2,
                    "subparagraph": null
                },
                "content": {
                    "content_labels": [
                        "퇴직 절차"
                    ],
                    "description": "2. 상기 근로자는 사직하는 경우, 사직일로부터 30일 전에 사직서를 제출하고, 업무인수인계 및 후임자를 선임할 때까지 성실하게 근무를 해야 하며, “갑”에게 인수인계서를 서면으로 제출해야 한다."
                }
            },
            {
                "id": "49",
                "format": {
                    "position": {
                        "line": "49"
                    },
                    "section_type": "TEXT",
                    "format_type": "본문",
                    "is_article_title": false,
                    "article": 7,
                    "paragraph": 3,
                    "subparagraph": null
                },
                "content": {
                    "content_labels": [
                        "퇴직 절차"
                    ],
                    "description": "3. 인수인계가 끝나는 시점은 “갑”이 인수인계서를 인수하고 승인한 시점이다."
                }
            },
            {
                "id": "50",
                "format": {
                    "position": {
                        "line": "50"
                    },
                    "section_type": "TEXT",
                    "format_type": "본문",
                    "is_article_title": true,
                    "article": 8,
                    "paragraph": null,
                    "subparagraph": null
                },
                "content": {
                    "content_labels": [
                        "비밀 유지 의무"
                    ],
                    "description": "제8조 (기밀유지)"
                }
            },
            {
                "id": "51",
                "format": {
                    "position": {
                        "line": "51"
                    },
                    "section_type": "TEXT",
                    "format_type": "본문",
                    "is_article_title": false,
                    "article": 8,
                    "paragraph": null,
                    "subparagraph": null
                },
                "content": {
                    "content_labels": [
                        "비밀 유지 의무",
                        "근로계약의 종료"
                    ],
                    "description": "“을”은 본 계약상 업무수행 중에 알게 된 “갑” 및 고객의 모든 정보에 대해서 제3자에게 누설해서는 안된다. 또한 본 계약이 종료 후에도 동일하다."
                }
            },
            {
                "id": "52",
                "format": {
                    "position": {
                        "line": "52"
                    },
                    "section_type": "TEXT",
                    "format_type": "본문",
                    "is_article_title": true,
                    "article": 9,
                    "paragraph": null,
                    "subparagraph": null
                },
                "content": {
                    "content_labels": [
                        "기타"
                    ],
                    "description": "제9조 (권리 귀속)"
                }
            },
            {
                "id": "53",
                "format": {
                    "position": {
                        "line": "53"
                    },
                    "section_type": "TEXT",
                    "format_type": "본문",
                    "is_article_title": false,
                    "article": 9,
                    "paragraph": null,
                    "subparagraph": null
                },
                "content": {
                    "content_labels": [
                        "기타"
                    ],
                    "description": "본 계약으로 개발된 소프트웨어 등 모든 산출물의 소유권은 “갑”에게 귀속된다."
                }
            },
            {
                "id": "54",
                "format": {
                    "position": {
                        "line": "54"
                    },
                    "section_type": "TEXT",
                    "format_type": "본문",
                    "is_article_title": true,
                    "article": 10,
                    "paragraph": null,
                    "subparagraph": null
                },
                "content": {
                    "content_labels": [
                        "기타"
                    ],
                    "description": "제10조 (지적재산권 분쟁)"
                }
            },
            {
                "id": "55",
                "format": {
                    "position": {
                        "line": "55"
                    },
                    "section_type": "TEXT",
                    "format_type": "본문",
                    "is_article_title": false,
                    "article": 10,
                    "paragraph": 1,
                    "subparagraph": null
                },
                "content": {
                    "content_labels": [
                        "기타"
                    ],
                    "description": "1. 계약에 의해 산출되는 자료 또는 소프트웨어, 프로그램과 그 노하우 등 일체의 저작권, 특허권, 기타 지적 재산권은 “갑”의 소유로 한다."
                }
            },
            {
                "id": "56",
                "format": {
                    "position": {
                        "line": "56"
                    },
                    "section_type": "TEXT",
                    "format_type": "본문",
                    "is_article_title": false,
                    "article": 10,
                    "paragraph": 2,
                    "subparagraph": null
                },
                "content": {
                    "content_labels": [
                        "손해배상의 예정",
                        "기타"
                    ],
                    "description": "2. 본 계약상의 산출물과 관련하여 자신의 저작권, 특허권, 기타 지적 재산권의 침해를 주장하는 제3자가 “갑”에 대하여 소송이나 이의를 제기하는 경우, “을”은 “을”의 책임으로 “갑”을 면책시켜야 한다. 단, “을”의 귀책사유가 아닌 사유에 의하여 분쟁이 발생한 경우에는 그렇지 아니하다."
                }
            },
            {
                "id": "57",
                "format": {
                    "position": {
                        "line": "57"
                    },
                    "section_type": "TEXT",
                    "format_type": "본문",
                    "is_article_title": true,
                    "article": 11,
                    "paragraph": null,
                    "subparagraph": null
                },
                "content": {
                    "content_labels": [
                        "손해배상의 예정"
                    ],
                    "description": "제11조 (재해보상 및 손해보상)"
                }
            },
            {
                "id": "58",
                "format": {
                    "position": {
                        "line": "58"
                    },
                    "section_type": "TEXT",
                    "format_type": "본문",
                    "is_article_title": false,
                    "article": 11,
                    "paragraph": null,
                    "subparagraph": null
                },
                "content": {
                    "content_labels": [
                        "손해배상의 예정"
                    ],
                    "description": "“을”의 귀책사유로 인해 “갑”에게 인적·물적 재해 및 손해를 입혔을 경우, “갑”은 “을”에게 민, 형사상 법적 소송 제기 및 재해보상, 손해배상 청구를 할 수 있다."
                }
            },
            {
                "id": "59",
                "format": {
                    "position": {
                        "line": "59"
                    },
                    "section_type": "TEXT",
                    "format_type": "본문",
                    "is_article_title": true,
                    "article": 12,
                    "paragraph": null,
                    "subparagraph": null
                },
                "content": {
                    "content_labels": [
                        "관할법원"
                    ],
                    "description": "제12조 (소송관할)"
                }
            },
            {
                "id": "60",
                "format": {
                    "position": {
                        "line": "60"
                    },
                    "section_type": "TEXT",
                    "format_type": "본문",
                    "is_article_title": false,
                    "article": 12,
                    "paragraph": null,
                    "subparagraph": null
                },
                "content": {
                    "content_labels": [
                        "관할법원"
                    ],
                    "description": "계약에 관련하여 쌍방간 야기되는 분쟁, 논쟁, 이의 또한 계약위반에 대해서는 쌍방간 해결하는 것으로 하고, 만일 쌍방간에 해결이 불가능한 경우에 따른 소송을 “갑”의 소재지를 관할하는 관할법원으로 한다."
                }
            },
            {
                "id": "61",
                "format": {
                    "position": {
                        "line": "61"
                    },
                    "section_type": "TEXT",
                    "format_type": "본문",
                    "is_article_title": true,
                    "article": 13,
                    "paragraph": null,
                    "subparagraph": null
                },
                "content": {
                    "content_labels": [
                        "기타"
                    ],
                    "description": "제13조 (효력발생시기)"
                }
            },
            {
                "id": "62",
                "format": {
                    "position": {
                        "line": "62"
                    },
                    "section_type": "TEXT",
                    "format_type": "본문",
                    "is_article_title": false,
                    "article": 13,
                    "paragraph": null,
                    "subparagraph": null
                },
                "content": {
                    "content_labels": [
                        "기타"
                    ],
                    "description": "본 계약은 “갑”과 “을”이 서명한 날로부터 효력이 발생한다."
                }
            },
            {
                "id": "63",
                "format": {
                    "position": {
                        "line": "63"
                    },
                    "section_type": "TEXT",
                    "format_type": "본문",
                    "is_article_title": true,
                    "article": 14,
                    "paragraph": null,
                    "subparagraph": null
                },
                "content": {
                    "content_labels": [
                        "준거법"
                    ],
                    "description": "제14조 (준칙)"
                }
            },
            {
                "id": "64",
                "format": {
                    "position": {
                        "line": "64"
                    },
                    "section_type": "TEXT",
                    "format_type": "본문",
                    "is_article_title": false,
                    "article": 14,
                    "paragraph": null,
                    "subparagraph": null
                },
                "content": {
                    "content_labels": [
                        "준거법"
                    ],
                    "description": "“갑”과 “을”의 권리, 의무에 관하여 본 계약에 명시되지 아니한 사항은 근로기준법 및 “갑”의 관련 취업규칙, 사규 및 지침 등에 따르며, 이외에 정함이 없는 사항에 대하여는 관계법령 또는 상호 협의하여 정하는 바에 따른다."
                }
            },
            {
                "id": "65",
                "format": {
                    "position": {
                        "line": "65"
                    },
                    "section_type": "TEXT",
                    "format_type": "후문",
                    "is_article_title": false,
                    "article": null,
                    "paragraph": null,
                    "subparagraph": null
                },
                "content": {
                    "content_labels": [
                        "계약서의 교부"
                    ],
                    "description": "이상의 계약을 명확히 하기 위하여 “갑”과 “을”은 계약서 2부를 작성, 각각 서명 날인한 후 1부씩 보관한다."
                }
            },
            {
                "id": "66",
                "format": {
                    "position": {
                        "line": "66"
                    },
                    "section_type": "TEXT",
                    "format_type": "날짜",
                    "is_article_title": false,
                    "article": null,
                    "paragraph": null,
                    "subparagraph": null
                },
                "content": {
                    "content_labels": [
                        "계약 체결 일자"
                    ],
                    "description": "년 월 일"
                }
            },
            {
                "id": "67",
                "format": {
                    "position": {
                        "line": "67"
                    },
                    "section_type": "TEXT",
                    "format_type": "기명날인",
                    "is_article_title": false,
                    "article": null,
                    "paragraph": null,
                    "subparagraph": null
                },
                "content": {
                    "content_labels": [
                        "사용자의 인적사항",
                        "사용자의 기명날인"
                    ],
                    "description": "(갑) 사용자\n회 사 명 : 000 주식회사\n소 재 지 :\n대표이사 : (인)"
                }
            },
            {
                "id": "68",
                "format": {
                    "position": {
                        "line": "68"
                    },
                    "section_type": "TEXT",
                    "format_type": "기명날인",
                    "is_article_title": false,
                    "article": null,
                    "paragraph": null,
                    "subparagraph": null
                },
                "content": {
                    "content_labels": [
                        "근로자의 인적사항",
                        "근로자의 기명날인"
                    ],
                    "description": "(을) 근로자\n주 소 :\n주민번호 :\n성 명 : (인)"
                }
            }
        ]
    }
}