{
    "document": {
        "type": "계약 법률 문서",
        "metadata": {
            "file_info": {
                "document_name": "근로계약서_0168",
                "document_size": "140kb",
                "document_page_count": "5",
                "document_total_ids": "66",
                "document_format": "pdf",
                "document_creation_date": "2024-11-05",
                "document_category": {
                    "main_category": "인사_고용_노무",
                    "sub_category": "고용계약",
                    "detail_category": "근로(고용)계약서"
                },
                "additional_info": {
                    "related_law": "근로기준법, 산업재해보상보험법, 국민연금법",
                    "document_purpose": "사용자와 근로자 간의 근로조건, 권리, 의무를 명확히 규정하고 근로계약을 체결하여 계약 이행을 보장하기 위함",
                    "document_use_case": "일반 기업에서 근로자와의 근로계약을 체결할 때 활용. 특히 근로자의 근로 조건을 명확히 하여 분쟁을 예방하고, 사회보험 가입 조건을 명확히 하기 위해 사용됨.",
                    "public_domain_sources": null
                }
            }
        },
        "sections": [
            {
                "id": "1",
                "format": {
                    "position": {
                        "line": "1"
                    },
                    "section_type": "TEXT",
                    "format_type": "제목",
                    "is_article_title": false,
                    "article": null,
                    "paragraph": null,
                    "subparagraph": null
                },
                "content": {
                    "content_labels": [
                        "기타"
                    ],
                    "description": "근로계약서"
                }
            },
            {
                "id": "2",
                "format": {
                    "position": {
                        "line": "2"
                    },
                    "section_type": "TEXT",
                    "format_type": "본문",
                    "is_article_title": true,
                    "article": 1,
                    "paragraph": null,
                    "subparagraph": null
                },
                "content": {
                    "content_labels": [
                        "계약의 당사자"
                    ],
                    "description": "제1조 (계약당사자)"
                }
            },
            {
                "id": "3",
                "format": {
                    "position": {
                        "line": "3"
                    },
                    "section_type": "TEXT",
                    "format_type": "본문",
                    "is_article_title": false,
                    "article": 1,
                    "paragraph": null,
                    "subparagraph": null
                },
                "content": {
                    "content_labels": [
                        "계약의 당사자"
                    ],
                    "description": "(@회사명) (이하 “회사”이라 함)과 (@성명) (이하 “근로자”라 함)은 다음과 같이 근로계약을"
                }
            },
            {
                "id": "4",
                "format": {
                    "position": {
                        "line": "4"
                    },
                    "section_type": "TEXT",
                    "format_type": "본문",
                    "is_article_title": true,
                    "article": 2,
                    "paragraph": null,
                    "subparagraph": null
                },
                "content": {
                    "content_labels": [
                        "사회보험의 가입"
                    ],
                    "description": "제2조 (사회보험)"
                }
            },
            {
                "id": "5",
                "format": {
                    "position": {
                        "line": "5"
                    },
                    "section_type": "TEXT",
                    "format_type": "본문",
                    "is_article_title": false,
                    "article": 2,
                    "paragraph": null,
                    "subparagraph": null
                },
                "content": {
                    "content_labels": [
                        "사회보험의 가입"
                    ],
                    "description": "본 근로계약에는 다음의 사회보험이 적용된다."
                }
            },
            {
                "id": "6",
                "format": {
                    "position": {
                        "line": "6"
                    },
                    "section_type": "TEXT",
                    "format_type": "본문",
                    "is_article_title": false,
                    "article": 2,
                    "paragraph": 1,
                    "subparagraph": null
                },
                "content": {
                    "content_labels": [
                        "사회보험의 가입"
                    ],
                    "description": "1. 고용보험"
                }
            },
            {
                "id": "7",
                "format": {
                    "position": {
                        "line": "7"
                    },
                    "section_type": "TEXT",
                    "format_type": "본문",
                    "is_article_title": false,
                    "article": 2,
                    "paragraph": 2,
                    "subparagraph": null
                },
                "content": {
                    "content_labels": [
                        "사회보험의 가입"
                    ],
                    "description": "2. 산재보험"
                }
            },
            {
                "id": "8",
                "format": {
                    "position": {
                        "line": "8"
                    },
                    "section_type": "TEXT",
                    "format_type": "본문",
                    "is_article_title": false,
                    "article": 2,
                    "paragraph": 3,
                    "subparagraph": null
                },
                "content": {
                    "content_labels": [
                        "사회보험의 가입"
                    ],
                    "description": "3. 국민연금"
                }
            },
            {
                "id": "9",
                "format": {
                    "position": {
                        "line": "9"
                    },
                    "section_type": "TEXT",
                    "format_type": "본문",
                    "is_article_title": false,
                    "article": 2,
                    "paragraph": 4,
                    "subparagraph": null
                },
                "content": {
                    "content_labels": [
                        "사회보험의 가입"
                    ],
                    "description": "4. 건강보험이다."
                }
            },
            {
                "id": "10",
                "format": {
                    "position": {
                        "line": "10"
                    },
                    "section_type": "TEXT",
                    "format_type": "본문",
                    "is_article_title": true,
                    "article": 3,
                    "paragraph": null,
                    "subparagraph": null
                },
                "content": {
                    "content_labels": [
                        "근로 계약 기간"
                    ],
                    "description": "제3조 (근로계약기간)"
                }
            },
            {
                "id": "11",
                "format": {
                    "position": {
                        "line": "11"
                    },
                    "section_type": "TEXT",
                    "format_type": "본문",
                    "is_article_title": false,
                    "article": 3,
                    "paragraph": null,
                    "subparagraph": null
                },
                "content": {
                    "content_labels": [
                        "근로 계약 기간"
                    ],
                    "description": "본 근로계약은 기간의 정함이 없는 근로계약이며, 근로개시일은 (@날짜)로 한다."
                }
            },
            {
                "id": "12",
                "format": {
                    "position": {
                        "line": "12"
                    },
                    "section_type": "TEXT",
                    "format_type": "본문",
                    "is_article_title": true,
                    "article": 4,
                    "paragraph": null,
                    "subparagraph": null
                },
                "content": {
                    "content_labels": [
                        "근무 장소"
                    ],
                    "description": "제4조 (근무부서 및 직책, 근무장소 등)"
                }
            },
            {
                "id": "13",
                "format": {
                    "position": {
                        "line": "13"
                    },
                    "section_type": "TEXT",
                    "format_type": "본문",
                    "is_article_title": false,
                    "article": 4,
                    "paragraph": 1,
                    "subparagraph": null
                },
                "content": {
                    "content_labels": [
                        "근무 장소"
                    ],
                    "description": "① 근무부서:"
                }
            },
            {
                "id": "14",
                "format": {
                    "position": {
                        "line": "14"
                    },
                    "section_type": "TEXT",
                    "format_type": "본문",
                    "is_article_title": false,
                    "article": 4,
                    "paragraph": 2,
                    "subparagraph": null
                },
                "content": {
                    "content_labels": [
                        "담당 업무"
                    ],
                    "description": "② 담당직책:"
                }
            },
            {
                "id": "15",
                "format": {
                    "position": {
                        "line": "15"
                    },
                    "section_type": "TEXT",
                    "format_type": "본문",
                    "is_article_title": false,
                    "article": 4,
                    "paragraph": 3,
                    "subparagraph": null
                },
                "content": {
                    "content_labels": [
                        "근무 장소"
                    ],
                    "description": "③ 근무장소: 회사가 지정한 사업장"
                }
            },
            {
                "id": "16",
                "format": {
                    "position": {
                        "line": "16"
                    },
                    "section_type": "TEXT",
                    "format_type": "본문",
                    "is_article_title": false,
                    "article": 4,
                    "paragraph": 4,
                    "subparagraph": null
                },
                "content": {
                    "content_labels": [
                        "근무 장소",
                        "준거법"
                    ],
                    "description": "④ 회사는 회사 경영상 필요할 경우에는 근로자의 근무장소 및 근무부서 등을 변경하거나 상기 이 외의 업무를 근로자에게 부과할 수 있으며, 근로자는 근무기간동안 회사의 제규정 및 관계법령을 준수하며 회사가 지시한 업무를 신의에 따라 성실히 수행하여야 한다."
                }
            },
            {
                "id": "17",
                "format": {
                    "position": {
                        "line": "17"
                    },
                    "section_type": "TEXT",
                    "format_type": "본문",
                    "is_article_title": true,
                    "article": 5,
                    "paragraph": null,
                    "subparagraph": null
                },
                "content": {
                    "content_labels": [
                        "기타"
                    ],
                    "description": "제5조 (근태사항)"
                }
            },
            {
                "id": "18",
                "format": {
                    "position": {
                        "line": "18"
                    },
                    "section_type": "TEXT",
                    "format_type": "본문",
                    "is_article_title": true,
                    "article": 5,
                    "paragraph": null,
                    "subparagraph": null
                },
                "content": {
                    "content_labels": [
                        "기타"
                    ],
                    "description": "이번에 수정해야 할 부분은 다음 각 호의 사유가 있는 경우에는 취업규칙상 관련 규정을 적용하여 연봉을 지급한다."
                }
            },
            {
                "id": "19",
                "format": {
                    "position": {
                        "line": "19"
                    },
                    "section_type": "TEXT",
                    "format_type": "본문",
                    "is_article_title": false,
                    "article": 5,
                    "paragraph": 1,
                    "subparagraph": null
                },
                "content": {
                    "content_labels": [
                        "기타"
                    ],
                    "description": "1. 휴직"
                }
            },
            {
                "id": "20",
                "format": {
                    "position": {
                        "line": "20"
                    },
                    "section_type": "TEXT",
                    "format_type": "본문",
                    "is_article_title": false,
                    "article": 5,
                    "paragraph": 2,
                    "subparagraph": null
                },
                "content": {
                    "content_labels": [
                        "기타"
                    ],
                    "description": "2. 결근"
                }
            },
            {
                "id": "21",
                "format": {
                    "position": {
                        "line": "21"
                    },
                    "section_type": "TEXT",
                    "format_type": "본문",
                    "is_article_title": false,
                    "article": 5,
                    "paragraph": 3,
                    "subparagraph": null
                },
                "content": {
                    "content_labels": [
                        "기타"
                    ],
                    "description": "3. 감급, 정직이다."
                }
            },
            {
                "id": "22",
                "format": {
                    "position": {
                        "line": "22"
                    },
                    "section_type": "TEXT",
                    "format_type": "본문",
                    "is_article_title": true,
                    "article": 6,
                    "paragraph": null,
                    "subparagraph": null
                },
                "content": {
                    "content_labels": [
                        "수습 기간"
                    ],
                    "description": "제6조 (시용기간)"
                }
            },
            {
                "id": "23",
                "format": {
                    "position": {
                        "line": "23"
                    },
                    "section_type": "TEXT",
                    "format_type": "본문",
                    "is_article_title": false,
                    "article": 6,
                    "paragraph": 1,
                    "subparagraph": null
                },
                "content": {
                    "content_labels": [
                        "수습 기간"
                    ],
                    "description": "① 회사는 근로자의 업무수행능력, 업무적격성 등을 판단하기 위하여 3개월의 시용기간을 두며, 이 기간 중 월급여는 본 근로계약 제8조 제1항과 동일하다."
                }
            },
            {
                "id": "24",
                "format": {
                    "position": {
                        "line": "24"
                    },
                    "section_type": "TEXT",
                    "format_type": "본문",
                    "is_article_title": false,
                    "article": 6,
                    "paragraph": 2,
                    "subparagraph": null
                },
                "content": {
                    "content_labels": [
                        "수습 기간"
                    ],
                    "description": "② 회사는 제1항의 시용기간 동안 근로자가 업무수행에 부적합하다고 판단하거나, 회사에 손해를 초래할 수 있는 문제를 유발한 경우 본채용을 거부할 수 있다."
                }
            },
            {
                "id": "25",
                "format": {
                    "position": {
                        "line": "25"
                    },
                    "section_type": "TEXT",
                    "format_type": "본문",
                    "is_article_title": true,
                    "article": 7,
                    "paragraph": null,
                    "subparagraph": null
                },
                "content": {
                    "content_labels": [
                        "근로 시간",
                        "휴게 시간"
                    ],
                    "description": "제7조 (근로시간 및 휴게시간)"
                }
            },
            {
                "id": "26",
                "format": {
                    "position": {
                        "line": "26"
                    },
                    "section_type": "TEXT",
                    "format_type": "본문",
                    "is_article_title": false,
                    "article": 7,
                    "paragraph": 1,
                    "subparagraph": null
                },
                "content": {
                    "content_labels": [
                        "근로 시간",
                        "휴게 시간"
                    ],
                    "description": "① 근로시간 및 휴게시간은 다음과 같이 적용한다. 단, 회사는 업무의 특성 또는 사업장 사정에 따 라 필요한 경우 이를 변경할 수 있다."
                }
            },
            {
                "id": "27",
                "format": {
                    "position": {
                        "line": "27"
                    },
                    "section_type": "TABLE",
                    "format_type": "본문",
                    "is_article_title": false,
                    "article": 7,
                    "paragraph": 1,
                    "subparagraph": null
                },
                "content": {
                    "content_labels": [
                        "근로 시간",
                        "휴게 시간"
                    ],
                    "description": "<table><tbody><tr><td colspan=\"2\">소정근로일</td><td colspan=\"3\">월요일 ~ 금요일 (주 5일)</td></tr><tr><td colspan=\"2\">출퇴근시간</td><td colspan=\"3\">09:00 ~ 18:00</td></tr><tr><td colspan=\"2\">휴게시간</td><td colspan=\"3\">12:00 ~ 13:00</td></tr></tbody></table>"
                }
            },
            {
                "id": "28",
                "format": {
                    "position": {
                        "line": "28"
                    },
                    "section_type": "TEXT",
                    "format_type": "본문",
                    "is_article_title": false,
                    "article": 7,
                    "paragraph": 2,
                    "subparagraph": null
                },
                "content": {
                    "content_labels": [
                        "기타급여"
                    ],
                    "description": "② 제①항에 명시된 시간 외에 회사는 근로자에게 업무상의 필요에 의하여 연장근로, 야간근로 및 휴일근로를 명할 수 있으며 회사는 이에 포괄적으로 합의한 것으로 본다."
                }
            },
            {
                "id": "29",
                "format": {
                    "position": {
                        "line": "29"
                    },
                    "section_type": "TEXT",
                    "format_type": "본문",
                    "is_article_title": false,
                    "article": 7,
                    "paragraph": 3,
                    "subparagraph": null
                },
                "content": {
                    "content_labels": [
                        "휴가"
                    ],
                    "description": "③ 회사는 제1항의 소정근로시간 외 연장, 야간 및 휴일근로가 발생한 경우 근로기준법 제57조(보 상휴가제)에 따라 근로자대표와의 서면합의를 통해 임금을 지급하는 것을 갈음하여 휴가를 줄 수 있다."
                }
            },
            {
                "id": "30",
                "format": {
                    "position": {
                        "line": "30"
                    },
                    "section_type": "TEXT",
                    "format_type": "본문",
                    "is_article_title": true,
                    "article": 8,
                    "paragraph": null,
                    "subparagraph": null
                },
                "content": {
                    "content_labels": [
                        "휴일"
                    ],
                    "description": "제8조 (휴일)"
                }
            },
            {
                "id": "31",
                "format": {
                    "position": {
                        "line": "31"
                    },
                    "section_type": "TEXT",
                    "format_type": "본문",
                    "is_article_title": false,
                    "article": 8,
                    "paragraph": 1,
                    "subparagraph": null
                },
                "content": {
                    "content_labels": [
                        "휴일"
                    ],
                    "description": "① 주휴일과 근로자의 날(5월 1일)은 유급휴일로 한다."
                }
            },
            {
                "id": "32",
                "format": {
                    "position": {
                        "line": "32"
                    },
                    "section_type": "TEXT",
                    "format_type": "본문",
                    "is_article_title": false,
                    "article": 8,
                    "paragraph": 2,
                    "subparagraph": null
                },
                "content": {
                    "content_labels": [
                        "휴일"
                    ],
                    "description": "② 주휴일은 일요일로 한다. 단, 근로자가 1주 동안 제5조 제1항의 소정근로일을 개근한 경우에 한 하여 주휴일을 유급으로 부여한다."
                }
            },
            {
                "id": "33",
                "format": {
                    "position": {
                        "line": "33"
                    },
                    "section_type": "TEXT",
                    "format_type": "본문",
                    "is_article_title": false,
                    "article": 8,
                    "paragraph": 3,
                    "subparagraph": null
                },
                "content": {
                    "content_labels": [
                        "휴일"
                    ],
                    "description": "③ 제1항의 주휴일은 회사의 운영상황 및 업무 스케쥴을 고려하여 조정할 수 있으며, 조정 시에는 사전에 공지한다."
                }
            },
            {
                "id": "34",
                "format": {
                    "position": {
                        "line": "34"
                    },
                    "section_type": "TEXT",
                    "format_type": "본문",
                    "is_article_title": false,
                    "article": 8,
                    "paragraph": 4,
                    "subparagraph": null
                },
                "content": {
                    "content_labels": [
                        "휴일"
                    ],
                    "description": "④ 주휴일과 근로자의 날이 중복되는 경우 1일의 휴일로 처리한다."
                }
            },
            {
                "id": "35",
                "format": {
                    "position": {
                        "line": "35"
                    },
                    "section_type": "TEXT",
                    "format_type": "본문",
                    "is_article_title": false,
                    "article": 8,
                    "paragraph": 5,
                    "subparagraph": null
                },
                "content": {
                    "content_labels": [
                        "휴일"
                    ],
                    "description": "⑤ 회사는 직종별로 업무사정을 고려하여 휴일을 부여할 수 있다."
                }
            },
            {
                "id": "36",
                "format": {
                    "position": {
                        "line": "36"
                    },
                    "section_type": "TEXT",
                    "format_type": "본문",
                    "is_article_title": true,
                    "article": 9,
                    "paragraph": null,
                    "subparagraph": null
                },
                "content": {
                    "content_labels": [
                        "휴가"
                    ],
                    "description": "제9조 (연차유급휴가)"
                }
            },
            {
                "id": "37",
                "format": {
                    "position": {
                        "line": "37"
                    },
                    "section_type": "TEXT",
                    "format_type": "본문",
                    "is_article_title": false,
                    "article": 9,
                    "paragraph": 1,
                    "subparagraph": null
                },
                "content": {
                    "content_labels": [
                        "휴가"
                    ],
                    "description": "① 연차유급휴가는 근로기준법에 따라 부여한다."
                }
            },
            {
                "id": "38",
                "format": {
                    "position": {
                        "line": "38"
                    },
                    "section_type": "TEXT",
                    "format_type": "본문",
                    "is_article_title": false,
                    "article": 9,
                    "paragraph": 2,
                    "subparagraph": null
                },
                "content": {
                    "content_labels": [
                        "휴가"
                    ],
                    "description": "② 제1항의 연차유급휴가와 관련하여 회사는 근로기준법 제61조(연차유급휴가 사용촉진)과 근로기 준법 제62조(유급휴가의 대체)를 실시할 수 있다."
                }
            },
            {
                "id": "39",
                "format": {
                    "position": {
                        "line": "39"
                    },
                    "section_type": "TEXT",
                    "format_type": "본문",
                    "is_article_title": true,
                    "article": 10,
                    "paragraph": null,
                    "subparagraph": null
                },
                "content": {
                    "content_labels": [
                        "임금액"
                    ],
                    "description": "제10조 (임금)"
                }
            },
            {
                "id": "40",
                "format": {
                    "position": {
                        "line": "40"
                    },
                    "section_type": "TEXT",
                    "format_type": "본문",
                    "is_article_title": false,
                    "article": 10,
                    "paragraph": 1,
                    "subparagraph": null
                },
                "content": {
                    "content_labels": [
                        "임금액"
                    ],
                    "description": "① 월 급여는 각종 보험료, 제세금 등을 공제한 금액을 금 (@금액)원(KRW)으로 한다. 기타 비정기 적인 상여금이 결정되는 경우에는 그 금액을 추가로 지급할 수 있다."
                }
            },
            {
                "id": "41",
                "format": {
                    "position": {
                        "line": "41"
                    },
                    "section_type": "TEXT",
                    "format_type": "본문",
                    "is_article_title": false,
                    "article": 10,
                    "paragraph": 2,
                    "subparagraph": null
                },
                "content": {
                    "content_labels": [
                        "임금 지급일",
                        "임금 지급 방법"
                    ],
                    "description": "② 임금의 지급은 매월 1일부터 말일까지 기산하여 20일에 근로자 명의의 금융계좌로 지급하며 지 급일이 휴일인 경우에는 순차적으로 그 전일에 지급함을 원칙으로 한다. 단, 근로자가 원하는 경우 직접 지급할 수 있다."
                }
            },
            {
                "id": "42",
                "format": {
                    "position": {
                        "line": "42"
                    },
                    "section_type": "TEXT",
                    "format_type": "본문",
                    "is_article_title": false,
                    "article": 10,
                    "paragraph": 3,
                    "subparagraph": null
                },
                "content": {
                    "content_labels": [
                        "임금액",
                        "비밀 유지 의무"
                    ],
                    "description": "③ 근로자는 본인 및 타인의 임금에 관한 사항에 대하여 동료 등 타인에게 누설하여서는 아니된다."
                }
            },
            {
                "id": "43",
                "format": {
                    "position": {
                        "line": "43"
                    },
                    "section_type": "TEXT",
                    "format_type": "본문",
                    "is_article_title": false,
                    "article": 10,
                    "paragraph": 4,
                    "subparagraph": null
                },
                "content": {
                    "content_labels": [
                        "상여금"
                    ],
                    "description": "④ 근로자는 제1항의 임금에 기본급과 상여금 및 본 계약 제5조 제2항에 따른 시간외 근로수당(연 장·야간·휴일근로 포함) 등이 포괄적으로 포함되어 있음을 이해하고 이에 동의한다. 단, 퇴직금은 포 함되지 않는다."
                }
            },
            {
                "id": "44",
                "format": {
                    "position": {
                        "line": "44"
                    },
                    "section_type": "TEXT",
                    "format_type": "본문",
                    "is_article_title": true,
                    "article": 11,
                    "paragraph": null,
                    "subparagraph": null
                },
                "content": {
                    "content_labels": [
                        "퇴직금",
                        "퇴직 절차"
                    ],
                    "description": "제11조 (퇴직 및 퇴직 급여)"
                }
            },
            {
                "id": "45",
                "format": {
                    "position": {
                        "line": "45"
                    },
                    "section_type": "TEXT",
                    "format_type": "본문",
                    "is_article_title": false,
                    "article": 11,
                    "paragraph": 1,
                    "subparagraph": null
                },
                "content": {
                    "content_labels": [
                        "퇴직 절차"
                    ],
                    "description": "① 근로자가 퇴직하고자 할 때에는 퇴직예정일 30일 이전까지 회사에게 사직원을 제출하는 등의 방식으로 서면 통보하여야 하며 퇴직일까지 업무 인수인계를 충실히 거쳐야 한다."
                }
            },
            {
                "id": "46",
                "format": {
                    "position": {
                        "line": "46"
                    },
                    "section_type": "TEXT",
                    "format_type": "본문",
                    "is_article_title": false,
                    "article": 11,
                    "paragraph": 2,
                    "subparagraph": null
                },
                "content": {
                    "content_labels": [
                        "퇴직 절차"
                    ],
                    "description": "② 근로자는 제1항의 기간을 위반한 일방적 퇴직 혹은 불성실한 업무 인수인계 등으로 인하여 회 사에게 손해를 끼친 경우에는 민·형사상의 책임을 진다."
                }
            },
            {
                "id": "47",
                "format": {
                    "position": {
                        "line": "47"
                    },
                    "section_type": "TEXT",
                    "format_type": "본문",
                    "is_article_title": false,
                    "article": 11,
                    "paragraph": 3,
                    "subparagraph": null
                },
                "content": {
                    "content_labels": [
                        "퇴직금"
                    ],
                    "description": "③ 회사는 근로자 퇴직 시 계속근로연수 1년에 대하여 30일분의 평균임금을 퇴직금으로 지급한다. 단, 회사는 퇴직급여제도 중 하나로 퇴직연금제도를 도입할 수 있으며 이 경우 퇴직급여와 관련된 사항은 퇴직연금규약에 따른다."
                }
            },
            {
                "id": "48",
                "format": {
                    "position": {
                        "line": "48"
                    },
                    "section_type": "TEXT",
                    "format_type": "본문",
                    "is_article_title": true,
                    "article": 12,
                    "paragraph": null,
                    "subparagraph": null
                },
                "content": {
                    "content_labels": [
                        "비밀 유지 의무"
                    ],
                    "description": "제12조 (비밀유지의무)"
                }
            },
            {
                "id": "49",
                "format": {
                    "position": {
                        "line": "49"
                    },
                    "section_type": "TEXT",
                    "format_type": "본문",
                    "is_article_title": false,
                    "article": 12,
                    "paragraph": 1,
                    "subparagraph": null
                },
                "content": {
                    "content_labels": [
                        "비밀 유지 의무"
                    ],
                    "description": "① 근로자는 재직 중이나 퇴직 후라도 업무상 취득한 비밀을 누설하여서는 아니된다."
                }
            },
            {
                "id": "50",
                "format": {
                    "position": {
                        "line": "50"
                    },
                    "section_type": "TEXT",
                    "format_type": "본문",
                    "is_article_title": false,
                    "article": 12,
                    "paragraph": 2,
                    "subparagraph": null
                },
                "content": {
                    "content_labels": [
                        "비밀 유지 의무"
                    ],
                    "description": "② 근로자는 재직 중이나 퇴직 후라도 업무상 취득한 회사 및 고객에 대한 정보 및 비밀을 누설하 거나 개인적인 용도로 사용하여서는 아니된다."
                }
            },
            {
                "id": "51",
                "format": {
                    "position": {
                        "line": "51"
                    },
                    "section_type": "TEXT",
                    "format_type": "본문",
                    "is_article_title": false,
                    "article": 12,
                    "paragraph": 3,
                    "subparagraph": null
                },
                "content": {
                    "content_labels": [
                        "비밀 유지 의무"
                    ],
                    "description": "③ 근로자가 고의 또는 과실로 제1항 내지 제2항을 위반하여 회사에게 손해를 끼친 경우에는 민·형 사상의 책임을 부담하며, 본 계약에 별첨된 영업비밀등 보호서약서를 작성함에 동의한다."
                }
            },
            {
                "id": "52",
                "format": {
                    "position": {
                        "line": "52"
                    },
                    "section_type": "TEXT",
                    "format_type": "본문",
                    "is_article_title": true,
                    "article": 13,
                    "paragraph": null,
                    "subparagraph": null
                },
                "content": {
                    "content_labels": [
                        "근로계약의 종료"
                    ],
                    "description": "제13조 (근로계약 해지사유)"
                }
            },
            {
                "id": "53",
                "format": {
                    "position": {
                        "line": "53"
                    },
                    "section_type": "TEXT",
                    "format_type": "본문",
                    "is_article_title": false,
                    "article": 13,
                    "paragraph": null,
                    "subparagraph": null
                },
                "content": {
                    "content_labels": [
                        "근로계약의 종료"
                    ],
                    "description": "회사는 다음 각 호의 사유가 있을 때에는 근로자와의 근로계약을 해지할 수 있다."
                }
            },
            {
                "id": "54",
                "format": {
                    "position": {
                        "line": "54"
                    },
                    "section_type": "TEXT",
                    "format_type": "본문",
                    "is_article_title": false,
                    "article": 13,
                    "paragraph": 1,
                    "subparagraph": null
                },
                "content": {
                    "content_labels": [
                        "근로계약의 종료"
                    ],
                    "description": "1. 취업규칙 또는 정당한 업무명령을 위반하여 해고된 경우"
                }
            },
            {
                "id": "55",
                "format": {
                    "position": {
                        "line": "55"
                    },
                    "section_type": "TEXT",
                    "format_type": "본문",
                    "is_article_title": false,
                    "article": 13,
                    "paragraph": 2,
                    "subparagraph": null
                },
                "content": {
                    "content_labels": [
                        "근로계약의 종료"
                    ],
                    "description": "2.학력, 경력을 위조하여 허위로 입사한 경우"
                }
            },
            {
                "id": "56",
                "format": {
                    "position": {
                        "line": "56"
                    },
                    "section_type": "TEXT",
                    "format_type": "본문",
                    "is_article_title": false,
                    "article": 13,
                    "paragraph": 3,
                    "subparagraph": null
                },
                "content": {
                    "content_labels": [
                        "근로계약의 종료"
                    ],
                    "description": "3.정당한 사유 없이 무단으로 조퇴 또는 외출, 결근을 지속적으로 반복하는 경우"
                }
            },
            {
                "id": "57",
                "format": {
                    "position": {
                        "line": "57"
                    },
                    "section_type": "TEXT",
                    "format_type": "본문",
                    "is_article_title": false,
                    "article": 13,
                    "paragraph": 4,
                    "subparagraph": null
                },
                "content": {
                    "content_labels": [
                        "근로계약의 종료"
                    ],
                    "description": "4.근로자의 일신상의 사유로 정상적인 근로제공이 불가능한 경우"
                }
            },
            {
                "id": "58",
                "format": {
                    "position": {
                        "line": "58"
                    },
                    "section_type": "TEXT",
                    "format_type": "본문",
                    "is_article_title": false,
                    "article": 13,
                    "paragraph": 5,
                    "subparagraph": null
                },
                "content": {
                    "content_labels": [
                        "근로계약의 종료"
                    ],
                    "description": "5.기타 법령 및 사회상규를 위반하여 사회통념상 계속적으로 근로관계를 유지하기 어려운 경우"
                }
            },
            {
                "id": "59",
                "format": {
                    "position": {
                        "line": "59"
                    },
                    "section_type": "TEXT",
                    "format_type": "본문",
                    "is_article_title": true,
                    "article": 14,
                    "paragraph": null,
                    "subparagraph": null
                },
                "content": {
                    "content_labels": [
                        "기타"
                    ],
                    "description": "제14조 (기타)"
                }
            },
            {
                "id": "60",
                "format": {
                    "position": {
                        "line": "60"
                    },
                    "section_type": "TEXT",
                    "format_type": "본문",
                    "is_article_title": false,
                    "article": 14,
                    "paragraph": 1,
                    "subparagraph": null
                },
                "content": {
                    "content_labels": [
                        "손해배상의 예정"
                    ],
                    "description": "① 근로자의 귀책사유로 인해 본 계약기간 중 또는 계약해지 후 회사에 손해를 입힌 경우에 근로 자는 회사에게 그로 인한 일체의 손해를 배상하여야 한다."
                }
            },
            {
                "id": "61",
                "format": {
                    "position": {
                        "line": "61"
                    },
                    "section_type": "TEXT",
                    "format_type": "본문",
                    "is_article_title": false,
                    "article": 14,
                    "paragraph": 2,
                    "subparagraph": null
                },
                "content": {
                    "content_labels": [
                        "준거법"
                    ],
                    "description": "② 기타 본 계약에 명시되지 않은 사항은 근로기준법 등 노동관계법령, 취업규칙, 기타 제규정이 정하는 바에 따른다."
                }
            },
            {
                "id": "62",
                "format": {
                    "position": {
                        "line": "62"
                    },
                    "section_type": "TEXT",
                    "format_type": "본문",
                    "is_article_title": true,
                    "article": 15,
                    "paragraph": null,
                    "subparagraph": null
                },
                "content": {
                    "content_labels": [
                        "계약서의 교부"
                    ],
                    "description": "제15조 (근로계약서의 교부)"
                }
            },
            {
                "id": "63",
                "format": {
                    "position": {
                        "line": "63"
                    },
                    "section_type": "TEXT",
                    "format_type": "본문",
                    "is_article_title": false,
                    "article": 15,
                    "paragraph": null,
                    "subparagraph": null
                },
                "content": {
                    "content_labels": [
                        "계약서의 교부"
                    ],
                    "description": "회사는 근로자와 본 근로계약을 체결함과 동시에 근로계약서 2부를 작성하여 1부를 근로자에게 교 부한다."
                }
            },
            {
                "id": "64",
                "format": {
                    "position": {
                        "line": "64"
                    },
                    "section_type": "TEXT",
                    "format_type": "날짜",
                    "is_article_title": false,
                    "article": null,
                    "paragraph": null,
                    "subparagraph": null
                },
                "content": {
                    "content_labels": [
                        "계약 체결 일자"
                    ],
                    "description": "(@날짜)"
                }
            },
            {
                "id": "65",
                "format": {
                    "position": {
                        "line": "65"
                    },
                    "section_type": "TEXT",
                    "format_type": "기명날인",
                    "is_article_title": false,
                    "article": null,
                    "paragraph": null,
                    "subparagraph": null
                },
                "content": {
                    "content_labels": [
                        "사용자의 인적사항"
                    ],
                    "description": "회사(회사)\n(@회사명)\n주소"
                }
            },
            {
                "id": "66",
                "format": {
                    "position": {
                        "line": "66"
                    },
                    "section_type": "TEXT",
                    "format_type": "기명날인",
                    "is_article_title": false,
                    "article": null,
                    "paragraph": null,
                    "subparagraph": null
                },
                "content": {
                    "content_labels": [
                        "근로자의 인적사항",
                        "근로자의 기명날인"
                    ],
                    "description": "근로자\n성명\n(@성명) (인)\n주소"
                }
            }
        ]
    }
}