{
    "document": {
        "type": "계약 법률 문서",
        "metadata": {
            "file_info": {
                "document_name": "근로계약서_0077",
                "document_size": "89kb",
                "document_page_count": "3",
                "document_total_ids": "37",
                "document_format": "pdf",
                "document_creation_date": "2024-10-22",
                "document_category": {
                    "main_category": "인사_고용_노무",
                    "sub_category": "고용계약",
                    "detail_category": "근로(고용)계약서"
                },
                "additional_info": {
                    "related_law": "근로기준법, 근로기준법 시행령, 고용보험법",
                    "document_purpose": "사용자와 근로자 간의 근로조건, 임금, 근로시간 등을 규정하고 연봉제 근로계약을 체결하여 계약 이행을 보장하기 위함",
                    "document_use_case": "일반 기업에서 연봉제로 근로자를 채용할 때 활용. 근로시간, 임금, 수습기간, 계약 해지 조건 등을 명확히 하여 고용 안정성을 높이기 위해 사용됨.",
                    "public_domain_sources": null
                }
            }
        },
        "sections": [
            {
                "id": "1",
                "format": {
                    "position": {
                        "line": "1"
                    },
                    "section_type": "TEXT",
                    "format_type": "제목",
                    "is_article_title": false,
                    "article": null,
                    "paragraph": null,
                    "subparagraph": null
                },
                "content": {
                    "content_labels": [
                        "기타"
                    ],
                    "description": "연봉제 근로계약서"
                }
            },
            {
                "id": "2",
                "format": {
                    "position": {
                        "line": "2"
                    },
                    "section_type": "TEXT",
                    "format_type": "서문",
                    "is_article_title": false,
                    "article": null,
                    "paragraph": null,
                    "subparagraph": null
                },
                "content": {
                    "content_labels": [
                        "계약의 당사자"
                    ],
                    "description": "ㅇㅇㅇㅇ 대표이사 (이하 “갑”이라 함)와 근로자(이하 “을”이라 함)은 근로계약을 성실히 준수할 것을 서약하고 다음과 같이 근로계약을 체결한다."
                }
            },
            {
                "id": "3",
                "format": {
                    "position": {
                        "line": "3"
                    },
                    "section_type": "TEXT",
                    "format_type": "본문",
                    "is_article_title": true,
                    "article": 1,
                    "paragraph": null,
                    "subparagraph": null
                },
                "content": {
                    "content_labels": [
                        "근로 계약 기간"
                    ],
                    "description": "제 1 조 (계약기간):"
                }
            },
            {
                "id": "4",
                "format": {
                    "position": {
                        "line": "4"
                    },
                    "section_type": "TEXT",
                    "format_type": "본문",
                    "is_article_title": false,
                    "article": 1,
                    "paragraph": null,
                    "subparagraph": null
                },
                "content": {
                    "content_labels": [
                        "근로 계약 기간"
                    ],
                    "description": "2006. 4. 1 ~ 2007. 3. 31"
                }
            },
            {
                "id": "5",
                "format": {
                    "position": {
                        "line": "5"
                    },
                    "section_type": "TEXT",
                    "format_type": "본문",
                    "is_article_title": true,
                    "article": 2,
                    "paragraph": null,
                    "subparagraph": null
                },
                "content": {
                    "content_labels": [
                        "담당 업무"
                    ],
                    "description": "제 2 조 (취업직종)"
                }
            },
            {
                "id": "6",
                "format": {
                    "position": {
                        "line": "6"
                    },
                    "section_type": "TEXT",
                    "format_type": "본문",
                    "is_article_title": false,
                    "article": 2,
                    "paragraph": 1,
                    "subparagraph": null
                },
                "content": {
                    "content_labels": [
                        "담당 업무"
                    ],
                    "description": "(1) 직종:"
                }
            },
            {
                "id": "7",
                "format": {
                    "position": {
                        "line": "7"
                    },
                    "section_type": "TEXT",
                    "format_type": "본문",
                    "is_article_title": false,
                    "article": 2,
                    "paragraph": 2,
                    "subparagraph": null
                },
                "content": {
                    "content_labels": [
                        "근무 장소"
                    ],
                    "description": "(2) 근무지: (@주소)"
                }
            },
            {
                "id": "8",
                "format": {
                    "position": {
                        "line": "8"
                    },
                    "section_type": "TEXT",
                    "format_type": "본문",
                    "is_article_title": false,
                    "article": 2,
                    "paragraph": 3,
                    "subparagraph": null
                },
                "content": {
                    "content_labels": [
                        "근로 환경 변경"
                    ],
                    "description": "(3) 단, 회사 업무 형편상 부득이한 경우 위 근무지를 변경 할 수 있으며, “을”은 이에 따라야 한다."
                }
            },
            {
                "id": "9",
                "format": {
                    "position": {
                        "line": "9"
                    },
                    "section_type": "TEXT",
                    "format_type": "본문",
                    "is_article_title": true,
                    "article": 3,
                    "paragraph": null,
                    "subparagraph": null
                },
                "content": {
                    "content_labels": [
                        "기타"
                    ],
                    "description": "제 3 조 (근로조건)"
                }
            },
            {
                "id": "10",
                "format": {
                    "position": {
                        "line": "10"
                    },
                    "section_type": "TEXT",
                    "format_type": "본문",
                    "is_article_title": false,
                    "article": 3,
                    "paragraph": 1,
                    "subparagraph": null
                },
                "content": {
                    "content_labels": [
                        "근로 시간"
                    ],
                    "description": "(1) 근로시간 :"
                }
            },
            {
                "id": "11",
                "format": {
                    "position": {
                        "line": "11"
                    },
                    "section_type": "TEXT",
                    "format_type": "본문",
                    "is_article_title": false,
                    "article": 3,
                    "paragraph": 1,
                    "subparagraph": 1
                },
                "content": {
                    "content_labels": [
                        "근로 시간"
                    ],
                    "description": "○1 평일 :09:00 ~ 18:00"
                }
            },
            {
                "id": "12",
                "format": {
                    "position": {
                        "line": "12"
                    },
                    "section_type": "TEXT",
                    "format_type": "본문",
                    "is_article_title": false,
                    "article": 3,
                    "paragraph": 1,
                    "subparagraph": 2
                },
                "content": {
                    "content_labels": [
                        "근로 시간"
                    ],
                    "description": "○2 토요일 :09:00 ~ 12:00"
                }
            },
            {
                "id": "13",
                "format": {
                    "position": {
                        "line": "13"
                    },
                    "section_type": "TEXT",
                    "format_type": "본문",
                    "is_article_title": false,
                    "article": 3,
                    "paragraph": 1,
                    "subparagraph": 2
                },
                "content": {
                    "content_labels": [
                        "근로 환경 변경"
                    ],
                    "description": "(출퇴근 시간은 사업 및 사업장 사정에 따라 탄력적으로 조정할 수 있음)"
                }
            },
            {
                "id": "14",
                "format": {
                    "position": {
                        "line": "14"
                    },
                    "section_type": "TEXT",
                    "format_type": "본문",
                    "is_article_title": false,
                    "article": 3,
                    "paragraph": 2,
                    "subparagraph": null
                },
                "content": {
                    "content_labels": [
                        "휴게 시간"
                    ],
                    "description": "(2) 휴게시간 : 식사시간을 포함하여 근무여건에 따라 1시간 이상을 탄력적으로 부여한다"
                }
            },
            {
                "id": "15",
                "format": {
                    "position": {
                        "line": "15"
                    },
                    "section_type": "TEXT",
                    "format_type": "본문",
                    "is_article_title": false,
                    "article": 3,
                    "paragraph": 3,
                    "subparagraph": null
                },
                "content": {
                    "content_labels": [
                        "휴일"
                    ],
                    "description": "(3) 휴일 : 업무의 형태에 따라 1주에 1일은 휴일로 한다."
                }
            },
            {
                "id": "16",
                "format": {
                    "position": {
                        "line": "16"
                    },
                    "section_type": "TEXT",
                    "format_type": "본문",
                    "is_article_title": true,
                    "article": 4,
                    "paragraph": null,
                    "subparagraph": null
                },
                "content": {
                    "content_labels": [
                        "임금액"
                    ],
                    "description": "제 4 조 (임 금)"
                }
            },
            {
                "id": "17",
                "format": {
                    "position": {
                        "line": "17"
                    },
                    "section_type": "TEXT",
                    "format_type": "본문",
                    "is_article_title": false,
                    "article": 4,
                    "paragraph": 1,
                    "subparagraph": null
                },
                "content": {
                    "content_labels": [
                        "임금액"
                    ],
                    "description": "(1) “을”의 임금 형태는 연봉제로 한다."
                }
            },
            {
                "id": "18",
                "format": {
                    "position": {
                        "line": "18"
                    },
                    "section_type": "TEXT",
                    "format_type": "본문",
                    "is_article_title": false,
                    "article": 4,
                    "paragraph": 2,
                    "subparagraph": null
                },
                "content": {
                    "content_labels": [
                        "임금액"
                    ],
                    "description": "(2) 지급총액 :원정 (￦ 원)"
                }
            },
            {
                "id": "19",
                "format": {
                    "position": {
                        "line": "19"
                    },
                    "section_type": "TEXT",
                    "format_type": "본문",
                    "is_article_title": false,
                    "article": 4,
                    "paragraph": 2,
                    "subparagraph": 1
                },
                "content": {
                    "content_labels": [
                        "임금액"
                    ],
                    "description": "가. 연봉 구성 및 금액"
                }
            },
            {
                "id": "20",
                "format": {
                    "position": {
                        "line": "20"
                    },
                    "section_type": "TEXT",
                    "format_type": "본문",
                    "is_article_title": false,
                    "article": 4,
                    "paragraph": 2,
                    "subparagraph": 1
                },
                "content": {
                    "content_labels": [
                        "임금액"
                    ],
                    "description": "구분 금액 비고\n금액 연봉 원 (월 원) 법정 제수당 포함\n퇴직금 원\n지급총액 원"
                }
            },
            {
                "id": "21",
                "format": {
                    "position": {
                        "line": "21"
                    },
                    "section_type": "TEXT",
                    "format_type": "본문",
                    "is_article_title": false,
                    "article": 4,
                    "paragraph": 2,
                    "subparagraph": 1
                },
                "content": {
                    "content_labels": [
                        "임금액"
                    ],
                    "description": "※ 月 급여액에는 기본급과 연장, 야간, 휴일근로수당 및 연, 월차수당 등이 포괄적으로 합산되어 있음"
                }
            },
            {
                "id": "22",
                "format": {
                    "position": {
                        "line": "22"
                    },
                    "section_type": "TEXT",
                    "format_type": "본문",
                    "is_article_title": false,
                    "article": 4,
                    "paragraph": 2,
                    "subparagraph": 2
                },
                "content": {
                    "content_labels": [
                        "임금 지급 방법"
                    ],
                    "description": "나. 연봉 지급 방법"
                }
            },
            {
                "id": "23",
                "format": {
                    "position": {
                        "line": "23"
                    },
                    "section_type": "TEXT",
                    "format_type": "본문",
                    "is_article_title": false,
                    "article": 4,
                    "paragraph": 2,
                    "subparagraph": 2
                },
                "content": {
                    "content_labels": [
                        "임금 지급일",
                        "임금 지급 방법"
                    ],
                    "description": "○1 월 급여 : 12로 나누어 매월 25일 지급\n○2 연봉 지급대상 기간 중 조퇴, 결근, 휴직, 정직 등 “을”의 귀책사유로 근로를 제공하지 못할 경우 그 기간만큼 임금 또는 연봉을 지급하지 아니하며, “을”이 퇴직할 경우에는 근무일수에 따라 일할 계산하여  급여를 지급한다.\n○3 퇴직금: 지급사유가 발생한 경우 “을”의 요청에 따라 1년간 중간 정산하여 지급할 수 있다."
                }
            },
            {
                "id": "24",
                "format": {
                    "position": {
                        "line": "24"
                    },
                    "section_type": "TEXT",
                    "format_type": "본문",
                    "is_article_title": true,
                    "article": 5,
                    "paragraph": null,
                    "subparagraph": null
                },
                "content": {
                    "content_labels": [
                        "수습 기간"
                    ],
                    "description": "제 5 조 (수습기간)"
                }
            },
            {
                "id": "25",
                "format": {
                    "position": {
                        "line": "25"
                    },
                    "section_type": "TEXT",
                    "format_type": "본문",
                    "is_article_title": false,
                    "article": 5,
                    "paragraph": null,
                    "subparagraph": null
                },
                "content": {
                    "content_labels": [
                        "수습 기간",
                        "근로계약의 종료"
                    ],
                    "description": "수습기간은 3개월로 하며 근무태도, 능력, 자질, 성실성, 건강상태를 종합적으로  평가하여 근로자로서 계속 근무가 부적격한 경우 본 채용을 거절하고 즉시 해고 할 수 있다. "
                }
            },
            {
                "id": "26",
                "format": {
                    "position": {
                        "line": "26"
                    },
                    "section_type": "TEXT",
                    "format_type": "본문",
                    "is_article_title": true,
                    "article": 6,
                    "paragraph": null,
                    "subparagraph": null
                },
                "content": {
                    "content_labels": [
                        "근로계약의 종료"
                    ],
                    "description": "제 6 조 (근로계약의 해지)"
                }
            },
            {
                "id": "27",
                "format": {
                    "position": {
                        "line": "27"
                    },
                    "section_type": "TEXT",
                    "format_type": "본문",
                    "is_article_title": false,
                    "article": 6,
                    "paragraph": 1,
                    "subparagraph": null
                },
                "content": {
                    "content_labels": [
                        "근로계약의 종료"
                    ],
                    "description": "(1) 근로계약 기간이 만료되면 근로계약은 종료된다."
                }
            },
            {
                "id": "28",
                "format": {
                    "position": {
                        "line": "28"
                    },
                    "section_type": "TEXT",
                    "format_type": "본문",
                    "is_article_title": false,
                    "article": 6,
                    "paragraph": 2,
                    "subparagraph": null
                },
                "content": {
                    "content_labels": [
                        "근로계약의 종료"
                    ],
                    "description": "(2) “갑”은 “을”이 다음 각 항을 위반할 경우 근로계약 기간 중이라도 근로계약 을 해지하거나 해고 할 수 있다. "
                }
            },
            {
                "id": "29",
                "format": {
                    "position": {
                        "line": "29"
                    },
                    "section_type": "TEXT",
                    "format_type": "본문",
                    "is_article_title": false,
                    "article": 6,
                    "paragraph": 2,
                    "subparagraph": 1
                },
                "content": {
                    "content_labels": [
                        "근로계약의 종료"
                    ],
                    "description": "○1 고의로 업무능률을 저해하거나 업무수행을 방해한 경우"
                }
            },
            {
                "id": "30",
                "format": {
                    "position": {
                        "line": "30"
                    },
                    "section_type": "TEXT",
                    "format_type": "본문",
                    "is_article_title": false,
                    "article": 6,
                    "paragraph": 2,
                    "subparagraph": 2
                },
                "content": {
                    "content_labels": [
                        "근로계약의 종료"
                    ],
                    "description": "○2 출근 성적이 불량하거나 근무성적 또는 근무태도가 불성실한 경우"
                }
            },
            {
                "id": "31",
                "format": {
                    "position": {
                        "line": "31"
                    },
                    "section_type": "TEXT",
                    "format_type": "본문",
                    "is_article_title": true,
                    "article": 7,
                    "paragraph": null,
                    "subparagraph": null
                },
                "content": {
                    "content_labels": [
                        "기타"
                    ],
                    "description": "제 7 조 (기 타)"
                }
            },
            {
                "id": "32",
                "format": {
                    "position": {
                        "line": "32"
                    },
                    "section_type": "TEXT",
                    "format_type": "본문",
                    "is_article_title": false,
                    "article": 7,
                    "paragraph": 1,
                    "subparagraph": null
                },
                "content": {
                    "content_labels": [
                        "비밀 유지 의무"
                    ],
                    "description": "(1) “갑”과 “을”은 연봉근로계약에 동의하며 연봉 금액에 관한 비밀을 누설하지 않는다."
                }
            },
            {
                "id": "33",
                "format": {
                    "position": {
                        "line": "33"
                    },
                    "section_type": "TEXT",
                    "format_type": "본문",
                    "is_article_title": false,
                    "article": 7,
                    "paragraph": 2,
                    "subparagraph": null
                },
                "content": {
                    "content_labels": [
                        "퇴직 절차"
                    ],
                    "description": "(2) “을”이 퇴직하고자 하는 경우 30일 전에 “갑”에게 통보하고 업무 인수인계를 위하여 협력해야 한다."
                }
            },
            {
                "id": "34",
                "format": {
                    "position": {
                        "line": "34"
                    },
                    "section_type": "TEXT",
                    "format_type": "본문",
                    "is_article_title": false,
                    "article": 7,
                    "paragraph": 3,
                    "subparagraph": null
                },
                "content": {
                    "content_labels": [
                        "준거법"
                    ],
                    "description": "(3) 상기에서 정하지 아니한 사항은 관계법령에 따른다."
                }
            },
            {
                "id": "35",
                "format": {
                    "position": {
                        "line": "35"
                    },
                    "section_type": "TEXT",
                    "format_type": "날짜",
                    "is_article_title": false,
                    "article": null,
                    "paragraph": null,
                    "subparagraph": null
                },
                "content": {
                    "content_labels": [
                        "계약 체결 일자"
                    ],
                    "description": "2006년 4월 1일"
                }
            },
            {
                "id": "36",
                "format": {
                    "position": {
                        "line": "36"
                    },
                    "section_type": "TEXT",
                    "format_type": "기명날인",
                    "is_article_title": false,
                    "article": null,
                    "paragraph": null,
                    "subparagraph": null
                },
                "content": {
                    "content_labels": [
                        "사용자의 기명날인"
                    ],
                    "description": "“갑” (사용자) ㅇㅇㅇㅇ 대표이사 ㅇㅇㅇ (인)"
                }
            },
            {
                "id": "37",
                "format": {
                    "position": {
                        "line": "37"
                    },
                    "section_type": "TEXT",
                    "format_type": "기명날인",
                    "is_article_title": false,
                    "article": null,
                    "paragraph": null,
                    "subparagraph": null
                },
                "content": {
                    "content_labels": [
                        "근로자의 기명날인"
                    ],
                    "description": "“을” (근로자) 성명 : ㅇㅇㅇ (인)"
                }
            }
        ]
    }
}