{
    "document": {
        "type": "계약 법률 문서",
        "metadata": {
            "file_info": {
                "document_name": "근로계약서_0034",
                "document_size": "78kb",
                "document_page_count": "2",
                "document_total_ids": "27",
                "document_format": "pdf",
                "document_creation_date": "2024-10-17",
                "document_category": {
                    "main_category": "인사_고용_노무",
                    "sub_category": "고용계약",
                    "detail_category": "근로(고용)계약서"
                },
                "additional_info": {
                    "related_law": "근로기준법, 고용보험법, 산재보험법, 국민연금법",
                    "document_purpose": "사용자와 근로자 간의 근로조건, 권리, 의무를 명확히 규정하고 근로계약을 체결하여 계약 이행을 보장하기 위함",
                    "document_use_case": "일반 기업 및 다양한 산업 분야에서 사용자와 근로자 간의 근로계약 체결 시 활용됨. 특히 근로시간, 임금, 휴가 등 근로조건을 명확히 하기 위해 사용됨.",
                    "public_domain_sources": null
                }
            }
        },
        "sections": [
            {
                "id": "1",
                "format": {
                    "position": {
                        "line": "1"
                    },
                    "section_type": "TEXT",
                    "format_type": "제목",
                    "is_article_title": true,
                    "article": null,
                    "paragraph": null,
                    "subparagraph": null
                },
                "content": {
                    "content_labels": [
                        "기타"
                    ],
                    "description": "근 로 계 약 서"
                }
            },
            {
                "id": "2",
                "format": {
                    "position": {
                        "line": "2"
                    },
                    "section_type": "TEXT",
                    "format_type": "서문",
                    "is_article_title": true,
                    "article": null,
                    "paragraph": null,
                    "subparagraph": null
                },
                "content": {
                    "content_labels": [
                        "계약의 당사자"
                    ],
                    "description": "(@회사명)(이하 “사업주”라 함)와 (이하 “근로자”라 함)은 다음과 같이 근로 계약을 체결한다."
                }
            },
            {
                "id": "3",
                "format": {
                    "position": {
                        "line": "3"
                    },
                    "section_type": "TEXT",
                    "format_type": "본문",
                    "is_article_title": true,
                    "article": 1,
                    "paragraph": null,
                    "subparagraph": null
                },
                "content": {
                    "content_labels": [
                        "근로 계약 기간"
                    ],
                    "description": "1. 근로계약기간 :"
                }
            },
            {
                "id": "4",
                "format": {
                    "position": {
                        "line": "4"
                    },
                    "section_type": "TEXT",
                    "format_type": "본문",
                    "is_article_title": false,
                    "article": 1,
                    "paragraph": null,
                    "subparagraph": null
                },
                "content": {
                    "content_labels": [
                        "근로 계약 기간"
                    ],
                    "description": " 년 월 일부터 년 월 일까지"
                }
            },
            {
                "id": "5",
                "format": {
                    "position": {
                        "line": "5"
                    },
                    "section_type": "TEXT",
                    "format_type": "본문",
                    "is_article_title": true,
                    "article": 2,
                    "paragraph": null,
                    "subparagraph": null
                },
                "content": {
                    "content_labels": [
                        "근무 장소"
                    ],
                    "description": "2. 근 무 장 소 :"
                }
            },
            {
                "id": "6",
                "format": {
                    "position": {
                        "line": "6"
                    },
                    "section_type": "TEXT",
                    "format_type": "본문",
                    "is_article_title": true,
                    "article": 3,
                    "paragraph": null,
                    "subparagraph": null
                },
                "content": {
                    "content_labels": [
                        "담당 업무"
                    ],
                    "description": "3. 업무의 내용 :"
                }
            },
            {
                "id": "7",
                "format": {
                    "position": {
                        "line": "7"
                    },
                    "section_type": "TEXT",
                    "format_type": "본문",
                    "is_article_title": true,
                    "article": 4,
                    "paragraph": null,
                    "subparagraph": null
                },
                "content": {
                    "content_labels": [
                        "근로 시간"
                    ],
                    "description": "4. 소정근로시간 : "
                }
            },
            {
                "id": "8",
                "format": {
                    "position": {
                        "line": "8"
                    },
                    "section_type": "TEXT",
                    "format_type": "본문",
                    "is_article_title": false,
                    "article": 4,
                    "paragraph": null,
                    "subparagraph": null
                },
                "content": {
                    "content_labels": [
                        "근로 시간",
                        "휴게 시간"
                    ],
                    "description": "0시 0분부터 0시 0분까지 (휴게시간 : 0시 0분~ 0시 0분)"
                }
            },
            {
                "id": "9",
                "format": {
                    "position": {
                        "line": "9"
                    },
                    "section_type": "TEXT",
                    "format_type": "본문",
                    "is_article_title": true,
                    "article": 5,
                    "paragraph": null,
                    "subparagraph": null
                },
                "content": {
                    "content_labels": [
                        "근로 시간",
                        "휴일"
                    ],
                    "description": "5. 근무일/휴일 :"
                }
            },
            {
                "id": "10",
                "format": {
                    "position": {
                        "line": "10"
                    },
                    "section_type": "TEXT",
                    "format_type": "본문",
                    "is_article_title": false,
                    "article": 5,
                    "paragraph": null,
                    "subparagraph": null
                },
                "content": {
                    "content_labels": [
                        "근로 시간",
                        "휴일"
                    ],
                    "description": "매주 일(또는 매일단위)근무, 주휴일 매주 요일"
                }
            },
            {
                "id": "11",
                "format": {
                    "position": {
                        "line": "11"
                    },
                    "section_type": "TEXT",
                    "format_type": "본문",
                    "is_article_title": true,
                    "article": 6,
                    "paragraph": null,
                    "subparagraph": null
                },
                "content": {
                    "content_labels": [
                        "임금액"
                    ],
                    "description": "6. 임 금"
                }
            },
            {
                "id": "12",
                "format": {
                    "position": {
                        "line": "12"
                    },
                    "section_type": "TEXT",
                    "format_type": "본문",
                    "is_article_title": false,
                    "article": 6,
                    "paragraph": null,
                    "subparagraph": null
                },
                "content": {
                    "content_labels": [
                        "임금액",
                        "임금 지급일",
                        "임금 지급 방법",
                        "상여금",
                        "기타급여"
                    ],
                    "description": "- 월(일, 시간)급 : 원\n- 상여금 : 있음 ( ) 원, 없음 ( )\n- 기타급여(제수당 등) : 있음 ( ), 없음 ( )\n· 원, 원\n· 원, 원\n- 임금지급일 : 매월(매주 또는 매일) 일(휴일의 경우는 전일 지급)\n- 지급방법 : 근로자에게 직접지급( ), 근로자 명의 예금통장에 입금( )"
                }
            },
            {
                "id": "13",
                "format": {
                    "position": {
                        "line": "13"
                    },
                    "section_type": "TEXT",
                    "format_type": "본문",
                    "is_article_title": true,
                    "article": 7,
                    "paragraph": null,
                    "subparagraph": null
                },
                "content": {
                    "content_labels": [
                        "휴가"
                    ],
                    "description": "7. 연차유급휴가"
                }
            },
            {
                "id": "14",
                "format": {
                    "position": {
                        "line": "14"
                    },
                    "section_type": "TEXT",
                    "format_type": "본문",
                    "is_article_title": false,
                    "article": 7,
                    "paragraph": null,
                    "subparagraph": null
                },
                "content": {
                    "content_labels": [
                        "휴가"
                    ],
                    "description": "- 연차유급휴가는 근로기준법에서 정하는 바에 따라 부여함\n"
                }
            },
            {
                "id": "15",
                "format": {
                    "position": {
                        "line": "15"
                    },
                    "section_type": "TEXT",
                    "format_type": "본문",
                    "is_article_title": true,
                    "article": 8,
                    "paragraph": null,
                    "subparagraph": null
                },
                "content": {
                    "content_labels": [
                        "사회보험의 가입"
                    ],
                    "description": "8. 사회보험 적용여부(해당란에 체크)"
                }
            },
            {
                "id": "16",
                "format": {
                    "position": {
                        "line": "16"
                    },
                    "section_type": "TEXT",
                    "format_type": "본문",
                    "is_article_title": false,
                    "article": 8,
                    "paragraph": null,
                    "subparagraph": null
                },
                "content": {
                    "content_labels": [
                        "사회보험의 가입"
                    ],
                    "description": "□ 고용보험 □ 산재보험 □ 국민연금 □ 건강보험"
                }
            },
            {
                "id": "17",
                "format": {
                    "position": {
                        "line": "17"
                    },
                    "section_type": "TEXT",
                    "format_type": "본문",
                    "is_article_title": true,
                    "article": 9,
                    "paragraph": null,
                    "subparagraph": null
                },
                "content": {
                    "content_labels": [
                        "계약서의 교부"
                    ],
                    "description": "9. 근로계약서 교부"
                }
            },
            {
                "id": "18",
                "format": {
                    "position": {
                        "line": "18"
                    },
                    "section_type": "TEXT",
                    "format_type": "본문",
                    "is_article_title": false,
                    "article": 9,
                    "paragraph": null,
                    "subparagraph": null
                },
                "content": {
                    "content_labels": [
                        "계약서의 교부"
                    ],
                    "description": "- 사업주는 근로계약을 체결함과 동시에 본 계약서를 사본하여 근로자의 교부요구와 관계없이 근로자에게 교부함(근로기준법 제17조 이행)"
                }
            },
            {
                "id": "19",
                "format": {
                    "position": {
                        "line": "19"
                    },
                    "section_type": "TEXT",
                    "format_type": "본문",
                    "is_article_title": true,
                    "article": 10,
                    "paragraph": null,
                    "subparagraph": null
                },
                "content": {
                    "content_labels": [
                        "기타"
                    ],
                    "description": "10. 근로계약, 취업규칙 등의 성실한 이행의무"
                }
            },
            {
                "id": "20",
                "format": {
                    "position": {
                        "line": "20"
                    },
                    "section_type": "TEXT",
                    "format_type": "본문",
                    "is_article_title": false,
                    "article": 10,
                    "paragraph": null,
                    "subparagraph": null
                },
                "content": {
                    "content_labels": [
                        "기타"
                    ],
                    "description": "- 사업주와 근로자는 각자가 근로계약, 취업규칙, 단체협약을 지키고 성실하게 이행하여야 함"
                }
            },
            {
                "id": "21",
                "format": {
                    "position": {
                        "line": "21"
                    },
                    "section_type": "TEXT",
                    "format_type": "본문",
                    "is_article_title": true,
                    "article": 11,
                    "paragraph": null,
                    "subparagraph": null
                },
                "content": {
                    "content_labels": [
                        "기타"
                    ],
                    "description": "11. 기 타"
                }
            },
            {
                "id": "22",
                "format": {
                    "position": {
                        "line": "22"
                    },
                    "section_type": "TEXT",
                    "format_type": "본문",
                    "is_article_title": false,
                    "article": 11,
                    "paragraph": null,
                    "subparagraph": null
                },
                "content": {
                    "content_labels": [
                        "기타"
                    ],
                    "description": "- 이 계약에 정함이 없는 사항은 근로기준법령에 의함"
                }
            },
            {
                "id": "23",
                "format": {
                    "position": {
                        "line": "23"
                    },
                    "section_type": "TEXT",
                    "format_type": "날짜",
                    "is_article_title": true,
                    "article": null,
                    "paragraph": null,
                    "subparagraph": null
                },
                "content": {
                    "content_labels": [
                        "계약 체결 일자"
                    ],
                    "description": "년 월 일"
                }
            },
            {
                "id": "24",
                "format": {
                    "position": {
                        "line": "24"
                    },
                    "section_type": "TEXT",
                    "format_type": "기명날인",
                    "is_article_title": true,
                    "article": null,
                    "paragraph": null,
                    "subparagraph": null
                },
                "content": {
                    "content_labels": [
                        "사용자의 인적사항"
                    ],
                    "description": "(사업주) \n사업체명 : (@회사명) \n주 소 :"
                }
            },
            {
                "id": "25",
                "format": {
                    "position": {
                        "line": "25"
                    },
                    "section_type": "TEXT",
                    "format_type": "기명날인",
                    "is_article_title": true,
                    "article": null,
                    "paragraph": null,
                    "subparagraph": null
                },
                "content": {
                    "content_labels": [
                        "사용자의 기명날인"
                    ],
                    "description": "대 표 자 : (서명)"
                }
            },
            {
                "id": "26",
                "format": {
                    "position": {
                        "line": "26"
                    },
                    "section_type": "TEXT",
                    "format_type": "기명날인",
                    "is_article_title": true,
                    "article": null,
                    "paragraph": null,
                    "subparagraph": null
                },
                "content": {
                    "content_labels": [
                        "근로자의 인적사항"
                    ],
                    "description": "(근로자) \n주 소 :\n주민번호 : \n연 락 처 :"
                }
            },
            {
                "id": "27",
                "format": {
                    "position": {
                        "line": "27"
                    },
                    "section_type": "TEXT",
                    "format_type": "기명날인",
                    "is_article_title": true,
                    "article": null,
                    "paragraph": null,
                    "subparagraph": null
                },
                "content": {
                    "content_labels": [
                        "근로자의 기명날인"
                    ],
                    "description": "성 명 : (서명)"
                }
            }
        ]
    }
}