{
    "document": {
        "type": "계약 법률 문서",
        "metadata": {
            "file_info": {
                "document_name": "기타고용계약서_0076",
                "document_size": "182kb",
                "document_page_count": "6",
                "document_total_ids": "67",
                "document_format": "pdf",
                "document_creation_date": "2024-10-28",
                "document_category": {
                    "main_category": "인사_고용_노무",
                    "sub_category": "고용계약",
                    "detail_category": "기타고용계약서"
                },
                "additional_info": {
                    "related_law": "저작권법, 민법, 상법",
                    "document_purpose": "회사가 강연자에게 강연을 의뢰하고, 강연자가 이를 수행함에 있어서 양 당사자 간의 권리∙의무 및 기타 제반 사항을 명확히 규정하기 위함",
                    "document_use_case": "교육 및 강연 산업에서 주최 측과 강연자 간의 계약을 체결할 때 활용. 특히 강연의 내용, 일정, 장소, 보수 등의 조건을 명확히 하기 위해 사용됨.",
                    "public_domain_sources": null
                }
            }
        },
        "sections": [
            {
                "id": "1",
                "format": {
                    "position": {
                        "line": "1"
                    },
                    "section_type": "TEXT",
                    "format_type": "제목",
                    "is_article_title": false,
                    "article": null,
                    "paragraph": null,
                    "subparagraph": null
                },
                "content": {
                    "content_labels": [
                        "기타"
                    ],
                    "description": "강 연 계 약 서"
                }
            },
            {
                "id": "2",
                "format": {
                    "position": {
                        "line": "2"
                    },
                    "section_type": "TEXT",
                    "format_type": "서문",
                    "is_article_title": false,
                    "article": null,
                    "paragraph": null,
                    "subparagraph": null
                },
                "content": {
                    "content_labels": [
                        "계약의 당사자"
                    ],
                    "description": "(@회사명1)(이하 “회사”라 한다)와 ________________(이하 “강연자”라 한다)은 다음과 같이 강연계약서를 체결하고 신의에 따라 성실하게 이행하기로 한다."
                }
            },
            {
                "id": "3",
                "format": {
                    "position": {
                        "line": "3"
                    },
                    "section_type": "TEXT",
                    "format_type": "기타",
                    "is_article_title": false,
                    "article": null,
                    "paragraph": null,
                    "subparagraph": null
                },
                "content": {
                    "content_labels": [
                        "기타"
                    ],
                    "description": "-    다 음    -"
                }
            },
            {
                "id": "4",
                "format": {
                    "position": {
                        "line": "4"
                    },
                    "section_type": "TEXT",
                    "format_type": "본문",
                    "is_article_title": true,
                    "article": 1,
                    "paragraph": null,
                    "subparagraph": null
                },
                "content": {
                    "content_labels": [
                        "계약의 목적"
                    ],
                    "description": "제1조 (목적)"
                }
            },
            {
                "id": "5",
                "format": {
                    "position": {
                        "line": "5"
                    },
                    "section_type": "TEXT",
                    "format_type": "본문",
                    "is_article_title": false,
                    "article": 1,
                    "paragraph": null,
                    "subparagraph": null
                },
                "content": {
                    "content_labels": [
                        "계약의 목적"
                    ],
                    "description": "본 계약은 회사가 강연자에게 강연을 의뢰하고, 강연자가 이를 수행함에 있어서 필요로 하는 양 당사자 간의 권리∙의무 및 기타 제반 사항을 명확히 규정함에 목적이 있다."
                }
            },
            {
                "id": "6",
                "format": {
                    "position": {
                        "line": "6"
                    },
                    "section_type": "TEXT",
                    "format_type": "본문",
                    "is_article_title": true,
                    "article": 2,
                    "paragraph": null,
                    "subparagraph": null
                },
                "content": {
                    "content_labels": [
                        "계약의 내용"
                    ],
                    "description": "제2조 (강연 상세 내용)"
                }
            },
            {
                "id": "7",
                "format": {
                    "position": {
                        "line": "7"
                    },
                    "section_type": "TEXT",
                    "format_type": "본문",
                    "is_article_title": false,
                    "article": 2,
                    "paragraph": 1,
                    "subparagraph": null
                },
                "content": {
                    "content_labels": [
                        "기타"
                    ],
                    "description": "1) 강연자는 회사의 요청에 따라 아래에 명시한 용역(이하 “강연” 또는 “강연 용역”이라 한다)을 수행하기로 한다. 본 계약서에 명시되지 않은 사항에 대하여 회사와 강연자는 계약의 목적 및 범위 내에서 상호 협의하여 추가ㆍ조정할 수 있다."
                }
            },
            {
                "id": "8",
                "format": {
                    "position": {
                        "line": "8"
                    },
                    "section_type": "TEXT",
                    "format_type": "본문",
                    "is_article_title": false,
                    "article": 2,
                    "paragraph": 1,
                    "subparagraph": 1
                },
                "content": {
                    "content_labels": [
                        "계약의 내용"
                    ],
                    "description": "① 강연 용역의 내용:"
                }
            },
            {
                "id": "9",
                "format": {
                    "position": {
                        "line": "9"
                    },
                    "section_type": "TEXT",
                    "format_type": "본문",
                    "is_article_title": false,
                    "article": 2,
                    "paragraph": 1,
                    "subparagraph": 2
                },
                "content": {
                    "content_labels": [
                        "기타"
                    ],
                    "description": "② 강연자 선정 사유: ((@구체적 사실)에 관한 전문적인 지식과 경험에 초점)"
                }
            },
            {
                "id": "10",
                "format": {
                    "position": {
                        "line": "10"
                    },
                    "section_type": "TEXT",
                    "format_type": "본문",
                    "is_article_title": false,
                    "article": 2,
                    "paragraph": 1,
                    "subparagraph": 3
                },
                "content": {
                    "content_labels": [
                        "계약기간"
                    ],
                    "description": "③ 강연 일시:"
                }
            },
            {
                "id": "11",
                "format": {
                    "position": {
                        "line": "11"
                    },
                    "section_type": "TEXT",
                    "format_type": "본문",
                    "is_article_title": false,
                    "article": 2,
                    "paragraph": 1,
                    "subparagraph": 4
                },
                "content": {
                    "content_labels": [
                        "기타"
                    ],
                    "description": "④ 강연 장소:"
                }
            },
            {
                "id": "12",
                "format": {
                    "position": {
                        "line": "12"
                    },
                    "section_type": "TEXT",
                    "format_type": "본문",
                    "is_article_title": false,
                    "article": 2,
                    "paragraph": 1,
                    "subparagraph": 5
                },
                "content": {
                    "content_labels": [
                        "계약의 내용"
                    ],
                    "description": "⑤ 강연 내용:"
                }
            },
            {
                "id": "13",
                "format": {
                    "position": {
                        "line": "13"
                    },
                    "section_type": "TEXT",
                    "format_type": "본문",
                    "is_article_title": false,
                    "article": 2,
                    "paragraph": 1,
                    "subparagraph": 6
                },
                "content": {
                    "content_labels": [
                        "기타"
                    ],
                    "description": "⑥ 참가자 정보: (10인 이상)"
                }
            },
            {
                "id": "14",
                "format": {
                    "position": {
                        "line": "14"
                    },
                    "section_type": "TEXT",
                    "format_type": "본문",
                    "is_article_title": false,
                    "article": 2,
                    "paragraph": 2,
                    "subparagraph": null
                },
                "content": {
                    "content_labels": [
                        "업무 수행을 위한 협조, 협의"
                    ],
                    "description": "2) 회사와 강연자는 원활한 강연 용역 수행을 위하여 상호 협조하며, 회사가 강연자에게 회의 소집, 면담 등을 요청할 경우 강연자는 적시에 응하여야 한다."
                }
            },
            {
                "id": "15",
                "format": {
                    "position": {
                        "line": "15"
                    },
                    "section_type": "TEXT",
                    "format_type": "본문",
                    "is_article_title": true,
                    "article": 3,
                    "paragraph": null,
                    "subparagraph": null
                },
                "content": {
                    "content_labels": [
                        "계약금의 지급"
                    ],
                    "description": "제3조 (보수의 내용 및 지급 방법)"
                }
            },
            {
                "id": "16",
                "format": {
                    "position": {
                        "line": "16"
                    },
                    "section_type": "TEXT",
                    "format_type": "본문",
                    "is_article_title": false,
                    "article": 3,
                    "paragraph": 1,
                    "subparagraph": null
                },
                "content": {
                    "content_labels": [
                        "계약금의 지급"
                    ],
                    "description": "1) 회사는 강연자에게 본 계약에 따른 강연 수행의 대가(이하 “강연료”라 한다)로서 금 00만원(\\000,000, 제세공과금 포함)을 지급하며, 강연 완료 후 회사의 내부 규정에 따라 강연료를 지급하기로 한다."
                }
            },
            {
                "id": "17",
                "format": {
                    "position": {
                        "line": "17"
                    },
                    "section_type": "TEXT",
                    "format_type": "본문",
                    "is_article_title": false,
                    "article": 3,
                    "paragraph": 2,
                    "subparagraph": null
                },
                "content": {
                    "content_labels": [
                        "기타"
                    ],
                    "description": "2) 전항의 강연료 외에 강연자가 강연을 수행함으로 인하여 수반되어 지출한 교통비, 숙박비, 식비(이하 “경비”라 한다)는 ① 회사가 관련 법령의 범위 내에서 강연자에게 실비 지급한다. ② 전부 강연자가 부담한다."
                }
            },
            {
                "id": "18",
                "format": {
                    "position": {
                        "line": "18"
                    },
                    "section_type": "TEXT",
                    "format_type": "본문",
                    "is_article_title": false,
                    "article": 3,
                    "paragraph": 3,
                    "subparagraph": null
                },
                "content": {
                    "content_labels": [
                        "기타"
                    ],
                    "description": "3) 본 조의 규정에 따른 강연료 및 경비를 제외한 나머지 지출 및 비용은 전부 강연자가 부담한다."
                }
            },
            {
                "id": "19",
                "format": {
                    "position": {
                        "line": "19"
                    },
                    "section_type": "TEXT",
                    "format_type": "본문",
                    "is_article_title": true,
                    "article": 4,
                    "paragraph": null,
                    "subparagraph": null
                },
                "content": {
                    "content_labels": [
                        "계약의 효력"
                    ],
                    "description": "제4조 (효력의 발생)"
                }
            },
            {
                "id": "20",
                "format": {
                    "position": {
                        "line": "20"
                    },
                    "section_type": "TEXT",
                    "format_type": "본문",
                    "is_article_title": false,
                    "article": 4,
                    "paragraph": null,
                    "subparagraph": null
                },
                "content": {
                    "content_labels": [
                        "계약의 효력"
                    ],
                    "description": "본 계약은 계약체결일로부터 효력을 발생한다."
                }
            },
            {
                "id": "21",
                "format": {
                    "position": {
                        "line": "21"
                    },
                    "section_type": "TEXT",
                    "format_type": "본문",
                    "is_article_title": true,
                    "article": 5,
                    "paragraph": null,
                    "subparagraph": null
                },
                "content": {
                    "content_labels": [
                        "기타"
                    ],
                    "description": "제5조 ( 강연 자료의 제공 등 )"
                }
            },
            {
                "id": "22",
                "format": {
                    "position": {
                        "line": "22"
                    },
                    "section_type": "TEXT",
                    "format_type": "본문",
                    "is_article_title": false,
                    "article": 5,
                    "paragraph": 1,
                    "subparagraph": null
                },
                "content": {
                    "content_labels": [
                        "기타"
                    ],
                    "description": "1) 강연자는 강연과 관련한 제반 자료나 관련 서류,  참고 문헌 등(이하 “강연 자료”라 한다)을 강연일 1주일 전까지 회사에 제출하여야 한다."
                }
            },
            {
                "id": "23",
                "format": {
                    "position": {
                        "line": "23"
                    },
                    "section_type": "TEXT",
                    "format_type": "본문",
                    "is_article_title": false,
                    "article": 5,
                    "paragraph": 2,
                    "subparagraph": null
                },
                "content": {
                    "content_labels": [
                        "관계법령준수"
                    ],
                    "description": "2) 강연자는 회사에 제출한 강연 자료 및 실제 강연 내용이 관련 법령을 준수하고, 지식재산권 기타 제3자의 권리를 침해하지 않음을 진술 및 보증한다."
                }
            },
            {
                "id": "24",
                "format": {
                    "position": {
                        "line": "24"
                    },
                    "section_type": "TEXT",
                    "format_type": "본문",
                    "is_article_title": false,
                    "article": 5,
                    "paragraph": 3,
                    "subparagraph": null
                },
                "content": {
                    "content_labels": [
                        "관계법령준수"
                    ],
                    "description": "3) 회사가 강연 자료를 확인한 결과, 해당 내용으로 강연을 진행하는 경우 관련 법령에 위반될 여지가 있거나 해당 내용이 사실과 다른 경우, 회사는 강연자에게 해당 내용을 강연자료에서 삭제하고, 강연에서 사용하지 않을 것을 요청할 수 있으며, 강연자는 회사의 요청에 응하여야 한다."
                }
            },
            {
                "id": "25",
                "format": {
                    "position": {
                        "line": "25"
                    },
                    "section_type": "TEXT",
                    "format_type": "본문",
                    "is_article_title": false,
                    "article": 5,
                    "paragraph": 4,
                    "subparagraph": null
                },
                "content": {
                    "content_labels": [
                        "지적재산권"
                    ],
                    "description": "4) 회사는 강연자의 강연 내용 전부를 사진 촬영 및 녹음, 녹화, 기타의 방법으로 기록(복제)하고, 강연 내용을 요약하여 배포(전송)할 수 있다."
                }
            },
            {
                "id": "26",
                "format": {
                    "position": {
                        "line": "26"
                    },
                    "section_type": "TEXT",
                    "format_type": "본문",
                    "is_article_title": false,
                    "article": 5,
                    "paragraph": 5,
                    "subparagraph": null
                },
                "content": {
                    "content_labels": [
                        "관계법령준수"
                    ],
                    "description": "5) 강연자가 본 계약을 체결하고 강연을 수행함에 있어서 소속기관 기타 제 3자의 각종 권리사용 등 동의나 승인이 필요한 경우, 강연자는 본 계약 체결 전에 관련 절차를 완료하여야 한다."
                }
            },
            {
                "id": "27",
                "format": {
                    "position": {
                        "line": "27"
                    },
                    "section_type": "TEXT",
                    "format_type": "본문",
                    "is_article_title": false,
                    "article": 5,
                    "paragraph": 6,
                    "subparagraph": null
                },
                "content": {
                    "content_labels": [
                        "지적재산권"
                    ],
                    "description": "6) 강연 자료는 회사와 강연자의 공동 소유로 하며, 회사는 해당 강연 자료를 영업 및 마케팅 목적으로 활용할 수 있다."
                }
            },
            {
                "id": "28",
                "format": {
                    "position": {
                        "line": "28"
                    },
                    "section_type": "TEXT",
                    "format_type": "본문",
                    "is_article_title": true,
                    "article": 6,
                    "paragraph": null,
                    "subparagraph": null
                },
                "content": {
                    "content_labels": [
                        "기타"
                    ],
                    "description": "제6조 (불가항력)"
                }
            },
            {
                "id": "29",
                "format": {
                    "position": {
                        "line": "29"
                    },
                    "section_type": "TEXT",
                    "format_type": "본문",
                    "is_article_title": false,
                    "article": 6,
                    "paragraph": 1,
                    "subparagraph": null
                },
                "content": {
                    "content_labels": [
                        "계약 변경에 대한 합의"
                    ],
                    "description": "1. 갑과 을은 상호 합의 하에 본 계약을 해지 또는 변경할 수 있다."
                }
            },
            {
                "id": "30",
                "format": {
                    "position": {
                        "line": "30"
                    },
                    "section_type": "TEXT",
                    "format_type": "본문",
                    "is_article_title": false,
                    "article": 6,
                    "paragraph": 2,
                    "subparagraph": null
                },
                "content": {
                    "content_labels": [
                        "계약 변경에 대한 합의"
                    ],
                    "description": "2) 전항의 사유로 인해 공연이 취소된 경우 발생한 손해는 회사와 강연자의 상호 합의에 따라 처리한다."
                }
            },
            {
                "id": "31",
                "format": {
                    "position": {
                        "line": "31"
                    },
                    "section_type": "TEXT",
                    "format_type": "본문",
                    "is_article_title": true,
                    "article": 7,
                    "paragraph": null,
                    "subparagraph": null
                },
                "content": {
                    "content_labels": [
                        "지적재산권"
                    ],
                    "description": "제7조 (성과물의 귀속）"
                }
            },
            {
                "id": "32",
                "format": {
                    "position": {
                        "line": "32"
                    },
                    "section_type": "TEXT",
                    "format_type": "본문",
                    "is_article_title": false,
                    "article": 7,
                    "paragraph": null,
                    "subparagraph": null
                },
                "content": {
                    "content_labels": [
                        "지적재산권"
                    ],
                    "description": "본 계약에 의거하여 발생한 성과물의 사용, 수익 및 처분에 관한 일체의 권리는 회사에 귀속한다."
                }
            },
            {
                "id": "33",
                "format": {
                    "position": {
                        "line": "33"
                    },
                    "section_type": "TEXT",
                    "format_type": "본문",
                    "is_article_title": true,
                    "article": 8,
                    "paragraph": null,
                    "subparagraph": null
                },
                "content": {
                    "content_labels": [
                        "지적재산권"
                    ],
                    "description": "제8조 ( 저작권 )"
                }
            },
            {
                "id": "34",
                "format": {
                    "position": {
                        "line": "34"
                    },
                    "section_type": "TEXT",
                    "format_type": "본문",
                    "is_article_title": false,
                    "article": 8,
                    "paragraph": 1,
                    "subparagraph": null
                },
                "content": {
                    "content_labels": [
                        "지적재산권"
                    ],
                    "description": "1) 성과물에 포함되는 저작물의 저작권(법령에 명시된 저작재산권 관련 제반 사항 일체를 포함한다. 이하 같다.)은 강연자로부터 회사에 양도되는 것으로 하고, 강연자는 이후 회사에 초상권 및 저작인격권의 주장을 일체 하지 아니한다."
                }
            },
            {
                "id": "35",
                "format": {
                    "position": {
                        "line": "35"
                    },
                    "section_type": "TEXT",
                    "format_type": "본문",
                    "is_article_title": false,
                    "article": 8,
                    "paragraph": 2,
                    "subparagraph": null
                },
                "content": {
                    "content_labels": [
                        "지적재산권"
                    ],
                    "description": "2) 전항의 규정에도 불구하고, 성과물 중의 저작물에 강연자가 본 계약 체결 이전에 보유하고 있던 저작물이 포함되는 경우, 해당 저작물의 저작권은 강연자에게 귀속한다. 단, 강연자는 회사에 대하여 해당 저작물을 사용, 복제, 전송, 2차적 저작물을 작성하여 사용, 복제, 전송할 수 있는 비독점적인 사용을 허락한다."
                }
            },
            {
                "id": "36",
                "format": {
                    "position": {
                        "line": "36"
                    },
                    "section_type": "TEXT",
                    "format_type": "본문",
                    "is_article_title": true,
                    "article": 9,
                    "paragraph": null,
                    "subparagraph": null
                },
                "content": {
                    "content_labels": [
                        "계약의 해제, 해지"
                    ],
                    "description": "제9조 (계약의 해제 또는 해지)"
                }
            },
            {
                "id": "37",
                "format": {
                    "position": {
                        "line": "37"
                    },
                    "section_type": "TEXT",
                    "format_type": "본문",
                    "is_article_title": false,
                    "article": 9,
                    "paragraph": 1,
                    "subparagraph": null
                },
                "content": {
                    "content_labels": [
                        "계약의 해제, 해지"
                    ],
                    "description": "1) 회사 또는 강연자는 다음 각 호의 어느 하나에 해당하는 사실이 발생한 경우에 상대방에게 서면 통지함으로써 본 계약을 해제 또는 해지할 수 있다."
                }
            },
            {
                "id": "38",
                "format": {
                    "position": {
                        "line": "38"
                    },
                    "section_type": "TEXT",
                    "format_type": "본문",
                    "is_article_title": false,
                    "article": 9,
                    "paragraph": 1,
                    "subparagraph": 1
                },
                "content": {
                    "content_labels": [
                        "계약의 해제, 해지"
                    ],
                    "description": "① 회사 또는 강연자가 회생ㆍ파산, 주요 자산의 강제 경매, 감독 관청으로부터 영업 및 면허자격 정지ㆍ취소 처분 또는 이에 준하는 법적 절차로 인하여 본 계약의 이행이 어려운 경우"
                }
            },
            {
                "id": "39",
                "format": {
                    "position": {
                        "line": "39"
                    },
                    "section_type": "TEXT",
                    "format_type": "본문",
                    "is_article_title": false,
                    "article": 9,
                    "paragraph": 1,
                    "subparagraph": 2
                },
                "content": {
                    "content_labels": [
                        "계약의 해제, 해지"
                    ],
                    "description": "② 강연자가 본 계약 상의 제반 의무를 위반하여 회사의 시정 요청을 받았음에도, 10 영업일 이내에 이를 시정하지 아니하는 경우"
                }
            },
            {
                "id": "40",
                "format": {
                    "position": {
                        "line": "40"
                    },
                    "section_type": "TEXT",
                    "format_type": "본문",
                    "is_article_title": false,
                    "article": 9,
                    "paragraph": 1,
                    "subparagraph": 3
                },
                "content": {
                    "content_labels": [
                        "계약의 해제, 해지"
                    ],
                    "description": "③ 기타의 사유로 인하여 강연 진행 상황이 현저하게 지체되거나, 본 계약의 목적을 달성할 수 없는 사실이 객관적으로 명백한 경우"
                }
            },
            {
                "id": "41",
                "format": {
                    "position": {
                        "line": "41"
                    },
                    "section_type": "TEXT",
                    "format_type": "본문",
                    "is_article_title": false,
                    "article": 9,
                    "paragraph": 2,
                    "subparagraph": null
                },
                "content": {
                    "content_labels": [
                        "계약의 해제, 해지"
                    ],
                    "description": "2) 어느 일방이 합리적으로 통제할 수 없는 천재지변, 폭동, 전쟁, 소요 사태, 정부(지방자치단체 포함)의 규제, 노동쟁의 등 불가항력으로 인하여 계약 상의 의무를 이행하지 못하는 경우에는 각 당사자는 상호 간 책임 및 채무를 부담하지 않는다."
                }
            },
            {
                "id": "42",
                "format": {
                    "position": {
                        "line": "42"
                    },
                    "section_type": "TEXT",
                    "format_type": "본문",
                    "is_article_title": false,
                    "article": 9,
                    "paragraph": 3,
                    "subparagraph": null
                },
                "content": {
                    "content_labels": [
                        "계약의 해제, 해지",
                        "손해배상의 예정"
                    ],
                    "description": "3) 본 계약이 어느 일방의 귀책사유로 인해 해제 또는 해지된 경우, 책임 있는 당사자는 법령의 범위 내에서 계약 해제 또는 해지로 인한 손해를 배상하여야 한다."
                }
            },
            {
                "id": "43",
                "format": {
                    "position": {
                        "line": "43"
                    },
                    "section_type": "TEXT",
                    "format_type": "본문",
                    "is_article_title": false,
                    "article": 9,
                    "paragraph": 4,
                    "subparagraph": null
                },
                "content": {
                    "content_labels": [
                        "계약의 해제, 해지",
                        "손해배상의 예정"
                    ],
                    "description": "4) 본 계약에 대한 해제권 또는 해지권의 행사는 계약 상대방에 대한 손해배상청구권 행사에 영향을 미치지 아니한다."
                }
            },
            {
                "id": "44",
                "format": {
                    "position": {
                        "line": "44"
                    },
                    "section_type": "TEXT",
                    "format_type": "본문",
                    "is_article_title": true,
                    "article": 10,
                    "paragraph": null,
                    "subparagraph": null
                },
                "content": {
                    "content_labels": [
                        "손해배상의 예정"
                    ],
                    "description": "제10조 (손해배상)"
                }
            },
            {
                "id": "45",
                "format": {
                    "position": {
                        "line": "45"
                    },
                    "section_type": "TEXT",
                    "format_type": "본문",
                    "is_article_title": false,
                    "article": 10,
                    "paragraph": 1,
                    "subparagraph": null
                },
                "content": {
                    "content_labels": [
                        "손해배상의 예정"
                    ],
                    "description": "1) 회사 또는 강연자가 정당한 사유 없이 본 계약을 위반함으로써 계약 상대방에게 손해를 입힌 때에는 책임 있는 당사자는 법령의 범위 내에서 계약 상대방에게 손해를 배상하여야 한다."
                }
            },
            {
                "id": "46",
                "format": {
                    "position": {
                        "line": "46"
                    },
                    "section_type": "TEXT",
                    "format_type": "본문",
                    "is_article_title": false,
                    "article": 10,
                    "paragraph": 2,
                    "subparagraph": null
                },
                "content": {
                    "content_labels": [
                        "손해배상의 예정"
                    ],
                    "description": "2) 본 계약 이행과 관련하여 강연자에게 제3자로부터 클레임, 손해 배상 청구 또는 소송이 제기된 경우, 강연자는 자신의 비용과 책임으로 해결하고, 회사를 방어하여야 한다."
                }
            },
            {
                "id": "47",
                "format": {
                    "position": {
                        "line": "47"
                    },
                    "section_type": "TEXT",
                    "format_type": "본문",
                    "is_article_title": false,
                    "article": 10,
                    "paragraph": 3,
                    "subparagraph": null
                },
                "content": {
                    "content_labels": [
                        "손해배상의 예정"
                    ],
                    "description": "3) 강연자의 책임 있는 사유로 인하여 제3자로부터 회사에 클레임, 손해 배상 청구 또는 소송이 제기된 경우, 강연자는 회사에 변호사 수임료를 비롯한 소송 비용 및 관련 손해를 배상하여야 한다."
                }
            },
            {
                "id": "48",
                "format": {
                    "position": {
                        "line": "48"
                    },
                    "section_type": "TEXT",
                    "format_type": "본문",
                    "is_article_title": true,
                    "article": 11,
                    "paragraph": null,
                    "subparagraph": null
                },
                "content": {
                    "content_labels": [
                        "비밀 유지"
                    ],
                    "description": "제11조 (비밀유지)"
                }
            },
            {
                "id": "49",
                "format": {
                    "position": {
                        "line": "49"
                    },
                    "section_type": "TEXT",
                    "format_type": "본문",
                    "is_article_title": false,
                    "article": 11,
                    "paragraph": 1,
                    "subparagraph": null
                },
                "content": {
                    "content_labels": [
                        "비밀 유지"
                    ],
                    "description": "1) 본 계약상 “비밀정보”라 함은, 본 계약과 관련하여 또는 본 계약의 이행에 있어 회사가 강연자에게 공개하였거나, 강연자가 지득한 회사의 정보로서 기술, 발명, 제품 정보, 노하우, 사업계획, 고객 정보 등을 포함하되 이에 국한되지는 않으며, 서면, 구두, 전자적 방식 등 형태를 불문한다."
                }
            },
            {
                "id": "50",
                "format": {
                    "position": {
                        "line": "50"
                    },
                    "section_type": "TEXT",
                    "format_type": "본문",
                    "is_article_title": false,
                    "article": 11,
                    "paragraph": 2,
                    "subparagraph": null
                },
                "content": {
                    "content_labels": [
                        "비밀 유지"
                    ],
                    "description": "2) 강연자는 전항의 비밀정보를 회사의 사전 서면 동의 없이 본 계약 상 제반 의무의 이행 이외의 목적으로 사용하거나 제3자에게 누설하여서는 아니된다. 본 계약에 따라 강연자가 부담하게 되는 비밀유지 및 비밀정보 사용제한의 의무는 당사자들이 별도의 서면으로 합의하지 않는 한 본 계약 종료 후에도 계속 유지된다."
                }
            },
            {
                "id": "51",
                "format": {
                    "position": {
                        "line": "51"
                    },
                    "section_type": "TEXT",
                    "format_type": "본문",
                    "is_article_title": false,
                    "article": 11,
                    "paragraph": 3,
                    "subparagraph": null
                },
                "content": {
                    "content_labels": [
                        "비밀 유지",
                        "면책"
                    ],
                    "description": "3) 다음의 정보는 비밀정보로 간주되지 아니한다. (a) 회사가 강연자에게 공개하기 전에 이미 대중에게 공개되었거나, 회사의 정보 공개 시점 이후라 하더라도 강연자의 고의 또는 과실에 의하지 않고 공지의 사실로 대중에게 공개된 정보, (b) 관련 법령에 의하여 정보 공개가 강제적으로 요구되는 경우 또는 법원이나 정부 또는 감독기관의 명령이 있는 경우. 단, 이러한 경우 강연자는 회사가 비밀정보 보호를 위한 다른 수단을 강구할 수 있도록 해당 사실을 신속하게 회사에 통지하고, 법령에 따라 요구되는 필요 최소 한도 내에서 정보를 제공하는 등 필요한 모든 조치를 하여야 한다."
                }
            },
            {
                "id": "52",
                "format": {
                    "position": {
                        "line": "52"
                    },
                    "section_type": "TEXT",
                    "format_type": "본문",
                    "is_article_title": false,
                    "article": 11,
                    "paragraph": 4,
                    "subparagraph": null
                },
                "content": {
                    "content_labels": [
                        "비밀 유지"
                    ],
                    "description": "4) 강연자가 본 계약 상의 비밀유지의무를 위반하여 비밀정보가 공개되는 경우, 강연자는 이로 인하여 회사에 영업상 중대한 손실이 발생할 수 있음을 숙지하였음을 확인하며, 회사가 입은 손해를 전부 배상하여야 한다."
                }
            },
            {
                "id": "53",
                "format": {
                    "position": {
                        "line": "53"
                    },
                    "section_type": "TEXT",
                    "format_type": "본문",
                    "is_article_title": true,
                    "article": 12,
                    "paragraph": null,
                    "subparagraph": null
                },
                "content": {
                    "content_labels": [
                        "계약기간"
                    ],
                    "description": "제12조 (계약기간)"
                }
            },
            {
                "id": "54",
                "format": {
                    "position": {
                        "line": "54"
                    },
                    "section_type": "TEXT",
                    "format_type": "본문",
                    "is_article_title": false,
                    "article": 12,
                    "paragraph": 1,
                    "subparagraph": null
                },
                "content": {
                    "content_labels": [
                        "계약기간",
                        "계약의 효력"
                    ],
                    "description": "1) 본 계약은 계약 체결일로부터 효력이 발생되며, ① 제6조에 따라 강연을 마친 후 회사가 강연자에게 강연료를 지급하면 본 계약은 종료한다. ② 0000년 00월 00일까지 유효하다. 다만, 회사 또는 강연자에 대하여 본 계약 체결에 관련한 권리 의무가 남아 있는 한 본 계약의 효력은 존속한다."
                }
            },
            {
                "id": "55",
                "format": {
                    "position": {
                        "line": "55"
                    },
                    "section_type": "TEXT",
                    "format_type": "본문",
                    "is_article_title": false,
                    "article": 12,
                    "paragraph": 2,
                    "subparagraph": null
                },
                "content": {
                    "content_labels": [
                        "계약의 효력"
                    ],
                    "description": "2) 본 계약서 제4조 (강연자료의 제공 등) 4항 및 제5항 제5조 (성과물의 귀속), 제6조 (저작권), 제9조 (비밀유지), 제13조 (준거법 및 분쟁의 해결)의 규정은 본 계약의 만료 또는 해제ㆍ해지 이후에도 그 효력을 유지한다."
                }
            },
            {
                "id": "56",
                "format": {
                    "position": {
                        "line": "56"
                    },
                    "section_type": "TEXT",
                    "format_type": "본문",
                    "is_article_title": true,
                    "article": 13,
                    "paragraph": null,
                    "subparagraph": null
                },
                "content": {
                    "content_labels": [
                        "권리의 양도, 처분 금지"
                    ],
                    "description": "제13조 (양도 금지)"
                }
            },
            {
                "id": "57",
                "format": {
                    "position": {
                        "line": "57"
                    },
                    "section_type": "TEXT",
                    "format_type": "본문",
                    "is_article_title": false,
                    "article": 13,
                    "paragraph": null,
                    "subparagraph": null
                },
                "content": {
                    "content_labels": [
                        "권리의 양도, 처분 금지"
                    ],
                    "description": "각 당사자는 계약 상대방의 사전 서면 동의 없이 본 계약 상의 권리 또는 의무의 일부 또는 전부를 제3자에게 양도, 담보 제공, 기타의 방법으로 처분하거나 이를 위임하지 못한다."
                }
            },
            {
                "id": "58",
                "format": {
                    "position": {
                        "line": "58"
                    },
                    "section_type": "TEXT",
                    "format_type": "본문",
                    "is_article_title": true,
                    "article": 14,
                    "paragraph": null,
                    "subparagraph": null
                },
                "content": {
                    "content_labels": [
                        "계약 변경에 대한 합의"
                    ],
                    "description": "제14조 (계약의 변경)"
                }
            },
            {
                "id": "59",
                "format": {
                    "position": {
                        "line": "59"
                    },
                    "section_type": "TEXT",
                    "format_type": "본문",
                    "is_article_title": false,
                    "article": 14,
                    "paragraph": null,
                    "subparagraph": null
                },
                "content": {
                    "content_labels": [
                        "계약 변경에 대한 합의"
                    ],
                    "description": "본 계약의 수정이나 변경은 양 당사자의 정당한 대표자가 기명 날인 또는 서명한 서면 합의에 의한다."
                }
            },
            {
                "id": "60",
                "format": {
                    "position": {
                        "line": "60"
                    },
                    "section_type": "TEXT",
                    "format_type": "본문",
                    "is_article_title": true,
                    "article": 15,
                    "paragraph": null,
                    "subparagraph": null
                },
                "content": {
                    "content_labels": [
                        "준거법"
                    ],
                    "description": "제15조 (준거법 및 분쟁의 해결)"
                }
            },
            {
                "id": "61",
                "format": {
                    "position": {
                        "line": "61"
                    },
                    "section_type": "TEXT",
                    "format_type": "본문",
                    "is_article_title": false,
                    "article": 15,
                    "paragraph": 1,
                    "subparagraph": null
                },
                "content": {
                    "content_labels": [
                        "준거법"
                    ],
                    "description": "1) 본 계약은 대한민국법에 의하여 해석되며, 본 계약과 관련하여 당사자들 사이에 분쟁이 발생한 경우 우호적으로 분쟁을 해결하기 위하여 노력하여야 한다."
                }
            },
            {
                "id": "62",
                "format": {
                    "position": {
                        "line": "62"
                    },
                    "section_type": "TEXT",
                    "format_type": "본문",
                    "is_article_title": false,
                    "article": 15,
                    "paragraph": 2,
                    "subparagraph": null
                },
                "content": {
                    "content_labels": [
                        "관할법원"
                    ],
                    "description": "2) 전항의 규정에도 불구하고 분쟁이 해결되지 않은 경우, (@관할)법원을 1심 관할로 하여 소를 제기할 수 있다."
                }
            },
            {
                "id": "63",
                "format": {
                    "position": {
                        "line": "63"
                    },
                    "section_type": "TEXT",
                    "format_type": "후문",
                    "is_article_title": false,
                    "article": null,
                    "paragraph": null,
                    "subparagraph": null
                },
                "content": {
                    "content_labels": [
                        "계약서의 교부"
                    ],
                    "description": "본 계약의 체결을 증명하기 위해, 양 당사자는 위 계약서 2부를 작성하여 기명∙날인하고 각각 1부씩 보관한다."
                }
            },
            {
                "id": "64",
                "format": {
                    "position": {
                        "line": "64"
                    },
                    "section_type": "TEXT",
                    "format_type": "기타",
                    "is_article_title": false,
                    "article": null,
                    "paragraph": null,
                    "subparagraph": null
                },
                "content": {
                    "content_labels": [
                        "기타"
                    ],
                    "description": "[첨부 문서 1] (@첨부자료)\n[첨부 문서 2] (@첨부자료)\n[첨부 문서 3] (@첨부자료)"
                }
            },
            {
                "id": "65",
                "format": {
                    "position": {
                        "line": "65"
                    },
                    "section_type": "TEXT",
                    "format_type": "날짜",
                    "is_article_title": false,
                    "article": null,
                    "paragraph": null,
                    "subparagraph": null
                },
                "content": {
                    "content_labels": [
                        "계약 체결 일자"
                    ],
                    "description": "년 월 일"
                }
            },
            {
                "id": "66",
                "format": {
                    "position": {
                        "line": "66"
                    },
                    "section_type": "TEXT",
                    "format_type": "기명날인",
                    "is_article_title": false,
                    "article": null,
                    "paragraph": null,
                    "subparagraph": null
                },
                "content": {
                    "content_labels": [
                        "회사의 인적사항",
                        "회사의 기명날인"
                    ],
                    "description": "회사\n상 호: (@회사명 1)\n주 소: (@주소 1)\n전화번호: (@전화번호)\n대표이사: (@성명 1) (인)"
                }
            },
            {
                "id": "67",
                "format": {
                    "position": {
                        "line": "67"
                    },
                    "section_type": "TEXT",
                    "format_type": "기명날인",
                    "is_article_title": false,
                    "article": null,
                    "paragraph": null,
                    "subparagraph": null
                },
                "content": {
                    "content_labels": [
                        "피고용인의 인적사항"
                    ],
                    "description": "강연자\n성 명:\n주민등록번호:\n전화번호:\n주 소:"
                }
            }
        ]
    }
}