{
    "document": {
        "type": "계약 법률 문서",
        "metadata": {
            "file_info": {
                "document_name": "기타고용계약서_0275",
                "document_size": "222kb",
                "document_page_count": "4",
                "document_total_ids": "52",
                "document_format": "pdf",
                "document_creation_date": "2024-10-29",
                "document_category": {
                    "main_category": "인사_고용_노무",
                    "sub_category": "고용계약",
                    "detail_category": "기타고용계약서"
                },
                "additional_info": {
                    "related_law": "저작권법, 문화산업진흥 기본법",
                    "document_purpose": "음반기획제작자와 가수 간의 음반 및 연예활동 전반에 관한 전속계약을 체결하여 상호 이익과 발전을 도모하고, 문화산업의 발전과 국민의 건전한 여가 선용 및 정서 함양에 이바지하기 위함",
                    "document_use_case": "음반 제작 및 기획, 연예활동 등에서 음반기획제작자와 가수 간의 권리와 의무를 명확히 하여 계약을 체결할 때 활용. 특히 음반 발매, 콘서트, 방송 출연 등 연예활동 전반에서 가수의 활동을 체계적으로 관리하고 지원하기 위해 사용됨.",
                    "public_domain_sources": null
                }
            }
        },
        "sections": [
            {
                "id": "1",
                "format": {
                    "position": {
                        "line": "1"
                    },
                    "section_type": "TEXT",
                    "format_type": "제목",
                    "is_article_title": false,
                    "article": null,
                    "paragraph": null,
                    "subparagraph": null
                },
                "content": {
                    "content_labels": [
                        "기타"
                    ],
                    "description": "전 속 계 약 서"
                }
            },
            {
                "id": "2",
                "format": {
                    "position": {
                        "line": "2"
                    },
                    "section_type": "TEXT",
                    "format_type": "서문",
                    "is_article_title": false,
                    "article": null,
                    "paragraph": null,
                    "subparagraph": null
                },
                "content": {
                    "content_labels": [
                        "계약의 당사자"
                    ],
                    "description": "본 규정은 사단법인 (@회사명1)에서 공인한 음반기획제작자와 가수와의 음반 및 연예활동 전반에 관련한 전속계약서이다."
                }
            },
            {
                "id": "3",
                "format": {
                    "position": {
                        "line": "3"
                    },
                    "section_type": "TEXT",
                    "format_type": "서문",
                    "is_article_title": false,
                    "article": null,
                    "paragraph": null,
                    "subparagraph": null
                },
                "content": {
                    "content_labels": [
                        "계약의 당사자"
                    ],
                    "description": "“ “ (이하 ‘甲’이라 한다)[과, 와] “ “ (이하‘乙’이라 한다)[는, 은] 다음의 각 조, 항과 같이 전속계약을 체결함에 있어 상호 신의성실로서 이를 이행함은 물론, 나아가 문화산업으로서 우리 가요의 진정한 발전과 국민의 건전한 여가 선용 및 정서 함양에도 이바지하고자 한다."
                }
            },
            {
                "id": "4",
                "format": {
                    "position": {
                        "line": "4"
                    },
                    "section_type": "TEXT",
                    "format_type": "본문",
                    "is_article_title": true,
                    "article": 1,
                    "paragraph": null,
                    "subparagraph": null
                },
                "content": {
                    "content_labels": [
                        "계약의 목적"
                    ],
                    "description": "제1조 목적"
                }
            },
            {
                "id": "5",
                "format": {
                    "position": {
                        "line": "5"
                    },
                    "section_type": "TEXT",
                    "format_type": "본문",
                    "is_article_title": false,
                    "article": 1,
                    "paragraph": null,
                    "subparagraph": null
                },
                "content": {
                    "content_labels": [
                        "계약의 목적"
                    ],
                    "description": "甲과 乙은 대등한 독립의 당사자로서 상호의 이익과 발전을 위하여 적극 협력함을 전제로, 乙은 연예인으로서 최선의 노력을 통한 재능과 자질을 발휘하여 자기 발전을 도모함은 물론, 공인으로서의 명예와 명성을 소중히 하여야 하며, 甲은 음반기획제작자로서 乙의 재능과 자질이 잘 발휘될 수 있도록 최선을 다함으로써 상호 이익을 도모함에 그 목적이 있다."
                }
            },
            {
                "id": "6",
                "format": {
                    "position": {
                        "line": "6"
                    },
                    "section_type": "TEXT",
                    "format_type": "본문",
                    "is_article_title": true,
                    "article": 2,
                    "paragraph": null,
                    "subparagraph": null
                },
                "content": {
                    "content_labels": [
                        "계약의 당사자"
                    ],
                    "description": "제2조 계약의 당사자"
                }
            },
            {
                "id": "7",
                "format": {
                    "position": {
                        "line": "7"
                    },
                    "section_type": "TEXT",
                    "format_type": "본문",
                    "is_article_title": false,
                    "article": 2,
                    "paragraph": null,
                    "subparagraph": null
                },
                "content": {
                    "content_labels": [
                        "계약의 당사자"
                    ],
                    "description": "乙이 그룹 기타 다수인으로 구성된 경우, 그 개개인을 이 계약의 당사자로 한다."
                }
            },
            {
                "id": "8",
                "format": {
                    "position": {
                        "line": "8"
                    },
                    "section_type": "TEXT",
                    "format_type": "본문",
                    "is_article_title": true,
                    "article": 3,
                    "paragraph": null,
                    "subparagraph": null
                },
                "content": {
                    "content_labels": [
                        "계약기간",
                        "계약의 효력"
                    ],
                    "description": "제3조 계약기간 및 효력범위"
                }
            },
            {
                "id": "9",
                "format": {
                    "position": {
                        "line": "9"
                    },
                    "section_type": "TEXT",
                    "format_type": "본문",
                    "is_article_title": false,
                    "article": 3,
                    "paragraph": 1,
                    "subparagraph": null
                },
                "content": {
                    "content_labels": [
                        "계약기간",
                        "계약의 효력"
                    ],
                    "description": "1. 이 계약은 체결일로부터 효력이 있으며, 계약의 만료는 첫 번째 음반 출반일로부터 만 년( 개월)까지로 한다.\n단, 甲과 乙은 이 계약기간 동안 음반을 [ ]매(기획음반 예외) 이상 발매하여야 하며, 마지막 음반은 음반이라는 매체의 특수성을 감안하여 최소한 계약기간 만료일 [ ]개월 전에 출반하여야 한다. 그러하지 않을 경우에는 마지막 음반의 출반시점을 기산점으로 하여 [ ]개월을 더한 기간을 계약기간의 잔여기간으로 자동 산정한다."
                }
            },
            {
                "id": "10",
                "format": {
                    "position": {
                        "line": "10"
                    },
                    "section_type": "TEXT",
                    "format_type": "본문",
                    "is_article_title": false,
                    "article": 3,
                    "paragraph": 2,
                    "subparagraph": null
                },
                "content": {
                    "content_labels": [
                        "계약기간",
                        "손해배상의 예정"
                    ],
                    "description": "2. 계약기간 중 乙이 장기 국외 출장이나 군복무 및 건강상의 요양, 기타 사유로 인하여 장기간 연예활동을 할 수 없는 경우에는 그 기간만큼 계약기간이 자동 연장된다.\n단, 계약 당시에 乙의 사전 고지나 협의가 없음으로 인한 甲의 일방적 손해가 발생될 시에는 甲은 제9조 단서와 제1항 제1호를 연동하여 이를 선행 할 수 있으며, 제10조에 의한 손해배상을 청구할 수 있다."
                }
            },
            {
                "id": "11",
                "format": {
                    "position": {
                        "line": "11"
                    },
                    "section_type": "TEXT",
                    "format_type": "본문",
                    "is_article_title": false,
                    "article": 3,
                    "paragraph": 3,
                    "subparagraph": null
                },
                "content": {
                    "content_labels": [
                        "계약기간",
                        "통지의무"
                    ],
                    "description": "3. 甲 또는 乙이 이 계약의 갱신을 원하지 아니하는 경우에는 계약기간 만료일 [ ]개월 전까지 상대방에게 그 의사를 통지하여야 한다. 그러한 통지를 하지 아니한 경우에는 계약기간 만료일 익일부터 [ ]년간 이 계약과 동일한 조건으로 계약이 자동 연장되며, 그 후의 경우에도 동일하다."
                }
            },
            {
                "id": "12",
                "format": {
                    "position": {
                        "line": "12"
                    },
                    "section_type": "TEXT",
                    "format_type": "본문",
                    "is_article_title": false,
                    "article": 3,
                    "paragraph": 4,
                    "subparagraph": null
                },
                "content": {
                    "content_labels": [
                        "계약의 효력"
                    ],
                    "description": "4. 이 계약은 국내뿐만 아니라 국외에서도 유효하다."
                }
            },
            {
                "id": "13",
                "format": {
                    "position": {
                        "line": "13"
                    },
                    "section_type": "TEXT",
                    "format_type": "본문",
                    "is_article_title": true,
                    "article": 4,
                    "paragraph": null,
                    "subparagraph": null
                },
                "content": {
                    "content_labels": [
                        "계약의 내용"
                    ],
                    "description": "제4조 甲의 의무"
                }
            },
            {
                "id": "14",
                "format": {
                    "position": {
                        "line": "14"
                    },
                    "section_type": "TEXT",
                    "format_type": "본문",
                    "is_article_title": false,
                    "article": 4,
                    "paragraph": 1,
                    "subparagraph": null
                },
                "content": {
                    "content_labels": [
                        "계약의 내용"
                    ],
                    "description": "1. 甲이 기획하고 제작하는 乙의 음반 및 연예활동 전반에 있어 가창, 저작(작사, 작곡, 편곡 등), 연주, 연기, 무용 등에 따른 재능과 자질의 발휘와 기능의 습득 및 향상을 위하여 필요한 경우 적절한 교육의 기회와 장소를 지원한다."
                }
            },
            {
                "id": "15",
                "format": {
                    "position": {
                        "line": "15"
                    },
                    "section_type": "TEXT",
                    "format_type": "본문",
                    "is_article_title": false,
                    "article": 4,
                    "paragraph": 2,
                    "subparagraph": null
                },
                "content": {
                    "content_labels": [
                        "계약의 내용"
                    ],
                    "description": "2. 甲은 乙의 방송프로그램, 콘서트, 이벤트, 광고(CF), 영화, 연극, 사진촬영, 캐릭터, 출판물, 기타 연예활동에 대한 기획, 구성, 연출, 관리 등과 이에 따른 제3자와의 계약 체결 및 금액의 청구와 수령을 하여야 하며, 乙에 대하여 제8조를 준용한 이의 정산과 분배의 의무를 진다."
                }
            },
            {
                "id": "16",
                "format": {
                    "position": {
                        "line": "16"
                    },
                    "section_type": "TEXT",
                    "format_type": "본문",
                    "is_article_title": false,
                    "article": 4,
                    "paragraph": 3,
                    "subparagraph": null
                },
                "content": {
                    "content_labels": [
                        "계약의 내용"
                    ],
                    "description": "3. 甲은 乙에 대한 적극적인 홍보와 선전을 위한 활동을 하여야 한다."
                }
            },
            {
                "id": "17",
                "format": {
                    "position": {
                        "line": "17"
                    },
                    "section_type": "TEXT",
                    "format_type": "본문",
                    "is_article_title": true,
                    "article": 5,
                    "paragraph": null,
                    "subparagraph": null
                },
                "content": {
                    "content_labels": [
                        "계약의 내용"
                    ],
                    "description": "제5조 甲의 권리"
                }
            },
            {
                "id": "18",
                "format": {
                    "position": {
                        "line": "18"
                    },
                    "section_type": "TEXT",
                    "format_type": "본문",
                    "is_article_title": false,
                    "article": 5,
                    "paragraph": 1,
                    "subparagraph": null
                },
                "content": {
                    "content_labels": [
                        "지적재산권"
                    ],
                    "description": "1. 이 계약에서의 음반은 乙의 가창을 전제로 기획되고 제작되는 매체이며, 계약기간 중 甲의 인적 물적인 투자로 乙의 유형무형의 실연 및 저작을 담은 음반(음이 유형물에 고정되어 재생될 수 있도록 제작된 마스터 및 신소재를 포함한 일체)과 뮤직비디오(음반의 음원과 영상이 유형물에 고정되어 재생될 수 있도록 제작된 마스터 및 신소재를 포함한 일체)에 대하여 저작권법상의 음반제작자가 가지는 권리(복제, 배포, 대여 및 디지털 환경이 수용된 권리 포함) 및 영상저작물에 대한 제작자로서의 권리와 이의 편집과 재판매를 포함하여 이 계약서에 의해 생성되는 저작물 및 콘텐츠에 대한 사용과 수익처분에 있어 甲의 독점적 권리로 귀속한다."
                }
            },
            {
                "id": "19",
                "format": {
                    "position": {
                        "line": "19"
                    },
                    "section_type": "TEXT",
                    "format_type": "본문",
                    "is_article_title": false,
                    "article": 5,
                    "paragraph": 2,
                    "subparagraph": null
                },
                "content": {
                    "content_labels": [
                        "기타"
                    ],
                    "description": "2. 甲은 乙의 성명, 예명, 각인, 필적(서명), 사진, 주민등록증 사본, 주민등록등본 등을 계약 및 이에 준한 것에 사용할 권리를 가진다."
                }
            },
            {
                "id": "20",
                "format": {
                    "position": {
                        "line": "20"
                    },
                    "section_type": "TEXT",
                    "format_type": "본문",
                    "is_article_title": true,
                    "article": 6,
                    "paragraph": null,
                    "subparagraph": null
                },
                "content": {
                    "content_labels": [
                        "계약의 내용"
                    ],
                    "description": "제6조 乙의 의무"
                }
            },
            {
                "id": "21",
                "format": {
                    "position": {
                        "line": "21"
                    },
                    "section_type": "TEXT",
                    "format_type": "본문",
                    "is_article_title": false,
                    "article": 6,
                    "paragraph": 1,
                    "subparagraph": null
                },
                "content": {
                    "content_labels": [
                        "신의성실"
                    ],
                    "description": "1. 乙은 甲이 이 계약서에 있어서의 권리를 취함에 있어 성실히 임해야 할 의무를 진다."
                }
            },
            {
                "id": "22",
                "format": {
                    "position": {
                        "line": "22"
                    },
                    "section_type": "TEXT",
                    "format_type": "본문",
                    "is_article_title": false,
                    "article": 6,
                    "paragraph": 2,
                    "subparagraph": null
                },
                "content": {
                    "content_labels": [
                        "계약의 내용"
                    ],
                    "description": "2. 乙은 계약기간 중 甲과 계약을 체결하지 아니한 제3자를 위해 이 계약서에 있어서의 甲의 독점적 권리를 침해하는 활동을 하여서는 아니된다. 단, 甲과의 사전 협의에 의한 승낙을 얻은 경우에는 그러하지 아니한다."
                }
            },
            {
                "id": "23",
                "format": {
                    "position": {
                        "line": "23"
                    },
                    "section_type": "TEXT",
                    "format_type": "본문",
                    "is_article_title": true,
                    "article": 7,
                    "paragraph": null,
                    "subparagraph": null
                },
                "content": {
                    "content_labels": [
                        "계약의 내용"
                    ],
                    "description": "제7조 乙의 권리"
                }
            },
            {
                "id": "24",
                "format": {
                    "position": {
                        "line": "24"
                    },
                    "section_type": "TEXT",
                    "format_type": "본문",
                    "is_article_title": false,
                    "article": 7,
                    "paragraph": 1,
                    "subparagraph": null
                },
                "content": {
                    "content_labels": [
                        "계약의 내용"
                    ],
                    "description": "1. 乙은 甲이 기획하고 제작하는 乙의 음반 및 연예활동 전반에 있어 가창, 저작(작사, 작곡, 편곡 등), 연주, 연기, 무용 등에 따른 재능과 자질의 발휘와 기능의 습득 및 향상을 위하여 필요한 경우 적절한 교육의 기회와 장소를 지원받을 권리가 있다."
                }
            },
            {
                "id": "25",
                "format": {
                    "position": {
                        "line": "25"
                    },
                    "section_type": "TEXT",
                    "format_type": "본문",
                    "is_article_title": false,
                    "article": 7,
                    "paragraph": 2,
                    "subparagraph": null
                },
                "content": {
                    "content_labels": [
                        "계약의 내용"
                    ],
                    "description": "2. 乙은 방송프로그램, 콘서트, 이벤트, 광고(CF), 영화, 연극, 사진촬영, 캐릭터, 출판물, 기타 연예활동에  대한 甲의 기획, 구성, 연출, 관리 등과 관련하여 甲이 행하는 제3자와의 계약 체결 및 금액의 청구와 수령에 있어 제8조를 준용한 이의 정산과 분배받을 권리를 가진다."
                }
            },
            {
                "id": "26",
                "format": {
                    "position": {
                        "line": "26"
                    },
                    "section_type": "TEXT",
                    "format_type": "본문",
                    "is_article_title": true,
                    "article": 8,
                    "paragraph": null,
                    "subparagraph": null
                },
                "content": {
                    "content_labels": [
                        "계약금의 지급"
                    ],
                    "description": "제8조 이익의 분배"
                }
            },
            {
                "id": "27",
                "format": {
                    "position": {
                        "line": "27"
                    },
                    "section_type": "TEXT",
                    "format_type": "본문",
                    "is_article_title": false,
                    "article": 8,
                    "paragraph": 1,
                    "subparagraph": null
                },
                "content": {
                    "content_labels": [
                        "계약금의 지급"
                    ],
                    "description": "1. 이 계약서를 통해 얻는 모든 수입은 일단 甲에게 귀속되며, 甲은 그 수입금에서 제비용을 제한 나머지의 일정률을 乙에게 지급하여야 한다."
                }
            },
            {
                "id": "28",
                "format": {
                    "position": {
                        "line": "28"
                    },
                    "section_type": "TEXT",
                    "format_type": "본문",
                    "is_article_title": false,
                    "article": 8,
                    "paragraph": 2,
                    "subparagraph": null
                },
                "content": {
                    "content_labels": [
                        "계약금의 지급"
                    ],
                    "description": "2. 이 조의 제1항 분배에 관한 구체적 합의사항은 별도의 보수 및 비용 부담 약정서에 의한다."
                }
            },
            {
                "id": "29",
                "format": {
                    "position": {
                        "line": "29"
                    },
                    "section_type": "TEXT",
                    "format_type": "본문",
                    "is_article_title": true,
                    "article": 9,
                    "paragraph": null,
                    "subparagraph": null
                },
                "content": {
                    "content_labels": [
                        "계약의 해제, 해지"
                    ],
                    "description": "제9조 계약의 해제 또는 해지"
                }
            },
            {
                "id": "30",
                "format": {
                    "position": {
                        "line": "30"
                    },
                    "section_type": "TEXT",
                    "format_type": "본문",
                    "is_article_title": false,
                    "article": 9,
                    "paragraph": 1,
                    "subparagraph": null
                },
                "content": {
                    "content_labels": [
                        "계약의 해제, 해지"
                    ],
                    "description": "1. 甲은 다음 각 호의 사유로 이 계약을 해제 또는 해지할 수 있다.\n단, 乙이 건강상의 이유로 이 계약의 이행을 하지 못하는 경우에는 甲은 이 계약을 해제 또는 해지하기 전에 [  ]개월 이상의 예고 기간을 두어야 한다."
                }
            },
            {
                "id": "31",
                "format": {
                    "position": {
                        "line": "31"
                    },
                    "section_type": "TEXT",
                    "format_type": "본문",
                    "is_article_title": false,
                    "article": 9,
                    "paragraph": 1,
                    "subparagraph": 1
                },
                "content": {
                    "content_labels": [
                        "계약의 해제, 해지"
                    ],
                    "description": "① 乙이 건강상이나 기타의 이유로 이 계약에 따른 의무를 이행하지 못할 경우"
                }
            },
            {
                "id": "32",
                "format": {
                    "position": {
                        "line": "32"
                    },
                    "section_type": "TEXT",
                    "format_type": "본문",
                    "is_article_title": false,
                    "article": 9,
                    "paragraph": 1,
                    "subparagraph": 2
                },
                "content": {
                    "content_labels": [
                        "계약의 해제, 해지"
                    ],
                    "description": "② 乙이 공인으로써 사생활이 불건전하거나 기타 품행이 나쁜 경우"
                }
            },
            {
                "id": "33",
                "format": {
                    "position": {
                        "line": "33"
                    },
                    "section_type": "TEXT",
                    "format_type": "본문",
                    "is_article_title": false,
                    "article": 9,
                    "paragraph": 1,
                    "subparagraph": 3
                },
                "content": {
                    "content_labels": [
                        "계약의 해제, 해지"
                    ],
                    "description": "③ 乙이 甲의 신용과 명예를 훼손한 경우"
                }
            },
            {
                "id": "34",
                "format": {
                    "position": {
                        "line": "34"
                    },
                    "section_type": "TEXT",
                    "format_type": "본문",
                    "is_article_title": false,
                    "article": 9,
                    "paragraph": 1,
                    "subparagraph": 4
                },
                "content": {
                    "content_labels": [
                        "계약의 해제, 해지"
                    ],
                    "description": "④ 乙이 이 계약을 고의로 위반한 경우"
                }
            },
            {
                "id": "35",
                "format": {
                    "position": {
                        "line": "35"
                    },
                    "section_type": "TEXT",
                    "format_type": "본문",
                    "is_article_title": false,
                    "article": 9,
                    "paragraph": 2,
                    "subparagraph": null
                },
                "content": {
                    "content_labels": [
                        "계약의 해제, 해지"
                    ],
                    "description": "2. 乙은 다음 각 호의 사유로 이 계약을 해제 또는 해지할 수 있다."
                }
            },
            {
                "id": "36",
                "format": {
                    "position": {
                        "line": "36"
                    },
                    "section_type": "TEXT",
                    "format_type": "본문",
                    "is_article_title": false,
                    "article": 9,
                    "paragraph": 2,
                    "subparagraph": 1
                },
                "content": {
                    "content_labels": [
                        "계약의 해제, 해지"
                    ],
                    "description": "① 甲이 도산 및 폐업으로 말미암아 이 계약에 따른 의무를 이행하지 못할 경우"
                }
            },
            {
                "id": "37",
                "format": {
                    "position": {
                        "line": "37"
                    },
                    "section_type": "TEXT",
                    "format_type": "본문",
                    "is_article_title": false,
                    "article": 9,
                    "paragraph": 2,
                    "subparagraph": 2
                },
                "content": {
                    "content_labels": [
                        "계약의 해제, 해지"
                    ],
                    "description": "② 甲이 乙의 신용과 명예를 훼손한 경우"
                }
            },
            {
                "id": "38",
                "format": {
                    "position": {
                        "line": "38"
                    },
                    "section_type": "TEXT",
                    "format_type": "본문",
                    "is_article_title": false,
                    "article": 9,
                    "paragraph": 2,
                    "subparagraph": 3
                },
                "content": {
                    "content_labels": [
                        "계약의 해제, 해지"
                    ],
                    "description": "③ 甲이 이 계약을 고의로 위반한 경우"
                }
            },
            {
                "id": "39",
                "format": {
                    "position": {
                        "line": "39"
                    },
                    "section_type": "TEXT",
                    "format_type": "본문",
                    "is_article_title": true,
                    "article": 10,
                    "paragraph": null,
                    "subparagraph": null
                },
                "content": {
                    "content_labels": [
                        "손해배상의 예정"
                    ],
                    "description": "제10조 손해배상"
                }
            },
            {
                "id": "40",
                "format": {
                    "position": {
                        "line": "40"
                    },
                    "section_type": "TEXT",
                    "format_type": "본문",
                    "is_article_title": false,
                    "article": 10,
                    "paragraph": 1,
                    "subparagraph": null
                },
                "content": {
                    "content_labels": [
                        "손해배상의 예정",
                        "면책"
                    ],
                    "description": "1. 제9조 제1항 각 호의 1에 해당하는 경우 乙은 甲에 대하여 甲이 이 계약의 해제 또는 해지로 인하여 입게 된 모든 손해를 배상하여야 한다.\n단, 위 계약의 해제 또는 해지사유가 乙의 귀책사유에 의한 것이 아닌 경우에는 그러하지 아니한다."
                }
            },
            {
                "id": "41",
                "format": {
                    "position": {
                        "line": "41"
                    },
                    "section_type": "TEXT",
                    "format_type": "본문",
                    "is_article_title": false,
                    "article": 10,
                    "paragraph": 2,
                    "subparagraph": null
                },
                "content": {
                    "content_labels": [
                        "손해배상의 예정",
                        "면책"
                    ],
                    "description": "2. 제9조 제2항 각 호의 1에 해당하는 경우 甲은 乙에 대하여 乙이 이 계약의 해제 또는 해지로 인하여 입게 된 모든 손해를 배상하여야 한다.\n단, 위 계약의 해제 또는 해지사유가 甲의 귀책사유에 의한 것이 아닌 경우에는 그러하지 아니한다."
                }
            },
            {
                "id": "42",
                "format": {
                    "position": {
                        "line": "42"
                    },
                    "section_type": "TEXT",
                    "format_type": "본문",
                    "is_article_title": false,
                    "article": 10,
                    "paragraph": 3,
                    "subparagraph": null
                },
                "content": {
                    "content_labels": [
                        "손해배상의 예정"
                    ],
                    "description": "3. 乙이 제6조를 위반하여 甲에게 손해를 입게 한 경우 乙은 甲에 대하여 그 모든 손해를 배상하여야 한다."
                }
            },
            {
                "id": "43",
                "format": {
                    "position": {
                        "line": "43"
                    },
                    "section_type": "TEXT",
                    "format_type": "본문",
                    "is_article_title": true,
                    "article": 11,
                    "paragraph": null,
                    "subparagraph": null
                },
                "content": {
                    "content_labels": [
                        "관할법원"
                    ],
                    "description": "제11조 재판관할"
                }
            },
            {
                "id": "44",
                "format": {
                    "position": {
                        "line": "44"
                    },
                    "section_type": "TEXT",
                    "format_type": "본문",
                    "is_article_title": false,
                    "article": 11,
                    "paragraph": null,
                    "subparagraph": null
                },
                "content": {
                    "content_labels": [
                        "관할법원"
                    ],
                    "description": "이 계약에 관한 분쟁이 있을 시 甲과 乙은 (@관할)법원을 합의관할로 한다."
                }
            },
            {
                "id": "45",
                "format": {
                    "position": {
                        "line": "45"
                    },
                    "section_type": "TEXT",
                    "format_type": "본문",
                    "is_article_title": true,
                    "article": 12,
                    "paragraph": null,
                    "subparagraph": null
                },
                "content": {
                    "content_labels": [
                        "기타"
                    ],
                    "description": "제12조 기타"
                }
            },
            {
                "id": "46",
                "format": {
                    "position": {
                        "line": "46"
                    },
                    "section_type": "TEXT",
                    "format_type": "본문",
                    "is_article_title": false,
                    "article": 12,
                    "paragraph": 1,
                    "subparagraph": null
                },
                "content": {
                    "content_labels": [
                        "기타"
                    ],
                    "description": "1. 乙은 이 계약서에 자필 서명과 자신의 인장을 날인하고 주민등록등본을 2부 첨부하여야 한다."
                }
            },
            {
                "id": "47",
                "format": {
                    "position": {
                        "line": "47"
                    },
                    "section_type": "TEXT",
                    "format_type": "본문",
                    "is_article_title": false,
                    "article": 12,
                    "paragraph": 2,
                    "subparagraph": null
                },
                "content": {
                    "content_labels": [
                        "기타"
                    ],
                    "description": "2. 이 계약과 관련한 모든 통지와 청구 및 쌍방의 권리와 의무에 관한 확인은 문서로써 한다."
                }
            },
            {
                "id": "48",
                "format": {
                    "position": {
                        "line": "48"
                    },
                    "section_type": "TEXT",
                    "format_type": "날짜",
                    "is_article_title": false,
                    "article": null,
                    "paragraph": null,
                    "subparagraph": null
                },
                "content": {
                    "content_labels": [
                        "계약 체결 일자"
                    ],
                    "description": "*계약체결 일시: 年 月 日"
                }
            },
            {
                "id": "49",
                "format": {
                    "position": {
                        "line": "49"
                    },
                    "section_type": "TEXT",
                    "format_type": "기타",
                    "is_article_title": false,
                    "article": null,
                    "paragraph": null,
                    "subparagraph": null
                },
                "content": {
                    "content_labels": [
                        "기타"
                    ],
                    "description": "*계약체결 장소:"
                }
            },
            {
                "id": "50",
                "format": {
                    "position": {
                        "line": "50"
                    },
                    "section_type": "TEXT",
                    "format_type": "기명날인",
                    "is_article_title": false,
                    "article": null,
                    "paragraph": null,
                    "subparagraph": null
                },
                "content": {
                    "content_labels": [
                        "회사의 인적사항",
                        "회사의 기명날인"
                    ],
                    "description": "*甲의 상호 및 주소:\n*甲의 성명 및 서명/날인:"
                }
            },
            {
                "id": "51",
                "format": {
                    "position": {
                        "line": "51"
                    },
                    "section_type": "TEXT",
                    "format_type": "기명날인",
                    "is_article_title": false,
                    "article": null,
                    "paragraph": null,
                    "subparagraph": null
                },
                "content": {
                    "content_labels": [
                        "피고용인의 인적사항",
                        "피고용인의 기명날인"
                    ],
                    "description": "*乙의 주소:\n*乙의 성명 및 서명/날인:\n*乙의 주민등록 번호:"
                }
            },
            {
                "id": "52",
                "format": {
                    "position": {
                        "line": "52"
                    },
                    "section_type": "TEXT",
                    "format_type": "기명날인",
                    "is_article_title": false,
                    "article": null,
                    "paragraph": null,
                    "subparagraph": null
                },
                "content": {
                    "content_labels": [
                        "기타"
                    ],
                    "description": "(필요시)\n*乙의 보증인 주소:\n*乙의 보증인 성명 및 서명/날인:\n*乙의 보증인 주민등록 번호:"
                }
            }
        ]
    }
}