{
    "document": {
        "type": "계약 법률 문서",
        "metadata": {
            "file_info": {
                "document_name": "기타고용계약서_0269",
                "document_size": "332kb",
                "document_page_count": "9",
                "document_total_ids": "103",
                "document_format": "pdf",
                "document_creation_date": "2024-11-07",
                "document_category": {
                    "main_category": "인사_고용_노무",
                    "sub_category": "고용계약",
                    "detail_category": "기타고용계약서"
                },
                "additional_info": {
                    "related_law": "대중문화예술산업발전법, 저작권법, 상법",
                    "document_purpose": "연예산업에서 사용자와 연예인 간의 계약 조건, 권리, 의무를 명확히 규정하고 계약 이행을 보장하기 위함",
                    "document_use_case": "연예 기획사와 소속 연예인 간의 전속계약을 체결할 때 활용. 특히 연예인의 활동 지원, 수익 분배, 계약 기간, 권리 및 의무를 명확히 하기 위해 사용됨.",
                    "public_domain_sources": null
                }
            }
        },
        "sections": [
            {
                "id": "1",
                "format": {
                    "position": {
                        "line": "1"
                    },
                    "section_type": "TEXT",
                    "format_type": "제목",
                    "is_article_title": false,
                    "article": null,
                    "paragraph": null,
                    "subparagraph": null
                },
                "content": {
                    "content_labels": [
                        "기타"
                    ],
                    "description": "전  속  계  약  서"
                }
            },
            {
                "id": "2",
                "format": {
                    "position": {
                        "line": "2"
                    },
                    "section_type": "TEXT",
                    "format_type": "서문",
                    "is_article_title": false,
                    "article": null,
                    "paragraph": null,
                    "subparagraph": null
                },
                "content": {
                    "content_labels": [
                        "회사의 인적사항"
                    ],
                    "description": "갑 : (@회사명1) 주식회사 대표이사 (@성명1)"
                }
            },
            {
                "id": "3",
                "format": {
                    "position": {
                        "line": "3"
                    },
                    "section_type": "TEXT",
                    "format_type": "서문",
                    "is_article_title": false,
                    "article": null,
                    "paragraph": null,
                    "subparagraph": null
                },
                "content": {
                    "content_labels": [
                        "피고용인의 인적사항"
                    ],
                    "description": "을 : (@성명2)"
                }
            },
            {
                "id": "4",
                "format": {
                    "position": {
                        "line": "4"
                    },
                    "section_type": "TEXT",
                    "format_type": "서문",
                    "is_article_title": false,
                    "article": null,
                    "paragraph": null,
                    "subparagraph": null
                },
                "content": {
                    "content_labels": [
                        "계약의 당사자"
                    ],
                    "description": "<(@회사명1) 주식회사> (이하 ‘갑’이라 한다)와 아티스트 (@성명2)(이하 ‘을’이라 한다)은 다음과 같이 전속계약을 체결하고 성실히 이행하기로 상호 간에 합의한다."
                }
            },
            {
                "id": "5",
                "format": {
                    "position": {
                        "line": "5"
                    },
                    "section_type": "TEXT",
                    "format_type": "본문",
                    "is_article_title": true,
                    "article": 1,
                    "paragraph": null,
                    "subparagraph": null
                },
                "content": {
                    "content_labels": [
                        "계약의 목적"
                    ],
                    "description": "제1조 : 계약의 목적"
                }
            },
            {
                "id": "6",
                "format": {
                    "position": {
                        "line": "6"
                    },
                    "section_type": "TEXT",
                    "format_type": "본문",
                    "is_article_title": false,
                    "article": 1,
                    "paragraph": 1,
                    "subparagraph": null
                },
                "content": {
                    "content_labels": [
                        "계약의 목적"
                    ],
                    "description": "1) 본 계약은 계약기간 동안 ‘을’이 국내 및 해외에서 ‘갑’의 전속 아티스트로 활동하고, ‘갑’은 ‘을’의 연예활동을 지원하되, ‘을’의 연예활동 관련 계약에 대한 교섭 및 체결의 독점적 권한을 ‘갑’에게 위임하고, ‘갑’과 ‘을’ 상호 간에 ‘을’의 연예활동에서 발생하는 수익 및 권리를 분배함을 그 목적으로 한다."
                }
            },
            {
                "id": "7",
                "format": {
                    "position": {
                        "line": "7"
                    },
                    "section_type": "TEXT",
                    "format_type": "본문",
                    "is_article_title": false,
                    "article": 1,
                    "paragraph": 2,
                    "subparagraph": null
                },
                "content": {
                    "content_labels": [
                        "계약의 목적",
                        "용어의 정의"
                    ],
                    "description": "2) 연예활동이라 함은 국내와 해외를 불문하고 ‘을’의 대중문화예술인으로서의 활동 일체, ‘을’이 대중문화예술인으로서 보유한 지적재산권, 초상권, 퍼블리시티권과 관련한 영리 및 비영리 활동 일체, 위 활동의 준비행위 및 부수행위 일체를 의미하며, 다음 사항을 포함한다."
                }
            },
            {
                "id": "8",
                "format": {
                    "position": {
                        "line": "8"
                    },
                    "section_type": "TEXT",
                    "format_type": "본문",
                    "is_article_title": false,
                    "article": 1,
                    "paragraph": 2,
                    "subparagraph": null
                },
                "content": {
                    "content_labels": [
                        "용어의 정의"
                    ],
                    "description": "(@구체적 사실)"
                }
            },
            {
                "id": "9",
                "format": {
                    "position": {
                        "line": "9"
                    },
                    "section_type": "TEXT",
                    "format_type": "본문",
                    "is_article_title": true,
                    "article": 2,
                    "paragraph": null,
                    "subparagraph": null
                },
                "content": {
                    "content_labels": [
                        "계약의 내용"
                    ],
                    "description": "제2조 : 계약의 내용"
                }
            },
            {
                "id": "10",
                "format": {
                    "position": {
                        "line": "10"
                    },
                    "section_type": "TEXT",
                    "format_type": "본문",
                    "is_article_title": false,
                    "article": 2,
                    "paragraph": 1,
                    "subparagraph": null
                },
                "content": {
                    "content_labels": [
                        "계약의 내용"
                    ],
                    "description": "1) (@구체적 사실)"
                }
            },
            {
                "id": "11",
                "format": {
                    "position": {
                        "line": "11"
                    },
                    "section_type": "TEXT",
                    "format_type": "본문",
                    "is_article_title": false,
                    "article": 2,
                    "paragraph": 2,
                    "subparagraph": null
                },
                "content": {
                    "content_labels": [
                        "계약의 내용"
                    ],
                    "description": "2) ‘갑’은 전항의 권한을 행사함에 있어 ‘을’의 명예나 기타 ‘을’의 인격권이 훼손되는 방식으로 행사하여서는 아니된다."
                }
            },
            {
                "id": "12",
                "format": {
                    "position": {
                        "line": "12"
                    },
                    "section_type": "TEXT",
                    "format_type": "본문",
                    "is_article_title": true,
                    "article": 3,
                    "paragraph": null,
                    "subparagraph": null
                },
                "content": {
                    "content_labels": [
                        "계약의 효력"
                    ],
                    "description": "제3조 : 계약기간의 효력범위"
                }
            },
            {
                "id": "13",
                "format": {
                    "position": {
                        "line": "13"
                    },
                    "section_type": "TEXT",
                    "format_type": "본문",
                    "is_article_title": false,
                    "article": 3,
                    "paragraph": 1,
                    "subparagraph": null
                },
                "content": {
                    "content_labels": [
                        "계약의 효력"
                    ],
                    "description": "1) (@구체적 사실)"
                }
            },
            {
                "id": "14",
                "format": {
                    "position": {
                        "line": "14"
                    },
                    "section_type": "TEXT",
                    "format_type": "본문",
                    "is_article_title": false,
                    "article": 3,
                    "paragraph": 2,
                    "subparagraph": null
                },
                "content": {
                    "content_labels": [
                        "계약의 효력"
                    ],
                    "description": "2) (@구체적 사실)"
                }
            },
            {
                "id": "15",
                "format": {
                    "position": {
                        "line": "15"
                    },
                    "section_type": "TEXT",
                    "format_type": "본문",
                    "is_article_title": false,
                    "article": 3,
                    "paragraph": 3,
                    "subparagraph": null
                },
                "content": {
                    "content_labels": [
                        "계약의 해제, 해지"
                    ],
                    "description": "3) 계약기간 중 ‘갑’의 사전 동의 하에 ‘을’이 장기 해외출장이나, 유학, 군 복무, 건강상의 요양사유로 인하여 장기간 연예 활동을 할 수 없는 경우, 계약기간은 그 기간만큼 자동 연장된다. 단, ‘을’의 건강상의 요양사유가 3년 이상의 집중적 치료(연예활동과 치료를 병행할 수 없음을 의미한다)를 요할 것으로 판단되어 ‘을’이 이에 대한 진단서 등 증빙을 제출하는 경우 본 계약은 그 즉시 종료된다."
                }
            },
            {
                "id": "16",
                "format": {
                    "position": {
                        "line": "16"
                    },
                    "section_type": "TEXT",
                    "format_type": "본문",
                    "is_article_title": false,
                    "article": 3,
                    "paragraph": 4,
                    "subparagraph": null
                },
                "content": {
                    "content_labels": [
                        "계약 변경에 대한 합의"
                    ],
                    "description": "4) ‘갑’은 ‘을’의 사전 서면동의를 얻은 후 이 계약상 권리 또는 지위의 전부 또는 일부를 제3자에게 양도하거나 해지할 수 있다."
                }
            },
            {
                "id": "17",
                "format": {
                    "position": {
                        "line": "17"
                    },
                    "section_type": "TEXT",
                    "format_type": "본문",
                    "is_article_title": true,
                    "article": 4,
                    "paragraph": null,
                    "subparagraph": null
                },
                "content": {
                    "content_labels": [
                        "계약 변경에 대한 합의"
                    ],
                    "description": "제4조 : 계약의 연장"
                }
            },
            {
                "id": "18",
                "format": {
                    "position": {
                        "line": "18"
                    },
                    "section_type": "TEXT",
                    "format_type": "본문",
                    "is_article_title": false,
                    "article": 4,
                    "paragraph": null,
                    "subparagraph": null
                },
                "content": {
                    "content_labels": [
                        "계약 변경에 대한 합의"
                    ],
                    "description": "계약만기 시점이 되면 계약 종료 [ ]개월 전까지 재계약여부를 쌍방이 논의하여 서면으로 합의함을 원칙으로 한다. ‘갑’과 ‘을’이 계약 종료 [ ]개월 전까지 타방에 대하여 이의를 제기하지 아니하는 경우, 계약기간은 [ ]년간 자동연장 된다."
                }
            },
            {
                "id": "19",
                "format": {
                    "position": {
                        "line": "19"
                    },
                    "section_type": "TEXT",
                    "format_type": "본문",
                    "is_article_title": true,
                    "article": 5,
                    "paragraph": null,
                    "subparagraph": null
                },
                "content": {
                    "content_labels": [
                        "계약금의 지급"
                    ],
                    "description": "제5조 : 전속 계약금의 지급"
                }
            },
            {
                "id": "20",
                "format": {
                    "position": {
                        "line": "20"
                    },
                    "section_type": "TEXT",
                    "format_type": "본문",
                    "is_article_title": false,
                    "article": 5,
                    "paragraph": 1,
                    "subparagraph": null
                },
                "content": {
                    "content_labels": [
                        "계약금의 지급"
                    ],
                    "description": "1) ‘갑’은 전속에 따른 계약금을 계약일로부터 [ ]개월 내에 ‘을’에게 지급한다. 계약금은 일금 (@금액)원 ((@금액)- 원천징수 공제 전 금액임)으로 한다. ‘을’은 위 계약금이 계약기간 동안 ‘을’이 ‘갑’에게 전속되어 있음을 조건으로 그 대가를 선급하는 것임을 확인하며, 여하한 사유로 '을’이 ‘갑’에게 전속된 관계가 유지되지 않거나 본 계약이 중도에 종료되는 경우 ‘을’은 계약금 및 이에 대한 지급시로부터 상사법정이율에 의한 이자액을 ‘갑’에게 반환하기로 한다. 이때 ‘을’이 반환할 계약금은 전체 계약기간 중 ‘을’이 ‘갑’에 전속되어 있지 아니한 기간에 비례하여 산정한다. 단, ‘갑’ 회사의 해산이나 기타 ‘갑’의 귀책사유로 ‘갑’이 본 계약을 정상적으로 유지할 수 없는 상황이 발생할 경우, ‘을’은 ‘갑’에게 계약의 해지를 통보할 수 있으며, 이 경우 ‘을’은 계약금 반환의무가 없다."
                }
            },
            {
                "id": "21",
                "format": {
                    "position": {
                        "line": "21"
                    },
                    "section_type": "TEXT",
                    "format_type": "본문",
                    "is_article_title": false,
                    "article": 5,
                    "paragraph": 2,
                    "subparagraph": null
                },
                "content": {
                    "content_labels": [
                        "신의성실"
                    ],
                    "description": "2)  ‘을’은 대한민국의 세법에 따라 계약금과 관련한 납세의 의무를 성실히 이행한다."
                }
            },
            {
                "id": "22",
                "format": {
                    "position": {
                        "line": "22"
                    },
                    "section_type": "TEXT",
                    "format_type": "본문",
                    "is_article_title": true,
                    "article": 6,
                    "paragraph": null,
                    "subparagraph": null
                },
                "content": {
                    "content_labels": [
                        "계약의 내용"
                    ],
                    "description": "제6조 : ‘갑’과 ‘을’의 역할"
                }
            },
            {
                "id": "23",
                "format": {
                    "position": {
                        "line": "23"
                    },
                    "section_type": "TEXT",
                    "format_type": "본문",
                    "is_article_title": false,
                    "article": 6,
                    "paragraph": 1,
                    "subparagraph": null
                },
                "content": {
                    "content_labels": [
                        "계약의 내용"
                    ],
                    "description": "1) (@구체적 사실)"
                }
            },
            {
                "id": "24",
                "format": {
                    "position": {
                        "line": "24"
                    },
                    "section_type": "TEXT",
                    "format_type": "본문",
                    "is_article_title": false,
                    "article": 6,
                    "paragraph": 2,
                    "subparagraph": null
                },
                "content": {
                    "content_labels": [
                        "계약의 해제, 해지"
                    ],
                    "description": "2) (@구체적 사실)하는 경우 본 계약은 종료된다."
                }
            },
            {
                "id": "25",
                "format": {
                    "position": {
                        "line": "25"
                    },
                    "section_type": "TEXT",
                    "format_type": "본문",
                    "is_article_title": false,
                    "article": 6,
                    "paragraph": 3,
                    "subparagraph": null
                },
                "content": {
                    "content_labels": [
                        "신의성실"
                    ],
                    "description": "3) ‘을’은 본 계약과 관련된 모든 매출 현황, 비용, 순수익금 등에 관한 데이터를 ‘갑’에게 요청할 수 있으며, ‘갑’은 이에 성실히 응해야 한다."
                }
            },
            {
                "id": "26",
                "format": {
                    "position": {
                        "line": "26"
                    },
                    "section_type": "TEXT",
                    "format_type": "본문",
                    "is_article_title": false,
                    "article": 6,
                    "paragraph": 4,
                    "subparagraph": null
                },
                "content": {
                    "content_labels": [
                        "신의성실"
                    ],
                    "description": "4) (@구체적 사실)의 성공을 통해 상호간의 공동이익을 극대화하기 위하여 최선을 다한다."
                }
            },
            {
                "id": "27",
                "format": {
                    "position": {
                        "line": "27"
                    },
                    "section_type": "TEXT",
                    "format_type": "본문",
                    "is_article_title": false,
                    "article": 6,
                    "paragraph": 5,
                    "subparagraph": null
                },
                "content": {
                    "content_labels": [
                        "계약의 내용"
                    ],
                    "description": "5) (@구체적 사실)"
                }
            },
            {
                "id": "28",
                "format": {
                    "position": {
                        "line": "28"
                    },
                    "section_type": "TEXT",
                    "format_type": "본문",
                    "is_article_title": false,
                    "article": 6,
                    "paragraph": 6,
                    "subparagraph": null
                },
                "content": {
                    "content_labels": [
                        "업무 수행을 위한 협조, 협의"
                    ],
                    "description": "6) (@구체적 사실)이 계약서의 근본 취지에 벗어날 경우 ‘을’은 이의를 제기할 수 있고, ‘갑’과 ‘을’은 서로 협의하여 해결한다."
                }
            },
            {
                "id": "29",
                "format": {
                    "position": {
                        "line": "29"
                    },
                    "section_type": "TEXT",
                    "format_type": "본문",
                    "is_article_title": false,
                    "article": 6,
                    "paragraph": 7,
                    "subparagraph": null
                },
                "content": {
                    "content_labels": [
                        "업무 수행을 위한 협조, 협의"
                    ],
                    "description": "7) (@구체적 사실)이 계약서의 근본 취지에 벗어날 경우 ‘을’은 이의를 제기할 수 있고, ‘갑’과 ‘을’은 서로 협의하여 해결한다."
                }
            },
            {
                "id": "30",
                "format": {
                    "position": {
                        "line": "30"
                    },
                    "section_type": "TEXT",
                    "format_type": "본문",
                    "is_article_title": false,
                    "article": 6,
                    "paragraph": 8,
                    "subparagraph": null
                },
                "content": {
                    "content_labels": [
                        "계약의 내용"
                    ],
                    "description": "8) (@구체적 사실)"
                }
            },
            {
                "id": "31",
                "format": {
                    "position": {
                        "line": "31"
                    },
                    "section_type": "TEXT",
                    "format_type": "본문",
                    "is_article_title": false,
                    "article": 6,
                    "paragraph": 9,
                    "subparagraph": null
                },
                "content": {
                    "content_labels": [
                        "업무 수행을 위한 협조, 협의"
                    ],
                    "description": "9)  ‘을’의 연예활동을 제3자가 침해하거나 방해하는 경우 ‘갑’은 그 침해나 방해를 배제하기 위한 필요한 조치를 취하되, 필요한 조치의 구체적 방안 및 정도에 대해서는 ‘갑’이 ‘을’과 협의하여 결정한다."
                }
            },
            {
                "id": "32",
                "format": {
                    "position": {
                        "line": "32"
                    },
                    "section_type": "TEXT",
                    "format_type": "본문",
                    "is_article_title": true,
                    "article": 7,
                    "paragraph": null,
                    "subparagraph": null
                },
                "content": {
                    "content_labels": [
                        "계약의 내용"
                    ],
                    "description": "제7조 : ‘을’ 의 전속의무 등"
                }
            },
            {
                "id": "33",
                "format": {
                    "position": {
                        "line": "33"
                    },
                    "section_type": "TEXT",
                    "format_type": "본문",
                    "is_article_title": false,
                    "article": 7,
                    "paragraph": 1,
                    "subparagraph": null
                },
                "content": {
                    "content_labels": [
                        "지적재산권",
                        "계약의 내용"
                    ],
                    "description": "1) ‘을’은 ‘을’의 연예활동 일체에 대한 제반 법적인 권리를 본 계약에 의하여 독점적으로 ‘갑’에게 위임한다. ‘을’이 ‘갑’에게 위임한 제반 법적인 권리라 함은 본 계약기간 내에 기간, 지역, 기타의 어떠한 제한 없이 제작권, 복제권, 편집권, 판매권, 출판권, 초상권 기타의 사용, 수익, 처분에 관한 모든 권리를 의미한다. 또한, ‘을’은 ‘갑’의 귀책사유가 없을 시 일방적으로 계약을 해제 기타 종료시키는 행위를 하여서는 안 된다."
                }
            },
            {
                "id": "34",
                "format": {
                    "position": {
                        "line": "34"
                    },
                    "section_type": "TEXT",
                    "format_type": "본문",
                    "is_article_title": false,
                    "article": 7,
                    "paragraph": 2,
                    "subparagraph": null
                },
                "content": {
                    "content_labels": [
                        "통지의무",
                        "계약의 내용"
                    ],
                    "description": "2) (@구체적 사실)하여서는 아니되며, 정당한 부동의 사유가 있는 경우에 ‘갑’은 그 사유를 ‘을’에게 통지해야 한다."
                }
            },
            {
                "id": "35",
                "format": {
                    "position": {
                        "line": "35"
                    },
                    "section_type": "TEXT",
                    "format_type": "본문",
                    "is_article_title": false,
                    "article": 7,
                    "paragraph": 3,
                    "subparagraph": null
                },
                "content": {
                    "content_labels": [
                        "업무 수행을 위한 협조, 협의"
                    ],
                    "description": "3) (@구체적 사실)이 계약서의 근본 취지에 벗어날 경우 ‘을’은 이의를 제기할 수 있고, ‘갑’과 ‘을’은 서로 협의하여 해결한다."
                }
            },
            {
                "id": "36",
                "format": {
                    "position": {
                        "line": "36"
                    },
                    "section_type": "TEXT",
                    "format_type": "본문",
                    "is_article_title": false,
                    "article": 7,
                    "paragraph": 4,
                    "subparagraph": null
                },
                "content": {
                    "content_labels": [
                        "계약의 내용"
                    ],
                    "description": "4) (@구체적 사실)"
                }
            },
            {
                "id": "37",
                "format": {
                    "position": {
                        "line": "37"
                    },
                    "section_type": "TEXT",
                    "format_type": "본문",
                    "is_article_title": false,
                    "article": 7,
                    "paragraph": 5,
                    "subparagraph": null
                },
                "content": {
                    "content_labels": [
                        "계약의 내용"
                    ],
                    "description": "5) ‘을’은 계약종료 후 [  ]년간 ‘갑’이 개발 제작한 콘텐츠와 유사한 콘텐츠를 제작 사용 판매할 수 없다."
                }
            },
            {
                "id": "38",
                "format": {
                    "position": {
                        "line": "38"
                    },
                    "section_type": "TEXT",
                    "format_type": "본문",
                    "is_article_title": true,
                    "article": 8,
                    "paragraph": null,
                    "subparagraph": null
                },
                "content": {
                    "content_labels": [
                        "계약의 내용"
                    ],
                    "description": "제8조 : 로열티"
                }
            },
            {
                "id": "39",
                "format": {
                    "position": {
                        "line": "39"
                    },
                    "section_type": "TEXT",
                    "format_type": "본문",
                    "is_article_title": false,
                    "article": 8,
                    "paragraph": null,
                    "subparagraph": null
                },
                "content": {
                    "content_labels": [
                        "계약의 내용"
                    ],
                    "description": "국내 및 해외의 모든 수익금은 ‘갑’이 관리하며, 수익금의 배분에 대해서는 다음과 같이 ‘갑’과 ’을’이 상호 합의한다."
                }
            },
            {
                "id": "40",
                "format": {
                    "position": {
                        "line": "40"
                    },
                    "section_type": "TEXT",
                    "format_type": "본문",
                    "is_article_title": false,
                    "article": 8,
                    "paragraph": 1,
                    "subparagraph": null
                },
                "content": {
                    "content_labels": [
                        "계약의 내용",
                        "계약금의 지급"
                    ],
                    "description": "1) (@구체적 사실)\n(@구체적 사실)\n(@구체적 사실)\n(@구체적 사실)\n(@구체적 사실)\n(@구체적 사실)"
                }
            },
            {
                "id": "41",
                "format": {
                    "position": {
                        "line": "41"
                    },
                    "section_type": "TEXT",
                    "format_type": "본문",
                    "is_article_title": false,
                    "article": 8,
                    "paragraph": 2,
                    "subparagraph": null
                },
                "content": {
                    "content_labels": [
                        "계약금의 지급",
                        "계약의 내용"
                    ],
                    "description": "2) (@구체적 사실)에 대한 로열티\n(@구체적 사실)\n(@구체적 사실)\n(@구체적 사실)\n(@구체적 사실)"
                }
            },
            {
                "id": "42",
                "format": {
                    "position": {
                        "line": "42"
                    },
                    "section_type": "TEXT",
                    "format_type": "본문",
                    "is_article_title": false,
                    "article": 8,
                    "paragraph": 3,
                    "subparagraph": null
                },
                "content": {
                    "content_labels": [
                        "계약의 내용",
                        "계약금의 지급"
                    ],
                    "description": "3) (@구체적 사실)을 통한 수익에 대한 로열티\n(@구체적 사실)\n(@구체적 사실)\n(@구체적 사실)\n(@구체적 사실)"
                }
            },
            {
                "id": "43",
                "format": {
                    "position": {
                        "line": "43"
                    },
                    "section_type": "TEXT",
                    "format_type": "본문",
                    "is_article_title": false,
                    "article": 8,
                    "paragraph": 4,
                    "subparagraph": null
                },
                "content": {
                    "content_labels": [
                        "계약금의 지급",
                        "계약의 내용"
                    ],
                    "description": "4) 기타 연예활동에 대한 로열티\n연예활동 수익이란 전속 계약 기간 중 본조 1)항에서 3)항을 제외하고 그 외에 국내외 모든 연예활동으로 인하여 발생되는 모든 매출을 의미한다.\n‘갑’은 연예활동으로 발생되는 모든 수익에서 해당 연예활동을 위하여 ‘갑’이 지출한 직접 관련 비용을 제외한 순수익에서 아래와 같은 비율의 로열티를 ‘을’에게 지급한다.\n(@구체적 사실)\n(@구체적 사실)"
                }
            },
            {
                "id": "44",
                "format": {
                    "position": {
                        "line": "44"
                    },
                    "section_type": "TEXT",
                    "format_type": "본문",
                    "is_article_title": false,
                    "article": 8,
                    "paragraph": 5,
                    "subparagraph": null
                },
                "content": {
                    "content_labels": [
                        "계약의 내용"
                    ],
                    "description": "5) (@구체적 사실)"
                }
            },
            {
                "id": "45",
                "format": {
                    "position": {
                        "line": "45"
                    },
                    "section_type": "TEXT",
                    "format_type": "본문",
                    "is_article_title": true,
                    "article": 9,
                    "paragraph": null,
                    "subparagraph": null
                },
                "content": {
                    "content_labels": [
                        "지적재산권"
                    ],
                    "description": "제9조 : 저작권"
                }
            },
            {
                "id": "46",
                "format": {
                    "position": {
                        "line": "46"
                    },
                    "section_type": "TEXT",
                    "format_type": "본문",
                    "is_article_title": false,
                    "article": 9,
                    "paragraph": null,
                    "subparagraph": null
                },
                "content": {
                    "content_labels": [
                        "지적재산권"
                    ],
                    "description": "계약 기간 동안 ‘을’이 창작(작사 작곡 편곡 등)한 곡에 대한 저작권은 ‘을’에게 귀속 되며, ‘을’의 저작권 신탁에 대해서는 ‘갑’이 우선적 권리를 갖는다. ‘을’은 ‘갑’의 수익 사업에 반하는 저작권 권리를 행사하여서는 아니 되며, ‘을’은 저작권 권리 행사에 대하여 ‘갑’과 먼저 상의하여야 한다."
                }
            },
            {
                "id": "47",
                "format": {
                    "position": {
                        "line": "47"
                    },
                    "section_type": "TEXT",
                    "format_type": "본문",
                    "is_article_title": true,
                    "article": 10,
                    "paragraph": null,
                    "subparagraph": null
                },
                "content": {
                    "content_labels": [
                        "계약의 내용"
                    ],
                    "description": "제10조 : 대금 결제"
                }
            },
            {
                "id": "48",
                "format": {
                    "position": {
                        "line": "48"
                    },
                    "section_type": "TEXT",
                    "format_type": "본문",
                    "is_article_title": false,
                    "article": 10,
                    "paragraph": 1,
                    "subparagraph": null
                },
                "content": {
                    "content_labels": [
                        "계약의 내용"
                    ],
                    "description": "1) ‘갑’은 정산서를 매 분기 말 마감 정산 후 익월 말일까지 ‘을’에 제공한다."
                }
            },
            {
                "id": "49",
                "format": {
                    "position": {
                        "line": "49"
                    },
                    "section_type": "TEXT",
                    "format_type": "본문",
                    "is_article_title": false,
                    "article": 10,
                    "paragraph": 2,
                    "subparagraph": null
                },
                "content": {
                    "content_labels": [
                        "계약의 내용"
                    ],
                    "description": "2) 정산서는 ‘갑’이 정하는 소정의 정산서 양식에 의하며, ‘갑’이 작성한 로열티 정산서에 이의가 있는 경우 ‘을’은 정산서 제공일로부터 30일 이내에 서면으로 이의 신청을 하며, 이 기간이 경과하며 이의가 없다고 ‘을’이 인정한 것으로 간주한다."
                }
            },
            {
                "id": "50",
                "format": {
                    "position": {
                        "line": "50"
                    },
                    "section_type": "TEXT",
                    "format_type": "본문",
                    "is_article_title": false,
                    "article": 10,
                    "paragraph": 3,
                    "subparagraph": null
                },
                "content": {
                    "content_labels": [
                        "계약의 내용"
                    ],
                    "description": "3) ‘갑’은 정산 내용에 이의 신청이 없음을 확인한 후 각 분기말 로열티 금액이 확정된 시점의 익월 말까지 관련 세금을 원천징수 후 현금으로 ‘을’에게 지급한다."
                }
            },
            {
                "id": "51",
                "format": {
                    "position": {
                        "line": "51"
                    },
                    "section_type": "TEXT",
                    "format_type": "본문",
                    "is_article_title": true,
                    "article": 11,
                    "paragraph": null,
                    "subparagraph": null
                },
                "content": {
                    "content_labels": [
                        "비밀 유지"
                    ],
                    "description": "제11조 : 기밀의 유지"
                }
            },
            {
                "id": "52",
                "format": {
                    "position": {
                        "line": "52"
                    },
                    "section_type": "TEXT",
                    "format_type": "본문",
                    "is_article_title": false,
                    "article": 11,
                    "paragraph": null,
                    "subparagraph": null
                },
                "content": {
                    "content_labels": [
                        "비밀 유지"
                    ],
                    "description": "‘을’은 본 계약서의 내용 및 거래의 조건을 기밀로 유지하여야 하며, 언론이나 기타 제3자에게 공개하여서는 안 된다. 단 법률에 의하여 공개가 요구되는 경우에는 사전에 ‘갑’의 동의를 얻어 공개하여야 한다."
                }
            },
            {
                "id": "53",
                "format": {
                    "position": {
                        "line": "53"
                    },
                    "section_type": "TEXT",
                    "format_type": "본문",
                    "is_article_title": true,
                    "article": 12,
                    "paragraph": null,
                    "subparagraph": null
                },
                "content": {
                    "content_labels": [
                        "기타"
                    ],
                    "description": "제12조 : 이중계약의 금지 및 전속권의 양도"
                }
            },
            {
                "id": "54",
                "format": {
                    "position": {
                        "line": "54"
                    },
                    "section_type": "TEXT",
                    "format_type": "본문",
                    "is_article_title": false,
                    "article": 12,
                    "paragraph": null,
                    "subparagraph": null
                },
                "content": {
                    "content_labels": [
                        "손해배상의 예정"
                    ],
                    "description": "‘을’은 어떠한 경우라도 본 계약서에 대하여 제3자와 이와 동일하거나 유사한 어떠한 계약도 하여서는 안되며, 현재 이와 동일하거나 유사한 계약이 체결된 사항이 없음을 보증하며, 만일 이를 위반할 경우에는 모든 손해배상은 물론 모든 민, 형사상의 책임을 감수한다."
                }
            },
            {
                "id": "55",
                "format": {
                    "position": {
                        "line": "55"
                    },
                    "section_type": "TEXT",
                    "format_type": "본문",
                    "is_article_title": true,
                    "article": 13,
                    "paragraph": null,
                    "subparagraph": null
                },
                "content": {
                    "content_labels": [
                        "기타"
                    ],
                    "description": "제13조 : 보증 및 동의"
                }
            },
            {
                "id": "56",
                "format": {
                    "position": {
                        "line": "56"
                    },
                    "section_type": "TEXT",
                    "format_type": "본문",
                    "is_article_title": false,
                    "article": 13,
                    "paragraph": null,
                    "subparagraph": null
                },
                "content": {
                    "content_labels": [
                        "기타"
                    ],
                    "description": "‘을’은 ‘갑’에게 다음 사항을 보증하고 동의한다."
                }
            },
            {
                "id": "57",
                "format": {
                    "position": {
                        "line": "57"
                    },
                    "section_type": "TEXT",
                    "format_type": "본문",
                    "is_article_title": false,
                    "article": 13,
                    "paragraph": 1,
                    "subparagraph": null
                },
                "content": {
                    "content_labels": [
                        "기타"
                    ],
                    "description": "1) ‘을’은 본 계약서를 읽었으며, 본 계약의 의미를 이해하고, ‘을’이 선택한 변호사와 상의하였다."
                }
            },
            {
                "id": "58",
                "format": {
                    "position": {
                        "line": "58"
                    },
                    "section_type": "TEXT",
                    "format_type": "본문",
                    "is_article_title": false,
                    "article": 13,
                    "paragraph": 2,
                    "subparagraph": null
                },
                "content": {
                    "content_labels": [
                        "기타"
                    ],
                    "description": "2) ‘을’은 본 계약을 시행하는 데 필요한 모든 관련 동의 및 승인을 획득하고 유지한다."
                }
            },
            {
                "id": "59",
                "format": {
                    "position": {
                        "line": "59"
                    },
                    "section_type": "TEXT",
                    "format_type": "본문",
                    "is_article_title": false,
                    "article": 13,
                    "paragraph": 3,
                    "subparagraph": null
                },
                "content": {
                    "content_labels": [
                        "기타"
                    ],
                    "description": "3) ‘을’은 ‘갑’의 사전 서면 동의 없이 ‘갑’을 대신하여 지출 또는 비용을 지불할 수 없다."
                }
            },
            {
                "id": "60",
                "format": {
                    "position": {
                        "line": "60"
                    },
                    "section_type": "TEXT",
                    "format_type": "본문",
                    "is_article_title": false,
                    "article": 13,
                    "paragraph": 4,
                    "subparagraph": null
                },
                "content": {
                    "content_labels": [
                        "기타"
                    ],
                    "description": "4) ‘을’은 본 계약 기간 동안 사전에 ‘갑’에 의해 합의되지 않은 약정이나 계약에 따른 공연을 할 수 없다."
                }
            },
            {
                "id": "61",
                "format": {
                    "position": {
                        "line": "61"
                    },
                    "section_type": "TEXT",
                    "format_type": "본문",
                    "is_article_title": false,
                    "article": 13,
                    "paragraph": 5,
                    "subparagraph": null
                },
                "content": {
                    "content_labels": [
                        "업무 수행을 위한 협조, 협의"
                    ],
                    "description": "5) ‘을’은 전문적인 방법으로 자신의 최고 수준의 기술과 능력을 발휘할 수 있어야 하며, 방송, 공연, 체류, 여행 등의 기간 동안 타인과 협력하겠다는 의지를 보여야 한다."
                }
            },
            {
                "id": "62",
                "format": {
                    "position": {
                        "line": "62"
                    },
                    "section_type": "TEXT",
                    "format_type": "본문",
                    "is_article_title": false,
                    "article": 13,
                    "paragraph": 6,
                    "subparagraph": null
                },
                "content": {
                    "content_labels": [
                        "기타"
                    ],
                    "description": "6) ‘을’은 계약 기간 내내 항상 자신의 건강을 지키고 유지하기 위한 모든 실질적인 조치를 취해야 한다."
                }
            },
            {
                "id": "63",
                "format": {
                    "position": {
                        "line": "63"
                    },
                    "section_type": "TEXT",
                    "format_type": "본문",
                    "is_article_title": false,
                    "article": 13,
                    "paragraph": 7,
                    "subparagraph": null
                },
                "content": {
                    "content_labels": [
                        "손해배상의 예정"
                    ],
                    "description": "7) ‘을’은 계약 기간 동안 마약, 도박, 폭력, 등의 여하한 사유로든 사회적 물의를 야기하거나 기타 법령을 위반하여 ‘갑’ 평판을 침해하거나 손상시킬 수 있는 행동을 하여서는 아니 되며, 만약 이를 어길 시 모든 손해배상의 책임을 지기로 한다."
                }
            },
            {
                "id": "64",
                "format": {
                    "position": {
                        "line": "64"
                    },
                    "section_type": "TEXT",
                    "format_type": "본문",
                    "is_article_title": false,
                    "article": 13,
                    "paragraph": 8,
                    "subparagraph": null
                },
                "content": {
                    "content_labels": [
                        "업무 수행을 위한 협조, 협의"
                    ],
                    "description": "8) 성공적인 ‘을’의 재능 발굴과 실력 향상을 위한 ‘갑’의 노력을 제한하거나 방해하지 않는다."
                }
            },
            {
                "id": "65",
                "format": {
                    "position": {
                        "line": "65"
                    },
                    "section_type": "TEXT",
                    "format_type": "본문",
                    "is_article_title": false,
                    "article": 13,
                    "paragraph": 9,
                    "subparagraph": null
                },
                "content": {
                    "content_labels": [
                        "기타"
                    ],
                    "description": "9) ‘을’은 본 계약 기간 동안 위험한 목표를 추구하지 않으며, 본 계약에 따라 ‘을’이 자신의 의무와 서비스를 수행할 수 있는 능력을 언제든지 방해받을 수 있는 불합리한 위험을 자발적으로 취하지 않는다."
                }
            },
            {
                "id": "66",
                "format": {
                    "position": {
                        "line": "66"
                    },
                    "section_type": "TEXT",
                    "format_type": "본문",
                    "is_article_title": false,
                    "article": 13,
                    "paragraph": 10,
                    "subparagraph": null
                },
                "content": {
                    "content_labels": [
                        "통지의무"
                    ],
                    "description": "10) ‘을’은 ‘갑’의 사전 서면 동의 없이 어떠한 약정서 체결이나 또는 기타 협상을 할 수 없으며, 본 계약 기간 동안 아티스트로서 받는 공연 제안, 이해관계자, 타사, 협회 등 제3자에게 받을 수 있는 모든 문의 및 요청에 대해 ‘갑’에게 알려야 한다."
                }
            },
            {
                "id": "67",
                "format": {
                    "position": {
                        "line": "67"
                    },
                    "section_type": "TEXT",
                    "format_type": "본문",
                    "is_article_title": false,
                    "article": 13,
                    "paragraph": 11,
                    "subparagraph": null
                },
                "content": {
                    "content_labels": [
                        "기타"
                    ],
                    "description": "11) ‘을’은 ‘갑’의 사전 서면 동의 없이 직접 또는 간접적으로 뮤직 비디오, 영화 및 드라마 노래 또는 기타 서비스의 공연을 위해 다른 레이블, 음반 회사 등과 계약을 체결할 수 없다. 본 조항은 본 계약의 핵심적인 사항으로, 위반시에는 본 계약의 중대한 위반으로 간주된다."
                }
            },
            {
                "id": "68",
                "format": {
                    "position": {
                        "line": "68"
                    },
                    "section_type": "TEXT",
                    "format_type": "본문",
                    "is_article_title": false,
                    "article": 13,
                    "paragraph": 12,
                    "subparagraph": null
                },
                "content": {
                    "content_labels": [
                        "기타"
                    ],
                    "description": "12) (@구체적 사실)"
                }
            },
            {
                "id": "69",
                "format": {
                    "position": {
                        "line": "69"
                    },
                    "section_type": "TEXT",
                    "format_type": "본문",
                    "is_article_title": false,
                    "article": 13,
                    "paragraph": 13,
                    "subparagraph": null
                },
                "content": {
                    "content_labels": [
                        "통지의무"
                    ],
                    "description": "13) ‘을’은 자신의 연락처, 주소 및 거주지가 변경되는 경우 ‘갑’에게 이를 통지하여야 한다."
                }
            },
            {
                "id": "70",
                "format": {
                    "position": {
                        "line": "70"
                    },
                    "section_type": "TEXT",
                    "format_type": "본문",
                    "is_article_title": false,
                    "article": 13,
                    "paragraph": 14,
                    "subparagraph": null
                },
                "content": {
                    "content_labels": [
                        "기타"
                    ],
                    "description": "14) ‘을’은 ‘갑’이 ‘을’에 대해 어떠한 보험 가입에 대한 책임도 없음을 동의하고 인정한다."
                }
            },
            {
                "id": "71",
                "format": {
                    "position": {
                        "line": "71"
                    },
                    "section_type": "TEXT",
                    "format_type": "본문",
                    "is_article_title": false,
                    "article": 13,
                    "paragraph": 15,
                    "subparagraph": null
                },
                "content": {
                    "content_labels": [
                        "기타"
                    ],
                    "description": "15) ‘을’은 본 계약서에 따라 아티스트로서의 자신의 역할을 수행할 때 자신의 개인 안전에 대한 전적인 책임을 지며, 자신의 비용으로 적절한 보험에 가입할 수 있다."
                }
            },
            {
                "id": "72",
                "format": {
                    "position": {
                        "line": "72"
                    },
                    "section_type": "TEXT",
                    "format_type": "본문",
                    "is_article_title": false,
                    "article": 13,
                    "paragraph": 16,
                    "subparagraph": null
                },
                "content": {
                    "content_labels": [
                        "계약의 내용"
                    ],
                    "description": "16) ‘을’은 ‘갑’의 사전 서면 동의 없이 본 계약 기간 중 언제라도 다음의 사항을 해서는 안 된다."
                }
            },
            {
                "id": "73",
                "format": {
                    "position": {
                        "line": "73"
                    },
                    "section_type": "TEXT",
                    "format_type": "본문",
                    "is_article_title": false,
                    "article": 13,
                    "paragraph": 16,
                    "subparagraph": 1
                },
                "content": {
                    "content_labels": [
                        "계약의 내용"
                    ],
                    "description": "(i) ‘갑’의 지시 없이 제 3 자에게 아티스트로서의 활동(유료 또는 무료 관계없이)을 제공"
                }
            },
            {
                "id": "74",
                "format": {
                    "position": {
                        "line": "74"
                    },
                    "section_type": "TEXT",
                    "format_type": "본문",
                    "is_article_title": false,
                    "article": 13,
                    "paragraph": 16,
                    "subparagraph": 2
                },
                "content": {
                    "content_labels": [
                        "계약의 내용"
                    ],
                    "description": "(ii) 구두, 서면 또는 행위에 관계없이 계약 약정의 조건을 변경"
                }
            },
            {
                "id": "75",
                "format": {
                    "position": {
                        "line": "75"
                    },
                    "section_type": "TEXT",
                    "format_type": "본문",
                    "is_article_title": false,
                    "article": 13,
                    "paragraph": 16,
                    "subparagraph": 3
                },
                "content": {
                    "content_labels": [
                        "기타"
                    ],
                    "description": "(iii) 연예 활동을 수행하는 동안 ‘갑’이 지정하지 않은 사람을 개인적으로 고용"
                }
            },
            {
                "id": "76",
                "format": {
                    "position": {
                        "line": "76"
                    },
                    "section_type": "TEXT",
                    "format_type": "본문",
                    "is_article_title": false,
                    "article": 13,
                    "paragraph": 17,
                    "subparagraph": null
                },
                "content": {
                    "content_labels": [
                        "업무 수행을 위한 협조, 협의"
                    ],
                    "description": "17) ‘을’은 ‘갑’이 통지한 모든 약속을 지키며, 공연, 참석, 또는 기타 관련 활동에 관하여 ‘갑’이 통보한 지정된 날짜, 시간에 참석해야 한다."
                }
            },
            {
                "id": "77",
                "format": {
                    "position": {
                        "line": "77"
                    },
                    "section_type": "TEXT",
                    "format_type": "본문",
                    "is_article_title": false,
                    "article": 13,
                    "paragraph": 18,
                    "subparagraph": null
                },
                "content": {
                    "content_labels": [
                        "업무 수행을 위한 협조, 협의"
                    ],
                    "description": "18) ‘을’은 계약 기간 동안 (아티스트로서의 활동을 수행하는 동안) 자신의 외모에 대한 적절한 주의를 기울여야 한다."
                }
            },
            {
                "id": "78",
                "format": {
                    "position": {
                        "line": "78"
                    },
                    "section_type": "TEXT",
                    "format_type": "본문",
                    "is_article_title": false,
                    "article": 13,
                    "paragraph": 19,
                    "subparagraph": null
                },
                "content": {
                    "content_labels": [
                        "기타"
                    ],
                    "description": "19) ‘갑’의 요청이 있는 경우, ‘을’은 아티스트의 활동과 관련된 모든 사전 계약 및 약정을 ‘갑’에 공개해야 한다."
                }
            },
            {
                "id": "79",
                "format": {
                    "position": {
                        "line": "79"
                    },
                    "section_type": "TEXT",
                    "format_type": "본문",
                    "is_article_title": false,
                    "article": 13,
                    "paragraph": 20,
                    "subparagraph": null
                },
                "content": {
                    "content_labels": [
                        "업무 수행을 위한 협조, 협의"
                    ],
                    "description": "20) ‘을’은 아티스트가 본 계약에 따라 아티스트로서의 활동을 제공하도록 요구될 수 있는 장소에서 시행될 수 있는 안전, 화재 예방, 또는 일반 관리와 관련된 모든 규칙, 법률, 규정 및 계약을 준수해야 한다."
                }
            },
            {
                "id": "80",
                "format": {
                    "position": {
                        "line": "80"
                    },
                    "section_type": "TEXT",
                    "format_type": "본문",
                    "is_article_title": false,
                    "article": 13,
                    "paragraph": null,
                    "subparagraph": null
                },
                "content": {
                    "content_labels": [
                        "손해배상의 예정"
                    ],
                    "description": "21) ‘을’은 자신의 보증, 진술, 행위, 사실은폐로 인해 발생하는 계약위반이나 제3자의 권리침해 주장에 대해 ‘갑’을 면책하고 이와 관련하여 발생하는 변호사 비용을 포함한 모든 법률적 비용과 ‘갑’에게 발생되는 손해액이 있는 경우 이를 배상해야 한다. ‘을’의 계약위반 및 위반 혐의가 있는 경우,’갑’은 ‘을’에게 지급할 금액에서 해당 금액의 지급을 보류할 수 있다."
                }
            },
            {
                "id": "81",
                "format": {
                    "position": {
                        "line": "81"
                    },
                    "section_type": "TEXT",
                    "format_type": "본문",
                    "is_article_title": true,
                    "article": 14,
                    "paragraph": null,
                    "subparagraph": null
                },
                "content": {
                    "content_labels": [
                        "계약의 해제, 해지"
                    ],
                    "description": "제14조 : 계약의 위반 및 해지"
                }
            },
            {
                "id": "82",
                "format": {
                    "position": {
                        "line": "82"
                    },
                    "section_type": "TEXT",
                    "format_type": "본문",
                    "is_article_title": false,
                    "article": 14,
                    "paragraph": 1,
                    "subparagraph": null
                },
                "content": {
                    "content_labels": [
                        "계약의 해제, 해지"
                    ],
                    "description": "1) ‘갑’ 또는 ‘을’이 계약상의 내용을 위반하는 경우, 본 계약서에서 다른 정함이 없는 한, 그 상대방은 위반자에 대하여 14일 간의 유예기간을 정하여 위반사항을 시정할 것을 먼저 요구하고, 그 기간 내에 위반사항이 시정되지 아니하는 경우에 상대방은 계약을 해제 또는 해지하고, 손해배상을 청구할 수 있다."
                }
            },
            {
                "id": "83",
                "format": {
                    "position": {
                        "line": "83"
                    },
                    "section_type": "TEXT",
                    "format_type": "본문",
                    "is_article_title": false,
                    "article": 14,
                    "paragraph": 2,
                    "subparagraph": null
                },
                "content": {
                    "content_labels": [
                        "손해배상의 예정"
                    ],
                    "description": "2) ‘갑’이 계약내용에 따른 자신의 의무를 충실히 이행하고 있음에도 불구하고, ‘을’이 계약기간 도중에 계약을 일방적으로 파기할 목적으로 계약상의 내용을 위반한 경우에는 ‘을’은 제1항의 손해배상과는 별도로 아래의 위약금1과 2 중 보다 큰 금액을 ‘갑’에게 지급하여야 한다.\n위약금1- (@구체적 사실)\n위약금2- (@구체적 사실)"
                }
            },
            {
                "id": "84",
                "format": {
                    "position": {
                        "line": "84"
                    },
                    "section_type": "TEXT",
                    "format_type": "본문",
                    "is_article_title": true,
                    "article": 15,
                    "paragraph": null,
                    "subparagraph": null
                },
                "content": {
                    "content_labels": [
                        "계약의 해제, 해지"
                    ],
                    "description": "제15조 : 계약 해지사유"
                }
            },
            {
                "id": "85",
                "format": {
                    "position": {
                        "line": "85"
                    },
                    "section_type": "TEXT",
                    "format_type": "본문",
                    "is_article_title": false,
                    "article": 15,
                    "paragraph": null,
                    "subparagraph": null
                },
                "content": {
                    "content_labels": [
                        "계약의 해제, 해지"
                    ],
                    "description": "’갑’과 ‘을’은 다음 각항 중 어느 하나에 해당하는 경우에는 최고 절차 후 계약을 해지한다."
                }
            },
            {
                "id": "86",
                "format": {
                    "position": {
                        "line": "86"
                    },
                    "section_type": "TEXT",
                    "format_type": "본문",
                    "is_article_title": false,
                    "article": 15,
                    "paragraph": 1,
                    "subparagraph": null
                },
                "content": {
                    "content_labels": [
                        "기타"
                    ],
                    "description": "1) ‘갑’ 또는 ‘을’이 본 계약의 근본 취지에 영향을 미치는 중대한 조항을 위반할 때"
                }
            },
            {
                "id": "87",
                "format": {
                    "position": {
                        "line": "87"
                    },
                    "section_type": "TEXT",
                    "format_type": "본문",
                    "is_article_title": false,
                    "article": 15,
                    "paragraph": 2,
                    "subparagraph": null
                },
                "content": {
                    "content_labels": [
                        "기타"
                    ],
                    "description": "2) 본 계약의 이행이 불가능한 도산 또는 기업 파산절차의 개시, 영업의 폐지, 해산의 결의가 있을 때"
                }
            },
            {
                "id": "88",
                "format": {
                    "position": {
                        "line": "88"
                    },
                    "section_type": "TEXT",
                    "format_type": "본문",
                    "is_article_title": false,
                    "article": 15,
                    "paragraph": 3,
                    "subparagraph": null
                },
                "content": {
                    "content_labels": [
                        "통지의무",
                        "계약의 해제, 해지"
                    ],
                    "description": "3) 천재지변, 전쟁, 화재, 정부규제 등 신속히 해결할 수 없는 문제가 발생하였을 시에는 빠른 시일 내에 계약 상대방에게 통보하여야 하며, 이러한 상황이 30일 이상 계속될 경우, 갑의 판단에 의하여 계약을 해지할 수 있다."
                }
            },
            {
                "id": "89",
                "format": {
                    "position": {
                        "line": "89"
                    },
                    "section_type": "TEXT",
                    "format_type": "본문",
                    "is_article_title": false,
                    "article": 15,
                    "paragraph": 4,
                    "subparagraph": null
                },
                "content": {
                    "content_labels": [
                        "기타"
                    ],
                    "description": "4) ‘갑’의 고의적이고 심각한 회계부정이 발견된 경우"
                }
            },
            {
                "id": "90",
                "format": {
                    "position": {
                        "line": "90"
                    },
                    "section_type": "TEXT",
                    "format_type": "본문",
                    "is_article_title": false,
                    "article": 15,
                    "paragraph": 5,
                    "subparagraph": null
                },
                "content": {
                    "content_labels": [
                        "계약 변경에 대한 합의"
                    ],
                    "description": "5) 상호 계약해지를 합의하는 경우 (이 경우 최고절차를 생략하기로 한다)"
                }
            },
            {
                "id": "91",
                "format": {
                    "position": {
                        "line": "91"
                    },
                    "section_type": "TEXT",
                    "format_type": "본문",
                    "is_article_title": true,
                    "article": 16,
                    "paragraph": null,
                    "subparagraph": null
                },
                "content": {
                    "content_labels": [
                        "계약의 해제, 해지"
                    ],
                    "description": "제16조 : 계약의 일방 해지사유"
                }
            },
            {
                "id": "92",
                "format": {
                    "position": {
                        "line": "92"
                    },
                    "section_type": "TEXT",
                    "format_type": "본문",
                    "is_article_title": false,
                    "article": 16,
                    "paragraph": 1,
                    "subparagraph": null
                },
                "content": {
                    "content_labels": [
                        "계약의 해제, 해지"
                    ],
                    "description": "1) ‘갑’의 회사 경영 사정으로 본 계약서상의 음반제작 및 발매에 중대한 지장이 발생한 경우 계약 기간 중 일지라도 ’을’은 최고 절차 후 본 계약을 해지할 수 있고, 이 경우 ‘을’은 지급받은 계약금을 반환할 의무를 부담하지 아니한다."
                }
            },
            {
                "id": "93",
                "format": {
                    "position": {
                        "line": "93"
                    },
                    "section_type": "TEXT",
                    "format_type": "본문",
                    "is_article_title": false,
                    "article": 16,
                    "paragraph": 2,
                    "subparagraph": null
                },
                "content": {
                    "content_labels": [
                        "손해배상의 예정"
                    ],
                    "description": "2) ‘을’ 이 다음 각항 중 어느 하나에 해당하는 경우 ‘갑’은 최고 절차 후 본 계약을 해지할 수 있고, ‘을’은 손해배상은 물론 모든 민, 형사 상의 책임을 감수한다."
                }
            },
            {
                "id": "94",
                "format": {
                    "position": {
                        "line": "94"
                    },
                    "section_type": "TEXT",
                    "format_type": "본문",
                    "is_article_title": false,
                    "article": 16,
                    "paragraph": 2,
                    "subparagraph": 1
                },
                "content": {
                    "content_labels": [
                        "기타"
                    ],
                    "description": "(i) ‘을’의 고의로 인해 본 계약서상의 음반제작 및 발매에 지장이 발생한 경우"
                }
            },
            {
                "id": "95",
                "format": {
                    "position": {
                        "line": "95"
                    },
                    "section_type": "TEXT",
                    "format_type": "본문",
                    "is_article_title": false,
                    "article": 16,
                    "paragraph": 2,
                    "subparagraph": 2
                },
                "content": {
                    "content_labels": [
                        "기타"
                    ],
                    "description": "(ii) ‘을’이 제3자로부터 소송 및 강제집행을 당하여 ‘갑’과의 계약 이행이 어려울 때"
                }
            },
            {
                "id": "96",
                "format": {
                    "position": {
                        "line": "96"
                    },
                    "section_type": "TEXT",
                    "format_type": "본문",
                    "is_article_title": false,
                    "article": 17,
                    "paragraph": null,
                    "subparagraph": null
                },
                "content": {
                    "content_labels": [
                        "관할법원"
                    ],
                    "description": "제17조 : 소송 및 분쟁해결"
                }
            },
            {
                "id": "97",
                "format": {
                    "position": {
                        "line": "97"
                    },
                    "section_type": "TEXT",
                    "format_type": "본문",
                    "is_article_title": false,
                    "article": 17,
                    "paragraph": 1,
                    "subparagraph": null
                },
                "content": {
                    "content_labels": [
                        "준거법"
                    ],
                    "description": "1) 본 계약서에 명시되지 않은 사항이나 계약서의 해석상의 이견이 발생하는 것은 저작권법, 상법 등 민사특별법, 민법 순으로 적용하여 해석하기로 하되 누락된 것은 업계 상관례 및 계약 체결의 취지에 따라 ’갑’, ’을’이 상호 협의하여 정한다."
                }
            },
            {
                "id": "98",
                "format": {
                    "position": {
                        "line": "98"
                    },
                    "section_type": "TEXT",
                    "format_type": "본문",
                    "is_article_title": false,
                    "article": 17,
                    "paragraph": 2,
                    "subparagraph": null
                },
                "content": {
                    "content_labels": [
                        "관할법원"
                    ],
                    "description": "2) 본 계약과 관련한 분쟁은 (@관할)법원의 전속관할로 한다."
                }
            },
            {
                "id": "99",
                "format": {
                    "position": {
                        "line": "99"
                    },
                    "section_type": "TEXT",
                    "format_type": "본문",
                    "is_article_title": true,
                    "article": 18,
                    "paragraph": null,
                    "subparagraph": null
                },
                "content": {
                    "content_labels": [
                        "기타"
                    ],
                    "description": "제18조 : 기타사항"
                }
            },
            {
                "id": "100",
                "format": {
                    "position": {
                        "line": "100"
                    },
                    "section_type": "TEXT",
                    "format_type": "본문",
                    "is_article_title": false,
                    "article": 18,
                    "paragraph": null,
                    "subparagraph": null
                },
                "content": {
                    "content_labels": [
                        "계약서의 교부"
                    ],
                    "description": "본 계약의 체결을 증명하기 위하여 계약서 2부를 작성하여 기명날인하고 ‘갑’, ’을’ 각각 1부씩 보관하기로 한다."
                }
            },
            {
                "id": "101",
                "format": {
                    "position": {
                        "line": "101"
                    },
                    "section_type": "TEXT",
                    "format_type": "날짜",
                    "is_article_title": false,
                    "article": null,
                    "paragraph": null,
                    "subparagraph": null
                },
                "content": {
                    "content_labels": [
                        "계약 체결 일자"
                    ],
                    "description": "(@날짜)"
                }
            },
            {
                "id": "102",
                "format": {
                    "position": {
                        "line": "102"
                    },
                    "section_type": "TEXT",
                    "format_type": "기명날인",
                    "is_article_title": false,
                    "article": null,
                    "paragraph": null,
                    "subparagraph": null
                },
                "content": {
                    "content_labels": [
                        "회사의 인적사항",
                        "회사의 기명날인"
                    ],
                    "description": "갑 : (@회사명1) 주식회사\n(@주소)\n사업자등록번호 : (@고유번호)\n대표이사 : (@성명1) (인)"
                }
            },
            {
                "id": "103",
                "format": {
                    "position": {
                        "line": "103"
                    },
                    "section_type": "TEXT",
                    "format_type": "기명날인",
                    "is_article_title": false,
                    "article": null,
                    "paragraph": null,
                    "subparagraph": null
                },
                "content": {
                    "content_labels": [
                        "피고용인의 인적사항",
                        "피고용인의 기명날인"
                    ],
                    "description": "을 : (@성명2) (인)\n주소 : (주소)\n생년월일 : 0000년 00월 00일\n전화번호 : (번호)"
                }
            }
        ]
    }
}