{
    "document": {
        "type": "계약 법률 문서",
        "metadata": {
            "file_info": {
                "document_name": "기타고용계약서_0195",
                "document_size": "250kb",
                "document_page_count": "5",
                "document_total_ids": "62",
                "document_format": "pdf",
                "document_creation_date": "2024-11-05",
                "document_category": {
                    "main_category": "인사_고용_노무",
                    "sub_category": "고용계약",
                    "detail_category": "기타고용계약서"
                },
                "additional_info": {
                    "related_law": "근로기준법, 근로자퇴직급여 보장법, 근로기준법 시행령",
                    "document_purpose": "사용자와 근로자 간의 근로조건, 권리, 의무를 명확히 규정하고 근로계약을 체결하여 계약 이행을 보장하기 위함",
                    "document_use_case": "일반 기업 및 기관에서 근로자와의 계약을 체결할 때 활용. 특히 근로자의 근로 조건, 임금, 휴가, 근로시간 등을 명확히 하기 위해 사용됨.",
                    "public_domain_sources": null
                }
            }
        },
        "sections": [
            {
                "id": "1",
                "format": {
                    "position": {
                        "line": "1"
                    },
                    "section_type": "TEXT",
                    "format_type": "제목",
                    "is_article_title": false,
                    "article": null,
                    "paragraph": null,
                    "subparagraph": null
                },
                "content": {
                    "content_labels": [
                        "기타"
                    ],
                    "description": "근무조건계약서"
                }
            },
            {
                "id": "2",
                "format": {
                    "position": {
                        "line": "2"
                    },
                    "section_type": "TEXT",
                    "format_type": "서문",
                    "is_article_title": false,
                    "article": null,
                    "paragraph": null,
                    "subparagraph": null
                },
                "content": {
                    "content_labels": [
                        "계약의 당사자",
                        "계약 체결 일자"
                    ],
                    "description": "본 근무조건계약(이하 “본 계약”이라 한다)은 20 년 [ ]월 [ ]일 다음 사용자 및 근로자 사이에서 체결되었다. "
                }
            },
            {
                "id": "3",
                "format": {
                    "position": {
                        "line": "3"
                    },
                    "section_type": "TEXT",
                    "format_type": "서문",
                    "is_article_title": false,
                    "article": null,
                    "paragraph": null,
                    "subparagraph": null
                },
                "content": {
                    "content_labels": [
                        "계약의 당사자",
                        "회사의 인적사항"
                    ],
                    "description": "1. (@주소1)에 사무소를 두고 있는 (@회사명) (@직업) (@성명1)(사업자등록번호: (@고유번호), 이하 “갑”이라 한다)"
                }
            },
            {
                "id": "4",
                "format": {
                    "position": {
                        "line": "4"
                    },
                    "section_type": "TEXT",
                    "format_type": "서문",
                    "is_article_title": false,
                    "article": null,
                    "paragraph": null,
                    "subparagraph": null
                },
                "content": {
                    "content_labels": [
                        "계약의 당사자",
                        "피고용인의 인적사항"
                    ],
                    "description": "2. [ (@주소2) ]에 주민등록상 주소를 두고 있는 (@성명2)(주민등록번호: (@고유번호))(이하 “을”이라 한다) "
                }
            },
            {
                "id": "5",
                "format": {
                    "position": {
                        "line": "5"
                    },
                    "section_type": "TEXT",
                    "format_type": "본문",
                    "is_article_title": true,
                    "article": 1,
                    "paragraph": null,
                    "subparagraph": null
                },
                "content": {
                    "content_labels": [
                        "용어의 정의"
                    ],
                    "description": "제1조 (정의)"
                }
            },
            {
                "id": "6",
                "format": {
                    "position": {
                        "line": "6"
                    },
                    "section_type": "TEXT",
                    "format_type": "본문",
                    "is_article_title": false,
                    "article": 1,
                    "paragraph": 1,
                    "subparagraph": null
                },
                "content": {
                    "content_labels": [
                        "용어의 정의"
                    ],
                    "description": "1. “시용근로”란 본채용 전에 일정기간 동안 정식 근로자로서의 적격성 유무 및 본채용 가부를 판정하기 위한 시험적 사용을 의미한다."
                }
            },
            {
                "id": "7",
                "format": {
                    "position": {
                        "line": "7"
                    },
                    "section_type": "TEXT",
                    "format_type": "본문",
                    "is_article_title": false,
                    "article": 1,
                    "paragraph": 2,
                    "subparagraph": null
                },
                "content": {
                    "content_labels": [
                        "용어의 정의"
                    ],
                    "description": "2. “사용자”, “근로자”, “통상임금”, “평균임금”, “퇴직급여” 등의 용어는 특별한 사정이 없는한 『근로기준법』 및 『근로자퇴직급여 보장법』의 의미를 준용한다."
                }
            },
            {
                "id": "8",
                "format": {
                    "position": {
                        "line": "8"
                    },
                    "section_type": "TEXT",
                    "format_type": "본문",
                    "is_article_title": true,
                    "article": 2,
                    "paragraph": null,
                    "subparagraph": null
                },
                "content": {
                    "content_labels": [
                        "계약의 목적"
                    ],
                    "description": "제2조 (목적)"
                }
            },
            {
                "id": "9",
                "format": {
                    "position": {
                        "line": "9"
                    },
                    "section_type": "TEXT",
                    "format_type": "본문",
                    "is_article_title": false,
                    "article": 2,
                    "paragraph": null,
                    "subparagraph": null
                },
                "content": {
                    "content_labels": [
                        "계약의 목적"
                    ],
                    "description": "본 계약은 갑이 개설하여 운영하는 (@회사)에서 을이 갑에게 일정한 근로 및 용역을 제공하고, 갑은 이에 대하여 을에게 일정한 임금, 보수 내지 대가를 지급함에 있어서 필요한 제반 합의사항을 정함을 목적으로 한다."
                }
            },
            {
                "id": "10",
                "format": {
                    "position": {
                        "line": "10"
                    },
                    "section_type": "TEXT",
                    "format_type": "본문",
                    "is_article_title": true,
                    "article": 3,
                    "paragraph": null,
                    "subparagraph": null
                },
                "content": {
                    "content_labels": [
                        "계약의 내용"
                    ],
                    "description": "제3조 (용역의 내용)"
                }
            },
            {
                "id": "11",
                "format": {
                    "position": {
                        "line": "11"
                    },
                    "section_type": "TEXT",
                    "format_type": "본문",
                    "is_article_title": false,
                    "article": 3,
                    "paragraph": 1,
                    "subparagraph": null
                },
                "content": {
                    "content_labels": [
                        "계약의 내용"
                    ],
                    "description": "(1) 을은 갑이 운용하는 기관((@회사))에서 갑이 지정하는 근로 및 용역을 제공하기로 한다."
                }
            },
            {
                "id": "12",
                "format": {
                    "position": {
                        "line": "12"
                    },
                    "section_type": "TEXT",
                    "format_type": "본문",
                    "is_article_title": false,
                    "article": 3,
                    "paragraph": 2,
                    "subparagraph": null
                },
                "content": {
                    "content_labels": [
                        "계약의 내용"
                    ],
                    "description": "(2) 갑은 을이 수행할 용역의 내용을 지정함에 있어 포괄적으로 또는 구체적으로 그 범위를 지정할 수 있다."
                }
            },
            {
                "id": "13",
                "format": {
                    "position": {
                        "line": "13"
                    },
                    "section_type": "TEXT",
                    "format_type": "본문",
                    "is_article_title": true,
                    "article": 4,
                    "paragraph": null,
                    "subparagraph": null
                },
                "content": {
                    "content_labels": [
                        "경쟁제한 의무"
                    ],
                    "description": "제4조 (이중계약의 금지 및 전속권의 양도)"
                }
            },
            {
                "id": "14",
                "format": {
                    "position": {
                        "line": "14"
                    },
                    "section_type": "TEXT",
                    "format_type": "본문",
                    "is_article_title": false,
                    "article": 4,
                    "paragraph": null,
                    "subparagraph": null
                },
                "content": {
                    "content_labels": [
                        "경쟁제한 의무",
                        "손해배상의 예정"
                    ],
                    "description": "‘을’은 어떠한 경우라도 본 계약서에 대하여 제3자와 이와 동일하거나 유사한 어떠한 계약도 하여서는 안 되며, 현재 이와 동일하거나 유사한 계약이 체결된 사항이 없음을 보증하며, 만일 이를 위반할 경우에는 모든 손해배상은 물론 모든 민, 형사상의 책임을 감수한다. 단, ‘갑’은 ‘을’의 동의 하에 ‘을’의 전속권을 본 계약서와 동일한 조건으로 타사로 양도할 수 있다."
                }
            },
            {
                "id": "15",
                "format": {
                    "position": {
                        "line": "15"
                    },
                    "section_type": "TEXT",
                    "format_type": "본문",
                    "is_article_title": true,
                    "article": 5,
                    "paragraph": null,
                    "subparagraph": null
                },
                "content": {
                    "content_labels": [
                        "계약기간"
                    ],
                    "description": "제5조 (근로계약기간)"
                }
            },
            {
                "id": "16",
                "format": {
                    "position": {
                        "line": "16"
                    },
                    "section_type": "TEXT",
                    "format_type": "본문",
                    "is_article_title": false,
                    "article": 5,
                    "paragraph": 1,
                    "subparagraph": null
                },
                "content": {
                    "content_labels": [
                        "계약기간"
                    ],
                    "description": "(1) 을은 갑에게 20 년 [ ]월 [ ]일부터 [ 20 ]년 [ ]월 [ ]일까지 근로 및 용역을 제공한다. "
                }
            },
            {
                "id": "17",
                "format": {
                    "position": {
                        "line": "17"
                    },
                    "section_type": "TEXT",
                    "format_type": "본문",
                    "is_article_title": false,
                    "article": 5,
                    "paragraph": 2,
                    "subparagraph": null
                },
                "content": {
                    "content_labels": [
                        "계약기간"
                    ],
                    "description": "(2) 갑 또는 을이 근로계약기간이 끝나기 3개월 전까지 상대방에게 갱신 거절의 의사표시를 하지 아니한 경우 본 계약은 동일한 조건으로 1년 동안 연장되는 것으로 본다. 당사자 사이의 별도의 합의가 없는 경우 본 계약에 부수되는 특약 등은 함께 연장된다."
                }
            },
            {
                "id": "18",
                "format": {
                    "position": {
                        "line": "18"
                    },
                    "section_type": "TEXT",
                    "format_type": "본문",
                    "is_article_title": true,
                    "article": 6,
                    "paragraph": null,
                    "subparagraph": null
                },
                "content": {
                    "content_labels": [
                        "계약의 내용"
                    ],
                    "description": "제6조 (근로시간 및 휴게시간)"
                }
            },
            {
                "id": "19",
                "format": {
                    "position": {
                        "line": "19"
                    },
                    "section_type": "TEXT",
                    "format_type": "본문",
                    "is_article_title": false,
                    "article": 6,
                    "paragraph": 1,
                    "subparagraph": null
                },
                "content": {
                    "content_labels": [
                        "계약의 내용"
                    ],
                    "description": "(1) 소정근로시간은 1일 8시간, 1주 40시간으로 하며, 근로시간은 다음과 같다."
                }
            },
            {
                "id": "20",
                "format": {
                    "position": {
                        "line": "20"
                    },
                    "section_type": "TABLE",
                    "format_type": "본문",
                    "is_article_title": false,
                    "article": 6,
                    "paragraph": 1,
                    "subparagraph": null
                },
                "content": {
                    "content_labels": [
                        "계약의 내용"
                    ],
                    "description": "<table><tbody><tr><td>구분</td><td>근로시간</td><td>휴게시간</td></tr><tr><td>(@요일)</td><td>(@시간)-(@시간)</td><td>(@시간)-(@시간) (중식포함) / 오전 10분 / <br> 오후 10분</td></tr><tr><td>(@요일)</td><td>(@시간)-(@시간)</td><td>(@시간)-(@시간) (중식포함) / (@시간)-(@시간) (석식포함) <br> / 오전 10분 / 오후 10분</td></tr><tr><td>(@요일)</td><td>(@시간)-(@시간)</td><td>(@시간)-(@시간) (중식포함)</td></tr></tbody></table>"
                }
            },
            {
                "id": "21",
                "format": {
                    "position": {
                        "line": "21"
                    },
                    "section_type": "TEXT",
                    "format_type": "본문",
                    "is_article_title": false,
                    "article": 6,
                    "paragraph": 2,
                    "subparagraph": null
                },
                "content": {
                    "content_labels": [
                        "계약의 내용"
                    ],
                    "description": "(2) 휴게시간은 전항을 원칙으로 하되, 회사 상황이나 계절에 따라 달리 적용할 수 있으며 (@구체적 사실관계)의 휴게시간을 갖는 것으로 한다. 또한 사업장의 질서와 규율을 해치지 않고 서로 겹치지 않는 범위 내에서 자유로이 이용할 수 있으나, 사업장 내에서 휴식하는 것을 원칙으로 한다."
                }
            },
            {
                "id": "22",
                "format": {
                    "position": {
                        "line": "22"
                    },
                    "section_type": "TEXT",
                    "format_type": "본문",
                    "is_article_title": true,
                    "article": 7,
                    "paragraph": null,
                    "subparagraph": null
                },
                "content": {
                    "content_labels": [
                        "계약의 내용",
                        "계약금의 지급"
                    ],
                    "description": "제7조 (연장근로)"
                }
            },
            {
                "id": "23",
                "format": {
                    "position": {
                        "line": "23"
                    },
                    "section_type": "TEXT",
                    "format_type": "본문",
                    "is_article_title": false,
                    "article": 7,
                    "paragraph": null,
                    "subparagraph": null
                },
                "content": {
                    "content_labels": [
                        "계약의 내용",
                        "계약금의 지급"
                    ],
                    "description": "“을”은 토요일 근로를 포함하여 1 월 평균 ( )시간의 연장근로에 동의하며, “갑”은 연장근로에 대한 수당을 연봉 산정 시 포함하여 매월 지급한다."
                }
            },
            {
                "id": "24",
                "format": {
                    "position": {
                        "line": "24"
                    },
                    "section_type": "TEXT",
                    "format_type": "본문",
                    "is_article_title": true,
                    "article": 8,
                    "paragraph": null,
                    "subparagraph": null
                },
                "content": {
                    "content_labels": [
                        "계약금의 지급"
                    ],
                    "description": "제8조 (임금형태 및 구성)"
                }
            },
            {
                "id": "25",
                "format": {
                    "position": {
                        "line": "25"
                    },
                    "section_type": "TEXT",
                    "format_type": "본문",
                    "is_article_title": false,
                    "article": 8,
                    "paragraph": 1,
                    "subparagraph": null
                },
                "content": {
                    "content_labels": [
                        "계약금의 지급"
                    ],
                    "description": "(1) 임금형태는 연봉제로 하며, 연봉에 연장근로수당 등 법정 제수당을 포함하는 포괄임금제를 적용한다."
                }
            },
            {
                "id": "26",
                "format": {
                    "position": {
                        "line": "26"
                    },
                    "section_type": "TEXT",
                    "format_type": "본문",
                    "is_article_title": false,
                    "article": 8,
                    "paragraph": 2,
                    "subparagraph": null
                },
                "content": {
                    "content_labels": [
                        "계약금의 지급"
                    ],
                    "description": "(2) 퇴직금은 계속 근로 년 수가 1년 이상인자에 한하여 발생하며, 대통령령으로 정한 사유에 한하여 퇴직금 중간정산을 신청할 수 있다."
                }
            },
            {
                "id": "27",
                "format": {
                    "position": {
                        "line": "27"
                    },
                    "section_type": "TEXT",
                    "format_type": "본문",
                    "is_article_title": false,
                    "article": 8,
                    "paragraph": 3,
                    "subparagraph": null
                },
                "content": {
                    "content_labels": [
                        "관계법령준수",
                        "계약의 내용"
                    ],
                    "description": "(3) 휴일과 휴가는 관련 법령 및 회사의 취업규칙에 따른다."
                }
            },
            {
                "id": "28",
                "format": {
                    "position": {
                        "line": "28"
                    },
                    "section_type": "TEXT",
                    "format_type": "본문",
                    "is_article_title": true,
                    "article": 9,
                    "paragraph": null,
                    "subparagraph": null
                },
                "content": {
                    "content_labels": [
                        "계약금의 지급"
                    ],
                    "description": "제9조 (보수 및 지원)"
                }
            },
            {
                "id": "29",
                "format": {
                    "position": {
                        "line": "29"
                    },
                    "section_type": "TEXT",
                    "format_type": "본문",
                    "is_article_title": false,
                    "article": 9,
                    "paragraph": 1,
                    "subparagraph": null
                },
                "content": {
                    "content_labels": [
                        "계약금의 지급"
                    ],
                    "description": "(1) 갑이 을에게 지급하는 근속기간별 연간 보수총액(근로소득세 및 4대보험료 근로자 부담금을 원천징수 또는 공제하기 전 금액임)은 아래 표 기재와 같으며 보수 관련 자세한 내역은 별첨1 목록 기재와 같다. 퇴직금은 1년 근속 시 마다 발생한다."
                }
            },
            {
                "id": "30",
                "format": {
                    "position": {
                        "line": "30"
                    },
                    "section_type": "TABLE",
                    "format_type": "본문",
                    "is_article_title": false,
                    "article": 9,
                    "paragraph": 1,
                    "subparagraph": null
                },
                "content": {
                    "content_labels": [
                        "계약금의 지급"
                    ],
                    "description": "<table><tbody><tr><td rowspan=\"2\">1~3년차~</td><td>항목</td><td>연간보수총액 <br> (세전)</td><td>비고(지급방법) </td></tr><tr><td>급여(기본급 주휴<br> 수당 연장수당 휴<br> 일수당 및 연차수<br> 당, 상여금 포함) <br> 및 퇴직금 합계<br> (연간)</td><td>(@금액) 원 </td><td>매월 10일 급여를 지급하며, 퇴<br> 직금은 적립 (별첨1 목록 참조)</td></tr></tbody></table>"
                }
            },
            {
                "id": "31",
                "format": {
                    "position": {
                        "line": "31"
                    },
                    "section_type": "TEXT",
                    "format_type": "본문",
                    "is_article_title": true,
                    "article": 10,
                    "paragraph": null,
                    "subparagraph": null
                },
                "content": {
                    "content_labels": [
                        "계약의 내용"
                    ],
                    "description": "제10조 (휴가)"
                }
            },
            {
                "id": "32",
                "format": {
                    "position": {
                        "line": "32"
                    },
                    "section_type": "TEXT",
                    "format_type": "본문",
                    "is_article_title": false,
                    "article": 10,
                    "paragraph": null,
                    "subparagraph": null
                },
                "content": {
                    "content_labels": [
                        "계약의 내용",
                        "업무 수행을 위한 협조, 협의"
                    ],
                    "description": "연중 휴가일수는 총 12일이며 갑과 을이 협의하여 사용시기를 결정하도록 한다. (세부사항 복무규정 참조)"
                }
            },
            {
                "id": "33",
                "format": {
                    "position": {
                        "line": "33"
                    },
                    "section_type": "TEXT",
                    "format_type": "본문",
                    "is_article_title": true,
                    "article": 11,
                    "paragraph": null,
                    "subparagraph": null
                },
                "content": {
                    "content_labels": [
                        "계약의 내용",
                        "계약 변경에 대한 합의"
                    ],
                    "description": "제11조 (근로조건변경)"
                }
            },
            {
                "id": "34",
                "format": {
                    "position": {
                        "line": "34"
                    },
                    "section_type": "TEXT",
                    "format_type": "본문",
                    "is_article_title": false,
                    "article": 11,
                    "paragraph": null,
                    "subparagraph": null
                },
                "content": {
                    "content_labels": [
                        "계약의 내용",
                        "계약 변경에 대한 합의"
                    ],
                    "description": "“갑”은 사업경영상 필요한 경우 “을”의 직무, 근무 장소, 근무시간 등 근로조건을 변경할 수 있으며, “을”은 이에 동의한다"
                }
            },
            {
                "id": "35",
                "format": {
                    "position": {
                        "line": "35"
                    },
                    "section_type": "TEXT",
                    "format_type": "본문",
                    "is_article_title": true,
                    "article": 12,
                    "paragraph": null,
                    "subparagraph": null
                },
                "content": {
                    "content_labels": [
                        "비밀 유지"
                    ],
                    "description": "제12조 (비밀 유지)"
                }
            },
            {
                "id": "36",
                "format": {
                    "position": {
                        "line": "36"
                    },
                    "section_type": "TEXT",
                    "format_type": "본문",
                    "is_article_title": false,
                    "article": 12,
                    "paragraph": null,
                    "subparagraph": null
                },
                "content": {
                    "content_labels": [
                        "비밀 유지"
                    ],
                    "description": "을은 계약기간 중 업무와 관련하여 알게 된 영업비밀, 고객(환자)의 개인정보, 업무 관련 정보를 계약기간 중은 물론 계약기간 종료 후에도 갑의 명시적인 서면 동의 없이는 제3자에게 공개하거나 누설하여서는 아니 된다."
                }
            },
            {
                "id": "37",
                "format": {
                    "position": {
                        "line": "37"
                    },
                    "section_type": "TEXT",
                    "format_type": "본문",
                    "is_article_title": true,
                    "article": 13,
                    "paragraph": null,
                    "subparagraph": null
                },
                "content": {
                    "content_labels": [
                        "경쟁제한 의무"
                    ],
                    "description": "제13조 (경업 금지)"
                }
            },
            {
                "id": "38",
                "format": {
                    "position": {
                        "line": "38"
                    },
                    "section_type": "TEXT",
                    "format_type": "본문",
                    "is_article_title": false,
                    "article": 13,
                    "paragraph": 1,
                    "subparagraph": null
                },
                "content": {
                    "content_labels": [
                        "경쟁제한 의무"
                    ],
                    "description": "(1) (@구체적 사실관계)"
                }
            },
            {
                "id": "39",
                "format": {
                    "position": {
                        "line": "39"
                    },
                    "section_type": "TEXT",
                    "format_type": "본문",
                    "is_article_title": false,
                    "article": 13,
                    "paragraph": 2,
                    "subparagraph": null
                },
                "content": {
                    "content_labels": [
                        "경쟁제한 의무"
                    ],
                    "description": "(2) 을은 본 계약의 해지 또는 계약기간 종료 후 5년간은 갑이 운영하는 (@회사)에서 근무하고 있는 직원 또는 갑이 운영하는 (@회사)에서 퇴직한지 5년이 경과하지 아니한 직원을 채용하지 않기로 한다"
                }
            },
            {
                "id": "40",
                "format": {
                    "position": {
                        "line": "40"
                    },
                    "section_type": "TEXT",
                    "format_type": "본문",
                    "is_article_title": true,
                    "article": 14,
                    "paragraph": null,
                    "subparagraph": null
                },
                "content": {
                    "content_labels": [
                        "계약의 해제, 해지"
                    ],
                    "description": "제14조 (해지)"
                }
            },
            {
                "id": "41",
                "format": {
                    "position": {
                        "line": "41"
                    },
                    "section_type": "TEXT",
                    "format_type": "본문",
                    "is_article_title": false,
                    "article": 14,
                    "paragraph": 1,
                    "subparagraph": null
                },
                "content": {
                    "content_labels": [
                        "계약의 해제, 해지"
                    ],
                    "description": "(1) 갑은 다음 각 호의 1의 경우에 본 계약을 해지할 수 있다."
                }
            },
            {
                "id": "42",
                "format": {
                    "position": {
                        "line": "42"
                    },
                    "section_type": "TEXT",
                    "format_type": "본문",
                    "is_article_title": false,
                    "article": 14,
                    "paragraph": 1,
                    "subparagraph": 1
                },
                "content": {
                    "content_labels": [
                        "계약의 해제, 해지"
                    ],
                    "description": "1. 을이 본 계약에서 정한 사항을 위반하는 경우"
                }
            },
            {
                "id": "43",
                "format": {
                    "position": {
                        "line": "43"
                    },
                    "section_type": "TEXT",
                    "format_type": "본문",
                    "is_article_title": false,
                    "article": 14,
                    "paragraph": 1,
                    "subparagraph": 2
                },
                "content": {
                    "content_labels": [
                        "계약의 해제, 해지"
                    ],
                    "description": "2. 을이 갑의 지시사항을 위반한 경우"
                }
            },
            {
                "id": "44",
                "format": {
                    "position": {
                        "line": "44"
                    },
                    "section_type": "TEXT",
                    "format_type": "본문",
                    "is_article_title": false,
                    "article": 14,
                    "paragraph": 1,
                    "subparagraph": 3
                },
                "content": {
                    "content_labels": [
                        "계약의 해제, 해지"
                    ],
                    "description": "3. 을이 업무수행 중 고의 또는 중대한 과실로 갑에게 손해를 입힌 경우"
                }
            },
            {
                "id": "45",
                "format": {
                    "position": {
                        "line": "45"
                    },
                    "section_type": "TEXT",
                    "format_type": "본문",
                    "is_article_title": false,
                    "article": 14,
                    "paragraph": 1,
                    "subparagraph": 4
                },
                "content": {
                    "content_labels": [
                        "계약의 해제, 해지"
                    ],
                    "description": "4. 계약관계를 계속 유지하는 것이 감내하기 어려울 정도로 신뢰가 깨진 경우"
                }
            },
            {
                "id": "46",
                "format": {
                    "position": {
                        "line": "46"
                    },
                    "section_type": "TEXT",
                    "format_type": "본문",
                    "is_article_title": false,
                    "article": 14,
                    "paragraph": 1,
                    "subparagraph": 5
                },
                "content": {
                    "content_labels": [
                        "계약의 해제, 해지"
                    ],
                    "description": "5. 기타 계약관계를 계속 유지함이 부당하다고 인정되는 부득이한 사유가 발생한 경우"
                }
            },
            {
                "id": "47",
                "format": {
                    "position": {
                        "line": "47"
                    },
                    "section_type": "TEXT",
                    "format_type": "본문",
                    "is_article_title": false,
                    "article": 14,
                    "paragraph": 2,
                    "subparagraph": null
                },
                "content": {
                    "content_labels": [
                        "계약의 해제, 해지"
                    ],
                    "description": "(2) 을은 다음 각 호의 1의 경우에 본 계약을 해지할 수 있다."
                }
            },
            {
                "id": "48",
                "format": {
                    "position": {
                        "line": "48"
                    },
                    "section_type": "TEXT",
                    "format_type": "본문",
                    "is_article_title": false,
                    "article": 14,
                    "paragraph": 2,
                    "subparagraph": 1
                },
                "content": {
                    "content_labels": [
                        "계약의 해제, 해지"
                    ],
                    "description": "1. 갑이 정당한 사유없이 3개월분 이상의 보수를 지급하지 아니하는 경우"
                }
            },
            {
                "id": "49",
                "format": {
                    "position": {
                        "line": "49"
                    },
                    "section_type": "TEXT",
                    "format_type": "본문",
                    "is_article_title": true,
                    "article": 15,
                    "paragraph": null,
                    "subparagraph": null
                },
                "content": {
                    "content_labels": [
                        "손해배상의 예정"
                    ],
                    "description": "제15조 (손해배상)"
                }
            },
            {
                "id": "50",
                "format": {
                    "position": {
                        "line": "50"
                    },
                    "section_type": "TEXT",
                    "format_type": "본문",
                    "is_article_title": false,
                    "article": 15,
                    "paragraph": 1,
                    "subparagraph": null
                },
                "content": {
                    "content_labels": [
                        "손해배상의 예정"
                    ],
                    "description": "(1) 을이 제5조에 정한 계약기간에 위반하거나 본 계약에 정한 사항을 위반한 경우 그로 인하여 갑에게 발생한 손해를 전부 배상하여야 한다."
                }
            },
            {
                "id": "51",
                "format": {
                    "position": {
                        "line": "51"
                    },
                    "section_type": "TEXT",
                    "format_type": "본문",
                    "is_article_title": false,
                    "article": 15,
                    "paragraph": 2,
                    "subparagraph": null
                },
                "content": {
                    "content_labels": [
                        "계약의 해제, 해지"
                    ],
                    "description": "(2) 제14조 에서 정한 해지는 본 조에 의한 손해배상에 영향을 미치지 않는다."
                }
            },
            {
                "id": "52",
                "format": {
                    "position": {
                        "line": "52"
                    },
                    "section_type": "TEXT",
                    "format_type": "본문",
                    "is_article_title": true,
                    "article": 16,
                    "paragraph": null,
                    "subparagraph": null
                },
                "content": {
                    "content_labels": [
                        "계약 변경에 대한 합의"
                    ],
                    "description": "제16조 (처우변동)"
                }
            },
            {
                "id": "53",
                "format": {
                    "position": {
                        "line": "53"
                    },
                    "section_type": "TEXT",
                    "format_type": "본문",
                    "is_article_title": false,
                    "article": 16,
                    "paragraph": null,
                    "subparagraph": null
                },
                "content": {
                    "content_labels": [
                        "계약 변경에 대한 합의"
                    ],
                    "description": "본 근로계약 체결이후에 발생하는 승진, 승급 기타 근로조건 변경에 대해서는 별도의 추가적인 계약이 없더라도 본 계약이 갱신되어 처우가 변동된 것으로 본다"
                }
            },
            {
                "id": "54",
                "format": {
                    "position": {
                        "line": "54"
                    },
                    "section_type": "TEXT",
                    "format_type": "본문",
                    "is_article_title": true,
                    "article": 17,
                    "paragraph": null,
                    "subparagraph": null
                },
                "content": {
                    "content_labels": [
                        "계약의 해제, 해지"
                    ],
                    "description": "제17조 (의원사직)"
                }
            },
            {
                "id": "55",
                "format": {
                    "position": {
                        "line": "55"
                    },
                    "section_type": "TEXT",
                    "format_type": "본문",
                    "is_article_title": false,
                    "article": 17,
                    "paragraph": null,
                    "subparagraph": null
                },
                "content": {
                    "content_labels": [
                        "계약의 해제, 해지",
                        "통지의무"
                    ],
                    "description": "“을”은 본인의 사정으로 퇴사하고자 할 경우 “갑”에게 1개월 전에 사전 통보하고 업무인계인수를 하여야 한다."
                }
            },
            {
                "id": "56",
                "format": {
                    "position": {
                        "line": "56"
                    },
                    "section_type": "TEXT",
                    "format_type": "본문",
                    "is_article_title": true,
                    "article": 18,
                    "paragraph": null,
                    "subparagraph": null
                },
                "content": {
                    "content_labels": [
                        "기타"
                    ],
                    "description": "제18조 (기타사항)"
                }
            },
            {
                "id": "57",
                "format": {
                    "position": {
                        "line": "57"
                    },
                    "section_type": "TEXT",
                    "format_type": "본문",
                    "is_article_title": false,
                    "article": 18,
                    "paragraph": null,
                    "subparagraph": null
                },
                "content": {
                    "content_labels": [
                        "준거법"
                    ],
                    "description": "본 계약에서 정하지 않은 내용이나 본 계약의 세부사항은 취업규칙, 관련법령 및 일반관례에 따른다."
                }
            },
            {
                "id": "58",
                "format": {
                    "position": {
                        "line": "58"
                    },
                    "section_type": "TEXT",
                    "format_type": "본문",
                    "is_article_title": true,
                    "article": 19,
                    "paragraph": null,
                    "subparagraph": null
                },
                "content": {
                    "content_labels": [
                        "신의성실"
                    ],
                    "description": "제 19 조 (신의성실)"
                }
            },
            {
                "id": "59",
                "format": {
                    "position": {
                        "line": "59"
                    },
                    "section_type": "TEXT",
                    "format_type": "본문",
                    "is_article_title": false,
                    "article": 19,
                    "paragraph": null,
                    "subparagraph": null
                },
                "content": {
                    "content_labels": [
                        "신의성실"
                    ],
                    "description": "본 계약은 당사자 사이의 상호간의 신의에 기본하여 체결하였으므로 각 당사자는 이를 성실하게 준수하여야 한다"
                }
            },
            {
                "id": "60",
                "format": {
                    "position": {
                        "line": "60"
                    },
                    "section_type": "TEXT",
                    "format_type": "후문",
                    "is_article_title": false,
                    "article": null,
                    "paragraph": null,
                    "subparagraph": null
                },
                "content": {
                    "content_labels": [
                        "계약서의 교부"
                    ],
                    "description": "위의 내용을 증명하기 위하여 본 계약의 당사자들은 본 계약서 2부를 작성하여 각자 서명 또는 기명 날인하도록 한다."
                }
            },
            {
                "id": "61",
                "format": {
                    "position": {
                        "line": "61"
                    },
                    "section_type": "TEXT",
                    "format_type": "기명날인",
                    "is_article_title": false,
                    "article": null,
                    "paragraph": null,
                    "subparagraph": null
                },
                "content": {
                    "content_labels": [
                        "회사의 인적사항",
                        "회사의 기명날인"
                    ],
                    "description": "갑 :\n(@회사명)(@직업) (@성명1) (인)"
                }
            },
            {
                "id": "62",
                "format": {
                    "position": {
                        "line": "62"
                    },
                    "section_type": "TEXT",
                    "format_type": "기명날인",
                    "is_article_title": false,
                    "article": null,
                    "paragraph": null,
                    "subparagraph": null
                },
                "content": {
                    "content_labels": [
                        "피고용인의 인적사항",
                        "피고용인의 기명날인"
                    ],
                    "description": "을 :\n(@성명2) (인)"
                }
            }
        ]
    }
}