{
    "document": {
        "type": "계약 법률 문서",
        "metadata": {
            "file_info": {
                "document_name": "기타고용계약서_0145",
                "document_size": "98kb",
                "document_page_count": "3",
                "document_total_ids": "39",
                "document_format": "pdf",
                "document_creation_date": "2024-10-28",
                "document_category": {
                    "main_category": "인사_고용_노무",
                    "sub_category": "고용계약",
                    "detail_category": "기타고용계약서"
                },
                "additional_info": {
                    "related_law": "고등교육법",
                    "document_purpose": "대학 및 연구기관에서 연구박사와의 고용계약을 체결하여 연구 및 교육활동을 수행하고, 연구계획서에 따른 연구를 진행하며 교육자로서의 역할을 명확히 하기 위함",
                    "document_use_case": "대학이나 연구기관에서 연구박사를 고용하여 연구 프로젝트를 수행하고, 연구 결과를 학술지에 게재하는 등 연구업적을 쌓기 위한 목적으로 활용. 특히, 연구박사의 연구 및 교육활동 조건을 명확히 하여 원활한 연구 수행을 보장하기 위해 사용됨.",
                    "public_domain_sources": null
                }
            }
        },
        "sections": [
            {
                "id": "1",
                "format": {
                    "position": {
                        "line": "1"
                    },
                    "section_type": "TEXT",
                    "format_type": "제목",
                    "is_article_title": false,
                    "article": null,
                    "paragraph": null,
                    "subparagraph": null
                },
                "content": {
                    "content_labels": [
                        "기타"
                    ],
                    "description": "Postdoctoral Position(연구박사) 고용계약서"
                }
            },
            {
                "id": "2",
                "format": {
                    "position": {
                        "line": "2"
                    },
                    "section_type": "TEXT",
                    "format_type": "서문",
                    "is_article_title": false,
                    "article": null,
                    "paragraph": null,
                    "subparagraph": null
                },
                "content": {
                    "content_labels": [
                        "계약의 당사자"
                    ],
                    "description": "을 “갑”으로 하고 연구박사(Postdoctoral Position)를 “을”로, 지도교수를 “병”으로 하여 다음과 같이 계약을 체결한다."
                }
            },
            {
                "id": "3",
                "format": {
                    "position": {
                        "line": "3"
                    },
                    "section_type": "TEXT",
                    "format_type": "본문",
                    "is_article_title": true,
                    "article": 1,
                    "paragraph": null,
                    "subparagraph": null
                },
                "content": {
                    "content_labels": [
                        "일부무효"
                    ],
                    "description": "제1조 (계약의 일부 무효)"
                }
            },
            {
                "id": "4",
                "format": {
                    "position": {
                        "line": "4"
                    },
                    "section_type": "TEXT",
                    "format_type": "본문",
                    "is_article_title": false,
                    "article": 1,
                    "paragraph": null,
                    "subparagraph": null
                },
                "content": {
                    "content_labels": [
                        "일부무효"
                    ],
                    "description": "본 계약의 일부 조항이 강행규정 등에 위배되어 무효가 되더라도, 이는 본 계약서의 다른 조항의 효력 여부에 영향을 미치지 아니 한다. 다만, 일부 조항이 무효가 되면서 계약의 목적을 달성할 수 없음이 객관적으로 명백해진 경우에는 본 계약 전체를 무효로 한다."
                }
            },
            {
                "id": "5",
                "format": {
                    "position": {
                        "line": "5"
                    },
                    "section_type": "TEXT",
                    "format_type": "본문",
                    "is_article_title": true,
                    "article": 2,
                    "paragraph": null,
                    "subparagraph": null
                },
                "content": {
                    "content_labels": [
                        "계약의 당사자"
                    ],
                    "description": "제2조 (계약당사자)"
                }
            },
            {
                "id": "6",
                "format": {
                    "position": {
                        "line": "6"
                    },
                    "section_type": "TEXT",
                    "format_type": "본문",
                    "is_article_title": false,
                    "article": 2,
                    "paragraph": 1,
                    "subparagraph": null
                },
                "content": {
                    "content_labels": [
                        "회사의 인적사항"
                    ],
                    "description": "① 갑은 :"
                }
            },
            {
                "id": "7",
                "format": {
                    "position": {
                        "line": "7"
                    },
                    "section_type": "TEXT",
                    "format_type": "본문",
                    "is_article_title": false,
                    "article": 2,
                    "paragraph": 2,
                    "subparagraph": null
                },
                "content": {
                    "content_labels": [
                        "피고용인의 인적사항"
                    ],
                    "description": "② 을은 연구박사 :\n성명 ( 한자 : )"
                }
            },
            {
                "id": "8",
                "format": {
                    "position": {
                        "line": "8"
                    },
                    "section_type": "TEXT",
                    "format_type": "본문",
                    "is_article_title": false,
                    "article": 2,
                    "paragraph": 3,
                    "subparagraph": null
                },
                "content": {
                    "content_labels": [
                        "기타"
                    ],
                    "description": "③ 병은 지도교수:\n성명 ( 한자 : )"
                }
            },
            {
                "id": "9",
                "format": {
                    "position": {
                        "line": "9"
                    },
                    "section_type": "TEXT",
                    "format_type": "본문",
                    "is_article_title": true,
                    "article": 3,
                    "paragraph": null,
                    "subparagraph": null
                },
                "content": {
                    "content_labels": [
                        "계약기간"
                    ],
                    "description": "제3조 (계약기간)"
                }
            },
            {
                "id": "10",
                "format": {
                    "position": {
                        "line": "10"
                    },
                    "section_type": "TEXT",
                    "format_type": "본문",
                    "is_article_title": false,
                    "article": 3,
                    "paragraph": null,
                    "subparagraph": null
                },
                "content": {
                    "content_labels": [
                        "계약기간"
                    ],
                    "description": "“을”의 계약기간은 200 년 월 일 부터 년 월 일까지로 한다."
                }
            },
            {
                "id": "11",
                "format": {
                    "position": {
                        "line": "11"
                    },
                    "section_type": "TEXT",
                    "format_type": "본문",
                    "is_article_title": true,
                    "article": 4,
                    "paragraph": null,
                    "subparagraph": null
                },
                "content": {
                    "content_labels": [
                        "계약의 내용"
                    ],
                    "description": "제4조 (“갑”의 의무)"
                }
            },
            {
                "id": "12",
                "format": {
                    "position": {
                        "line": "12"
                    },
                    "section_type": "TEXT",
                    "format_type": "본문",
                    "is_article_title": false,
                    "article": 4,
                    "paragraph": 1,
                    "subparagraph": null
                },
                "content": {
                    "content_labels": [
                        "계약금의 지급"
                    ],
                    "description": "① “갑”은 “을”에게 고용계약의 연구비로 일금 ￦ 원을 지불하며 연구비 이외의 다른 급여는 지급하지 않는다."
                }
            },
            {
                "id": "13",
                "format": {
                    "position": {
                        "line": "13"
                    },
                    "section_type": "TEXT",
                    "format_type": "본문",
                    "is_article_title": false,
                    "article": 4,
                    "paragraph": 2,
                    "subparagraph": null
                },
                "content": {
                    "content_labels": [
                        "계약의 내용"
                    ],
                    "description": "② “갑”은 “을”에게 연구에 필요한 모든 시설을 제공하며 지도교수의 연구실을 공동으로 사용할 수 있도록 한다."
                }
            },
            {
                "id": "14",
                "format": {
                    "position": {
                        "line": "14"
                    },
                    "section_type": "TEXT",
                    "format_type": "본문",
                    "is_article_title": false,
                    "article": 4,
                    "paragraph": 3,
                    "subparagraph": null
                },
                "content": {
                    "content_labels": [
                        "계약금의 지급",
                        "계약의 내용"
                    ],
                    "description": "③ “갑”은 “을”에게주당 6시간 이내의 강의를 배정할 수 있다. 다만, 주당 6시간을 초과하는 경우 초과  강사료를 지급하여야 한다."
                }
            },
            {
                "id": "15",
                "format": {
                    "position": {
                        "line": "15"
                    },
                    "section_type": "TEXT",
                    "format_type": "본문",
                    "is_article_title": true,
                    "article": 5,
                    "paragraph": null,
                    "subparagraph": null
                },
                "content": {
                    "content_labels": [
                        "계약의 내용"
                    ],
                    "description": "제5조 (“을”의 의무)"
                }
            },
            {
                "id": "16",
                "format": {
                    "position": {
                        "line": "16"
                    },
                    "section_type": "TEXT",
                    "format_type": "본문",
                    "is_article_title": false,
                    "article": 5,
                    "paragraph": 1,
                    "subparagraph": null
                },
                "content": {
                    "content_labels": [
                        "계약의 내용"
                    ],
                    "description": "① “을”은 본교 부설 연구소에 소속되고 본 고용계약서에 첨부된 연구계획서대로 “병”의 지 도하에 연구를 수행하여야 한다."
                }
            },
            {
                "id": "17",
                "format": {
                    "position": {
                        "line": "17"
                    },
                    "section_type": "TEXT",
                    "format_type": "본문",
                    "is_article_title": false,
                    "article": 5,
                    "paragraph": 2,
                    "subparagraph": null
                },
                "content": {
                    "content_labels": [
                        "계약의 내용"
                    ],
                    "description": "② “을”은 주당 6시간 이내의 강의와 연구에 전념하여야 하며 주당 5일간 출근해야 한다."
                }
            },
            {
                "id": "18",
                "format": {
                    "position": {
                        "line": "18"
                    },
                    "section_type": "TEXT",
                    "format_type": "본문",
                    "is_article_title": false,
                    "article": 5,
                    "paragraph": 3,
                    "subparagraph": null
                },
                "content": {
                    "content_labels": [
                        "계약의 내용"
                    ],
                    "description": "③ “을”은 연구결과보고서를 계약기간 만료일 1개월 이전에 연구(연구산학협력)처로 제출하여야 하고 연구 종료후 2년이내 연구결과를 논문평가제도가 있는 국내외학회의 논문지에 연구소 소속명의로 1편 이상을 게재하여야 하며, “이연구는 ‘00년도 경희대학교의 지원에 의한 결과임”을 밝혀야 한다."
                }
            },
            {
                "id": "19",
                "format": {
                    "position": {
                        "line": "19"
                    },
                    "section_type": "TEXT",
                    "format_type": "본문",
                    "is_article_title": false,
                    "article": 5,
                    "paragraph": 4,
                    "subparagraph": null
                },
                "content": {
                    "content_labels": [
                        "계약의 내용"
                    ],
                    "description": "④ “을”은 “갑”의 사전승인 없이 타기관의 출강 또는 타기관의 업무를 겸할 수 없다."
                }
            },
            {
                "id": "20",
                "format": {
                    "position": {
                        "line": "20"
                    },
                    "section_type": "TEXT",
                    "format_type": "본문",
                    "is_article_title": false,
                    "article": 5,
                    "paragraph": 5,
                    "subparagraph": null
                },
                "content": {
                    "content_labels": [
                        "선량한 관리자의 의무"
                    ],
                    "description": "⑤ “을”은 교육자로서 품위를 유지하여야 하며 본교의 교육시책에 따르고 본교발전에 이바지 하여야 한다."
                }
            },
            {
                "id": "21",
                "format": {
                    "position": {
                        "line": "21"
                    },
                    "section_type": "TEXT",
                    "format_type": "본문",
                    "is_article_title": false,
                    "article": 5,
                    "paragraph": 6,
                    "subparagraph": null
                },
                "content": {
                    "content_labels": [
                        "계약의 해제, 해지",
                        "손해배상의 예정"
                    ],
                    "description": "⑥ “을”은 귀책사유로 본 계약을 위반하여 해약되었을 경우 본교로부터 수혜받은 연구비는 전액 반납하여야 한다."
                }
            },
            {
                "id": "22",
                "format": {
                    "position": {
                        "line": "22"
                    },
                    "section_type": "TEXT",
                    "format_type": "본문",
                    "is_article_title": true,
                    "article": 6,
                    "paragraph": null,
                    "subparagraph": null
                },
                "content": {
                    "content_labels": [
                        "계약의 내용"
                    ],
                    "description": "제6조 (“병”의 의무)"
                }
            },
            {
                "id": "23",
                "format": {
                    "position": {
                        "line": "23"
                    },
                    "section_type": "TEXT",
                    "format_type": "본문",
                    "is_article_title": false,
                    "article": 6,
                    "paragraph": 1,
                    "subparagraph": null
                },
                "content": {
                    "content_labels": [
                        "업무 수행을 위한 협조, 협의"
                    ],
                    "description": "① “병”은 “을”이 연구 및 강의에 전념할 수 있도록 연구실의 공동사용 및 강의배정에 협력하여야 한다."
                }
            },
            {
                "id": "24",
                "format": {
                    "position": {
                        "line": "24"
                    },
                    "section_type": "TEXT",
                    "format_type": "본문",
                    "is_article_title": false,
                    "article": 6,
                    "paragraph": 2,
                    "subparagraph": null
                },
                "content": {
                    "content_labels": [
                        "업무 수행을 위한 협조, 협의"
                    ],
                    "description": "② “병”은 “을”이 본 고용계약서에 첨부된 연구계획서의 연구과제를 원만히 수행할 수 있도록 지도교수로서 지도를 다하여야 한다."
                }
            },
            {
                "id": "25",
                "format": {
                    "position": {
                        "line": "25"
                    },
                    "section_type": "TEXT",
                    "format_type": "본문",
                    "is_article_title": false,
                    "article": 6,
                    "paragraph": 3,
                    "subparagraph": null
                },
                "content": {
                    "content_labels": [
                        "계약의 내용"
                    ],
                    "description": "③ “병”은 “을”의 지도교수로서 “을”에 대한 신원보증의 책임과 “을”이 본 계약의 해약시 연구비를 반납하는 경우 보증인의 의무를 다하여야 한다."
                }
            },
            {
                "id": "26",
                "format": {
                    "position": {
                        "line": "26"
                    },
                    "section_type": "TEXT",
                    "format_type": "본문",
                    "is_article_title": true,
                    "article": 7,
                    "paragraph": null,
                    "subparagraph": null
                },
                "content": {
                    "content_labels": [
                        "계약의 해제, 해지"
                    ],
                    "description": "제7조 (계약의 해지)"
                }
            },
            {
                "id": "27",
                "format": {
                    "position": {
                        "line": "27"
                    },
                    "section_type": "TEXT",
                    "format_type": "본문",
                    "is_article_title": false,
                    "article": 7,
                    "paragraph": null,
                    "subparagraph": null
                },
                "content": {
                    "content_labels": [
                        "계약의 해제, 해지"
                    ],
                    "description": "“갑”은 다음 각 호의 계약해지 사유가 발생하면 일방적으로 본 계약을 해지할 수 있다."
                }
            },
            {
                "id": "28",
                "format": {
                    "position": {
                        "line": "28"
                    },
                    "section_type": "TEXT",
                    "format_type": "본문",
                    "is_article_title": false,
                    "article": 7,
                    "paragraph": 1,
                    "subparagraph": null
                },
                "content": {
                    "content_labels": [
                        "계약의 해제, 해지"
                    ],
                    "description": "① “을”이 제 4 조(“을”의 의무)의 각 항을 위반하였을 때"
                }
            },
            {
                "id": "29",
                "format": {
                    "position": {
                        "line": "29"
                    },
                    "section_type": "TEXT",
                    "format_type": "본문",
                    "is_article_title": false,
                    "article": 7,
                    "paragraph": 2,
                    "subparagraph": null
                },
                "content": {
                    "content_labels": [
                        "계약의 해제, 해지"
                    ],
                    "description": "② “을”이 신체상의 이유로 강의 및 연구를 수행하기 어려울 때"
                }
            },
            {
                "id": "30",
                "format": {
                    "position": {
                        "line": "30"
                    },
                    "section_type": "TEXT",
                    "format_type": "본문",
                    "is_article_title": false,
                    "article": 7,
                    "paragraph": 3,
                    "subparagraph": null
                },
                "content": {
                    "content_labels": [
                        "계약의 해제, 해지"
                    ],
                    "description": "③ 연구박사 임용기준이 되는 각종 증명 및 연구실적이 허위임이 밝혀질 때"
                }
            },
            {
                "id": "31",
                "format": {
                    "position": {
                        "line": "31"
                    },
                    "section_type": "TEXT",
                    "format_type": "본문",
                    "is_article_title": false,
                    "article": 7,
                    "paragraph": 4,
                    "subparagraph": null
                },
                "content": {
                    "content_labels": [
                        "계약의 해제, 해지"
                    ],
                    "description": "④ “을”이 본계약의 해지를 원할 때"
                }
            },
            {
                "id": "32",
                "format": {
                    "position": {
                        "line": "32"
                    },
                    "section_type": "TEXT",
                    "format_type": "본문",
                    "is_article_title": true,
                    "article": 8,
                    "paragraph": null,
                    "subparagraph": null
                },
                "content": {
                    "content_labels": [
                        "기타"
                    ],
                    "description": "제8조 (기타)"
                }
            },
            {
                "id": "33",
                "format": {
                    "position": {
                        "line": "33"
                    },
                    "section_type": "TEXT",
                    "format_type": "본문",
                    "is_article_title": false,
                    "article": 8,
                    "paragraph": 1,
                    "subparagraph": null
                },
                "content": {
                    "content_labels": [
                        "기타"
                    ],
                    "description": "① 본 계약내용에 명시되지 않은 사항은 본교 제반 규정을 따른다."
                }
            },
            {
                "id": "34",
                "format": {
                    "position": {
                        "line": "34"
                    },
                    "section_type": "TEXT",
                    "format_type": "본문",
                    "is_article_title": false,
                    "article": 8,
                    "paragraph": 2,
                    "subparagraph": null
                },
                "content": {
                    "content_labels": [
                        "계약서의 교부"
                    ],
                    "description": "② 본 계약을 증명하기 위하여 3통을 작성하여 계약 당사자가 서명날인 하고 “갑”, “을”, “병”이 각각 1통씩 보관한다."
                }
            },
            {
                "id": "35",
                "format": {
                    "position": {
                        "line": "35"
                    },
                    "section_type": "TEXT",
                    "format_type": "본문",
                    "is_article_title": false,
                    "article": 8,
                    "paragraph": 3,
                    "subparagraph": null
                },
                "content": {
                    "content_labels": [
                        "기타",
                        "계약의 내용"
                    ],
                    "description": "③ 본 계약서에는 “을”이 고용기간에 수행하여야 할 연구계획서를 첨부한다."
                }
            },
            {
                "id": "36",
                "format": {
                    "position": {
                        "line": "36"
                    },
                    "section_type": "TEXT",
                    "format_type": "날짜",
                    "is_article_title": false,
                    "article": null,
                    "paragraph": null,
                    "subparagraph": null
                },
                "content": {
                    "content_labels": [
                        "계약 체결 일자"
                    ],
                    "description": "년    월      일"
                }
            },
            {
                "id": "37",
                "format": {
                    "position": {
                        "line": "37"
                    },
                    "section_type": "TEXT",
                    "format_type": "기명날인",
                    "is_article_title": false,
                    "article": null,
                    "paragraph": null,
                    "subparagraph": null
                },
                "content": {
                    "content_labels": [
                        "회사의 기명날인"
                    ],
                    "description": "(갑) : (인)"
                }
            },
            {
                "id": "38",
                "format": {
                    "position": {
                        "line": "38"
                    },
                    "section_type": "TEXT",
                    "format_type": "기명날인",
                    "is_article_title": false,
                    "article": null,
                    "paragraph": null,
                    "subparagraph": null
                },
                "content": {
                    "content_labels": [
                        "피고용인의 기명날인"
                    ],
                    "description": "(을) : (인)"
                }
            },
            {
                "id": "39",
                "format": {
                    "position": {
                        "line": "39"
                    },
                    "section_type": "TEXT",
                    "format_type": "기명날인",
                    "is_article_title": false,
                    "article": null,
                    "paragraph": null,
                    "subparagraph": null
                },
                "content": {
                    "content_labels": [
                        "기타"
                    ],
                    "description": "(병) : (인)"
                }
            }
        ]
    }
}