{
    "document": {
        "type": "계약 법률 문서",
        "metadata": {
            "file_info": {
                "document_name": "기타고용계약서_0176",
                "document_size": "223kb",
                "document_page_count": "4",
                "document_total_ids": "59",
                "document_format": "pdf",
                "document_creation_date": "2024-11-11",
                "document_category": {
                    "main_category": "인사_고용_노무",
                    "sub_category": "고용계약",
                    "detail_category": "기타고용계약서"
                },
                "additional_info": {
                    "related_law": "파견근로자 보호 등에 관한 법률, 상법",
                    "document_purpose": "개업 행사 대행 계약을 통해 행사 진행, 대행료 지급 및 제반 권리의무 사항을 규율하기 위함",
                    "document_use_case": "신규 개업한 사업장의 개업 행사를 대행하기 위해 행사 기획, 일정 작성, 인력 및 장비 투입, 홍보물 제작 등과 관련된 업무를 수행하는 경우 활용.",
                    "public_domain_sources": null
                }
            }
        },
        "sections": [
            {
                "id": "1",
                "format": {
                    "position": {
                        "line": "1"
                    },
                    "section_type": "TEXT",
                    "format_type": "제목",
                    "is_article_title": false,
                    "article": null,
                    "paragraph": null,
                    "subparagraph": null
                },
                "content": {
                    "content_labels": [
                        "기타"
                    ],
                    "description": "개업행사 대행계약서"
                }
            },
            {
                "id": "2",
                "format": {
                    "position": {
                        "line": "2"
                    },
                    "section_type": "TEXT",
                    "format_type": "서문",
                    "is_article_title": false,
                    "article": null,
                    "paragraph": null,
                    "subparagraph": null
                },
                "content": {
                    "content_labels": [
                        "계약의 당사자"
                    ],
                    "description": "개업자 (주)○○○○(이하 “갑”이라 칭한다)와 행사업자 (주)○○○○(이하 “을”이라 칭한다)는 상호간에 다음과 같이 개업 행사대행 계약을 체결한다."
                }
            },
            {
                "id": "3",
                "format": {
                    "position": {
                        "line": "3"
                    },
                    "section_type": "TEXT",
                    "format_type": "본문",
                    "is_article_title": true,
                    "article": 1,
                    "paragraph": null,
                    "subparagraph": null
                },
                "content": {
                    "content_labels": [
                        "기타"
                    ],
                    "description": "제1조 (파견근로자 개별근로계약과 관계)"
                }
            },
            {
                "id": "4",
                "format": {
                    "position": {
                        "line": "4"
                    },
                    "section_type": "TEXT",
                    "format_type": "본문",
                    "is_article_title": false,
                    "article": 1,
                    "paragraph": null,
                    "subparagraph": null
                },
                "content": {
                    "content_labels": [
                        "기타"
                    ],
                    "description": "“을”은 본 계약을 토대로 파견근로자와 개별근로계약을 체결하며, 이 계약의 내용과 상충하거나 초월하는 경우에는 “갑”의 동의를 받는다."
                }
            },
            {
                "id": "5",
                "format": {
                    "position": {
                        "line": "5"
                    },
                    "section_type": "TEXT",
                    "format_type": "본문",
                    "is_article_title": true,
                    "article": 2,
                    "paragraph": null,
                    "subparagraph": null
                },
                "content": {
                    "content_labels": [
                        "계약의 목적"
                    ],
                    "description": "제2조 (목적)"
                }
            },
            {
                "id": "6",
                "format": {
                    "position": {
                        "line": "6"
                    },
                    "section_type": "TEXT",
                    "format_type": "본문",
                    "is_article_title": false,
                    "article": 2,
                    "paragraph": null,
                    "subparagraph": null
                },
                "content": {
                    "content_labels": [
                        "계약의 목적"
                    ],
                    "description": "본 계약은 “갑”이 신규 개업한 영업장의 개업 행사 의뢰에 대하여 “을”이 관련 행사를 진행하고 행사비의 지급 및 행사진행과 제반 권리의무 사항의 규율을 목적으로 한다. "
                }
            },
            {
                "id": "7",
                "format": {
                    "position": {
                        "line": "7"
                    },
                    "section_type": "TEXT",
                    "format_type": "본문",
                    "is_article_title": true,
                    "article": 3,
                    "paragraph": null,
                    "subparagraph": null
                },
                "content": {
                    "content_labels": [
                        "신의성실"
                    ],
                    "description": "제3조 (규약 준수)"
                }
            },
            {
                "id": "8",
                "format": {
                    "position": {
                        "line": "8"
                    },
                    "section_type": "TEXT",
                    "format_type": "본문",
                    "is_article_title": false,
                    "article": 3,
                    "paragraph": null,
                    "subparagraph": null
                },
                "content": {
                    "content_labels": [
                        "신의성실"
                    ],
                    "description": "구단과 선수는 KBO 규약과 이에 부속하는 제 규정 및 KBO 운영에 관한 총재의 결정을 성실히 준수하여야 한다."
                }
            },
            {
                "id": "9",
                "format": {
                    "position": {
                        "line": "9"
                    },
                    "section_type": "TEXT",
                    "format_type": "본문",
                    "is_article_title": true,
                    "article": 4,
                    "paragraph": null,
                    "subparagraph": null
                },
                "content": {
                    "content_labels": [
                        "계약의 내용"
                    ],
                    "description": "제4조 (개업행사)"
                }
            },
            {
                "id": "10",
                "format": {
                    "position": {
                        "line": "10"
                    },
                    "section_type": "TEXT",
                    "format_type": "본문",
                    "is_article_title": false,
                    "article": 4,
                    "paragraph": 1,
                    "subparagraph": null
                },
                "content": {
                    "content_labels": [
                        "계약의 내용"
                    ],
                    "description": "1. “갑”이 신규로 개업한 ○○○○사업장에 대하여 “을”은 개업행사를 대행하고 이와 관련된 행사기획, 행사일정표 작성, 행사인력 및 장비투입 등의 관련된 업무를 수행한다."
                }
            },
            {
                "id": "11",
                "format": {
                    "position": {
                        "line": "11"
                    },
                    "section_type": "TEXT",
                    "format_type": "본문",
                    "is_article_title": false,
                    "article": 4,
                    "paragraph": 2,
                    "subparagraph": null
                },
                "content": {
                    "content_labels": [
                        "계약의 내용"
                    ],
                    "description": "2. 개업행사에는 시식코너 및 경품행사를 포함하며 “갑”이 지정한 홍보물의 제작 배포도 포함"
                }
            },
            {
                "id": "12",
                "format": {
                    "position": {
                        "line": "12"
                    },
                    "section_type": "TEXT",
                    "format_type": "본문",
                    "is_article_title": true,
                    "article": 5,
                    "paragraph": null,
                    "subparagraph": null
                },
                "content": {
                    "content_labels": [
                        "계약기간"
                    ],
                    "description": "제5조 (행사기간)"
                }
            },
            {
                "id": "13",
                "format": {
                    "position": {
                        "line": "13"
                    },
                    "section_type": "TEXT",
                    "format_type": "본문",
                    "is_article_title": false,
                    "article": 5,
                    "paragraph": null,
                    "subparagraph": null
                },
                "content": {
                    "content_labels": [
                        "계약기간"
                    ],
                    "description": "“을”은 ○○○○년 ○○월 ○○일부터 ○○○○년 ○○월 ○○일까지 행사를 진행하며  행사 첫날 및 둘째날은 ○○시부터 ○○시까지 행사하며 잔여일은 ○○시부터 ○○시까지로 한다."
                }
            },
            {
                "id": "14",
                "format": {
                    "position": {
                        "line": "14"
                    },
                    "section_type": "TEXT",
                    "format_type": "본문",
                    "is_article_title": true,
                    "article": 6,
                    "paragraph": null,
                    "subparagraph": null
                },
                "content": {
                    "content_labels": [
                        "계약금의 지급"
                    ],
                    "description": "제6조 (대행료)"
                }
            },
            {
                "id": "15",
                "format": {
                    "position": {
                        "line": "15"
                    },
                    "section_type": "TEXT",
                    "format_type": "본문",
                    "is_article_title": false,
                    "article": 6,
                    "paragraph": 1,
                    "subparagraph": null
                },
                "content": {
                    "content_labels": [
                        "계약금의 지급"
                    ],
                    "description": "1. “갑”은 총 대행금액으로서 일금○○○원정(￦ ○○○)을 지불하기로 하고 구체적으로 다음 각호에 따라 현금 지급한다."
                }
            },
            {
                "id": "16",
                "format": {
                    "position": {
                        "line": "16"
                    },
                    "section_type": "TEXT",
                    "format_type": "본문",
                    "is_article_title": false,
                    "article": 6,
                    "paragraph": 1,
                    "subparagraph": 1
                },
                "content": {
                    "content_labels": [
                        "계약금의 지급"
                    ],
                    "description": "1) 본 계약 체결 시 : 일금○○○원정(￦ ○○○)"
                }
            },
            {
                "id": "17",
                "format": {
                    "position": {
                        "line": "17"
                    },
                    "section_type": "TEXT",
                    "format_type": "본문",
                    "is_article_title": false,
                    "article": 6,
                    "paragraph": 1,
                    "subparagraph": 2
                },
                "content": {
                    "content_labels": [
                        "계약금의 지급"
                    ],
                    "description": "2) 행사 종료 시 : 일금○○○원정(￦ ○○○)"
                }
            },
            {
                "id": "18",
                "format": {
                    "position": {
                        "line": "18"
                    },
                    "section_type": "TEXT",
                    "format_type": "본문",
                    "is_article_title": false,
                    "article": 6,
                    "paragraph": 2,
                    "subparagraph": null
                },
                "content": {
                    "content_labels": [
                        "기타",
                        "면책"
                    ],
                    "description": "2. “갑”이 잔액지급을 연체할 경우 연체 1일당 연체금의 ○○%에 해당하는 연체이자가 지급일 까지 가산된다. 단, “을”의 귀책사유로 인한 대금지급 거절의 경우에는 그러하지 아니하다."
                }
            },
            {
                "id": "19",
                "format": {
                    "position": {
                        "line": "19"
                    },
                    "section_type": "TEXT",
                    "format_type": "본문",
                    "is_article_title": true,
                    "article": 7,
                    "paragraph": null,
                    "subparagraph": null
                },
                "content": {
                    "content_labels": [
                        "계약의 내용"
                    ],
                    "description": "제7조 (행사 일정표)"
                }
            },
            {
                "id": "20",
                "format": {
                    "position": {
                        "line": "20"
                    },
                    "section_type": "TEXT",
                    "format_type": "본문",
                    "is_article_title": false,
                    "article": 7,
                    "paragraph": 1,
                    "subparagraph": null
                },
                "content": {
                    "content_labels": [
                        "계약의 내용",
                        "계약 변경에 대한 합의"
                    ],
                    "description": "1. “을”은 본 계약 체결 이후 ○○일 이내에 “갑”에게 제출한 행사 일정표를 작성하여 제출하여야 하며 제2조에서 규정한 시식 및 경품추첨이 반영되도록 한다. 단, 행사도중 일정표의 변경 등이 발생할 경우 즉시 “갑”에게 통지하여 협의하여야 한다."
                }
            },
            {
                "id": "21",
                "format": {
                    "position": {
                        "line": "21"
                    },
                    "section_type": "TEXT",
                    "format_type": "본문",
                    "is_article_title": false,
                    "article": 7,
                    "paragraph": 2,
                    "subparagraph": null
                },
                "content": {
                    "content_labels": [
                        "통지의무",
                        "손해배상의 예정"
                    ],
                    "description": "2. “갑”은 행사 진행도중 “을”의 행사변경 요청에 구속될 의무는 없으며 변경사항으로 “갑”이 손해를 볼 경우 이를 “을”에게 통지하고 “을”이 이를 수용할 경우 변경사항을 인정하기로 하며 이러한 경우 “갑”은 추후 잔액의 공제 시 손해를 공제하고 지급한다."
                }
            },
            {
                "id": "22",
                "format": {
                    "position": {
                        "line": "22"
                    },
                    "section_type": "TEXT",
                    "format_type": "본문",
                    "is_article_title": true,
                    "article": 8,
                    "paragraph": null,
                    "subparagraph": null
                },
                "content": {
                    "content_labels": [
                        "계약의 내용"
                    ],
                    "description": "제8조 (시식코너)"
                }
            },
            {
                "id": "23",
                "format": {
                    "position": {
                        "line": "23"
                    },
                    "section_type": "TEXT",
                    "format_type": "본문",
                    "is_article_title": false,
                    "article": 8,
                    "paragraph": 1,
                    "subparagraph": null
                },
                "content": {
                    "content_labels": [
                        "계약의 내용"
                    ],
                    "description": "1. “갑”은 매일 ○○시부터 ○○시간동안 음식에 대한 무료 시식을 실시하며 “을”은 많은 고객이 이에 동참하도록 홍보하여야 한다."
                }
            },
            {
                "id": "24",
                "format": {
                    "position": {
                        "line": "24"
                    },
                    "section_type": "TEXT",
                    "format_type": "본문",
                    "is_article_title": false,
                    "article": 8,
                    "paragraph": 2,
                    "subparagraph": null
                },
                "content": {
                    "content_labels": [
                        "계약의 내용"
                    ],
                    "description": "2. “갑”과 “을”은 시식에 필요한 음식의 공급을 충분히 하도록 하여 행사의 진행에 차질이 생기지 않도록 한다."
                }
            },
            {
                "id": "25",
                "format": {
                    "position": {
                        "line": "25"
                    },
                    "section_type": "TEXT",
                    "format_type": "본문",
                    "is_article_title": true,
                    "article": 9,
                    "paragraph": null,
                    "subparagraph": null
                },
                "content": {
                    "content_labels": [
                        "계약의 내용"
                    ],
                    "description": "제9조 (경품행사)"
                }
            },
            {
                "id": "26",
                "format": {
                    "position": {
                        "line": "26"
                    },
                    "section_type": "TEXT",
                    "format_type": "본문",
                    "is_article_title": false,
                    "article": 9,
                    "paragraph": null,
                    "subparagraph": null
                },
                "content": {
                    "content_labels": [
                        "계약의 내용",
                        "통지의무"
                    ],
                    "description": "“갑”은 “을”에게 경품 상품을 특정하여 통지하고 “을”은 이를 바탕으로 홍보하되 경품의 추첨은 행사 마지막 날에 추첨하는 것으로 한다."
                }
            },
            {
                "id": "27",
                "format": {
                    "position": {
                        "line": "27"
                    },
                    "section_type": "TEXT",
                    "format_type": "본문",
                    "is_article_title": true,
                    "article": 10,
                    "paragraph": null,
                    "subparagraph": null
                },
                "content": {
                    "content_labels": [
                        "계약의 내용"
                    ],
                    "description": "제10조 (홍보물 제작)"
                }
            },
            {
                "id": "28",
                "format": {
                    "position": {
                        "line": "28"
                    },
                    "section_type": "TEXT",
                    "format_type": "본문",
                    "is_article_title": false,
                    "article": 10,
                    "paragraph": 1,
                    "subparagraph": null
                },
                "content": {
                    "content_labels": [
                        "계약의 내용"
                    ],
                    "description": "1. “을”은 “갑”의 개업에 관한 개업일, 개업품목, 개업장소, 가계사진 등이 기재된 홍보물을 제작하여 오프라인으로 배포하고 동시에 “을”이 보유한 온라인 홍보사이트에 이를 게시하도록 한다."
                }
            },
            {
                "id": "29",
                "format": {
                    "position": {
                        "line": "29"
                    },
                    "section_type": "TEXT",
                    "format_type": "본문",
                    "is_article_title": false,
                    "article": 10,
                    "paragraph": null,
                    "subparagraph": null
                },
                "content": {
                    "content_labels": [
                        "계약의 내용"
                    ],
                    "description": "2. 홍보물 제작에 소요되는 비용은 본 계약서의 대행료의 세부 항목에 포함된 것으로 한다."
                }
            },
            {
                "id": "30",
                "format": {
                    "position": {
                        "line": "30"
                    },
                    "section_type": "TEXT",
                    "format_type": "본문",
                    "is_article_title": true,
                    "article": 11,
                    "paragraph": null,
                    "subparagraph": null
                },
                "content": {
                    "content_labels": [
                        "업무 수행을 위한 협조, 협의"
                    ],
                    "description": "제11조 (행사협조)"
                }
            },
            {
                "id": "31",
                "format": {
                    "position": {
                        "line": "31"
                    },
                    "section_type": "TEXT",
                    "format_type": "본문",
                    "is_article_title": false,
                    "article": 11,
                    "paragraph": 1,
                    "subparagraph": null
                },
                "content": {
                    "content_labels": [
                        "업무 수행을 위한 협조, 협의",
                        "신의성실"
                    ],
                    "description": "1. “갑”은 “을”이 행사관련 협조를 요청한 사항에 대하여 사전에 인정한 부분에 대하여 성실하게 협조하도록 한다."
                }
            },
            {
                "id": "32",
                "format": {
                    "position": {
                        "line": "32"
                    },
                    "section_type": "TEXT",
                    "format_type": "본문",
                    "is_article_title": false,
                    "article": 11,
                    "paragraph": 2,
                    "subparagraph": null
                },
                "content": {
                    "content_labels": [
                        "업무 수행을 위한 협조, 협의"
                    ],
                    "description": "2. “갑”은 “을”이 홍보물의 제작과 관련하여 문구의 작성 또는 일정한 도안의 평가를 요청할 시 즉시 이에 협력하여 홍보물 제작에 차질이 발생하지 않도록 한다."
                }
            },
            {
                "id": "33",
                "format": {
                    "position": {
                        "line": "33"
                    },
                    "section_type": "TEXT",
                    "format_type": "본문",
                    "is_article_title": true,
                    "article": 12,
                    "paragraph": null,
                    "subparagraph": null
                },
                "content": {
                    "content_labels": [
                        "기타"
                    ],
                    "description": "제12조 (안전책임 등)"
                }
            },
            {
                "id": "34",
                "format": {
                    "position": {
                        "line": "34"
                    },
                    "section_type": "TEXT",
                    "format_type": "본문",
                    "is_article_title": false,
                    "article": 12,
                    "paragraph": 1,
                    "subparagraph": null
                },
                "content": {
                    "content_labels": [
                        "기타"
                    ],
                    "description": "1. “을”은 행사 진행도중 유발될 수 있는 진행상의 안전사고와 운영을 위한 각종 기자재 및 출연자 이동에 대한 세부 운영계획을 수립, 철저히 실행하여 “갑”에게 피해가 없도록 하여야 한다."
                }
            },
            {
                "id": "35",
                "format": {
                    "position": {
                        "line": "35"
                    },
                    "section_type": "TEXT",
                    "format_type": "본문",
                    "is_article_title": false,
                    "article": 12,
                    "paragraph": 2,
                    "subparagraph": null
                },
                "content": {
                    "content_labels": [
                        "기타",
                        "손해배상의 예정"
                    ],
                    "description": "2. “을”은 행사와 관련하여 “을”의 대리인, 초청 섭외자, 행사 진행요원 및 기타 고용원 등을 사용하는 경우 그들의 행위 및 안전사고에 대한 일체의 책임을 진다."
                }
            },
            {
                "id": "36",
                "format": {
                    "position": {
                        "line": "36"
                    },
                    "section_type": "TEXT",
                    "format_type": "본문",
                    "is_article_title": false,
                    "article": 13,
                    "paragraph": null,
                    "subparagraph": null
                },
                "content": {
                    "content_labels": [
                        "기타"
                    ],
                    "description": "제13조 (불성실 이행)"
                }
            },
            {
                "id": "37",
                "format": {
                    "position": {
                        "line": "37"
                    },
                    "section_type": "TEXT",
                    "format_type": "본문",
                    "is_article_title": false,
                    "article": 13,
                    "paragraph": 1,
                    "subparagraph": null
                },
                "content": {
                    "content_labels": [
                        "손해배상의 예정"
                    ],
                    "description": "1. “을”이 행사 수행을 성실하게 이행치 않거나 무성의하게 이행한 경우 “갑”은 즉시 해당 사항을 적시하여 수정을 요구하고 이를 “을”이 수정하지 아니할 시 관련 손해를 잔액 결제 시 공제한다."
                }
            },
            {
                "id": "38",
                "format": {
                    "position": {
                        "line": "38"
                    },
                    "section_type": "TEXT",
                    "format_type": "본문",
                    "is_article_title": false,
                    "article": 13,
                    "paragraph": 2,
                    "subparagraph": null
                },
                "content": {
                    "content_labels": [
                        "기타"
                    ],
                    "description": "2. 제1항의 공제는 불성실 이행 부분에 소요된 경비를 추산하여 당해 부분의 경비를 공제하도록 한다."
                }
            },
            {
                "id": "39",
                "format": {
                    "position": {
                        "line": "39"
                    },
                    "section_type": "TEXT",
                    "format_type": "본문",
                    "is_article_title": true,
                    "article": 14,
                    "paragraph": null,
                    "subparagraph": null
                },
                "content": {
                    "content_labels": [
                        "면책"
                    ],
                    "description": "제14조 (불가항력)"
                }
            },
            {
                "id": "40",
                "format": {
                    "position": {
                        "line": "40"
                    },
                    "section_type": "TEXT",
                    "format_type": "본문",
                    "is_article_title": false,
                    "article": 14,
                    "paragraph": 1,
                    "subparagraph": null
                },
                "content": {
                    "content_labels": [
                        "면책"
                    ],
                    "description": "1. 행사 진행이 불가항력으로 인하여 전부 진행이 불가능한 경우 “갑”은 “을”이 행사 준비에 소요한 실경비만을 결제하여 주며 본 실경비는 일정표에 명시되어 있고 대금의 지출을 증빙할 서류가 첨부되어야 한다."
                }
            },
            {
                "id": "41",
                "format": {
                    "position": {
                        "line": "41"
                    },
                    "section_type": "TEXT",
                    "format_type": "본문",
                    "is_article_title": false,
                    "article": 14,
                    "paragraph": 2,
                    "subparagraph": null
                },
                "content": {
                    "content_labels": [
                        "면책"
                    ],
                    "description": "2. 행사의 일부가 불가항력으로 진행이 불가능한 경우에도 제1항에 준하여 처리한다."
                }
            },
            {
                "id": "42",
                "format": {
                    "position": {
                        "line": "42"
                    },
                    "section_type": "TEXT",
                    "format_type": "본문",
                    "is_article_title": true,
                    "article": 15,
                    "paragraph": null,
                    "subparagraph": null
                },
                "content": {
                    "content_labels": [
                        "권리의 양도, 처분 금지"
                    ],
                    "description": "제15조 (양도금지)"
                }
            },
            {
                "id": "43",
                "format": {
                    "position": {
                        "line": "43"
                    },
                    "section_type": "TEXT",
                    "format_type": "본문",
                    "is_article_title": false,
                    "article": 15,
                    "paragraph": null,
                    "subparagraph": null
                },
                "content": {
                    "content_labels": [
                        "권리의 양도, 처분 금지"
                    ],
                    "description": "“을”은 “갑”의 사전 서면동의 없이는 본 계약의 권리의무를 제3자에게 양도할 수 없다."
                }
            },
            {
                "id": "44",
                "format": {
                    "position": {
                        "line": "44"
                    },
                    "section_type": "TEXT",
                    "format_type": "본문",
                    "is_article_title": false,
                    "article": null,
                    "paragraph": null,
                    "subparagraph": null
                },
                "content": {
                    "content_labels": [
                        "계약의 해제, 해지"
                    ],
                    "description": "제16조 (해지)"
                }
            },
            {
                "id": "45",
                "format": {
                    "position": {
                        "line": "45"
                    },
                    "section_type": "TEXT",
                    "format_type": "본문",
                    "is_article_title": false,
                    "article": 16,
                    "paragraph": 1,
                    "subparagraph": null
                },
                "content": {
                    "content_labels": [
                        "계약의 해제, 해지"
                    ],
                    "description": "1. “을”의 행사 진행이 도저히 전문성이 부족하여 진행이 미숙하다고 판단되는 경우 즉시 서면으로 시정부분을 요구하고 당해 시정부분이 수정되지 아니할 시 “을”의 귀책사유로 인한 계약해지를 통지한다."
                }
            },
            {
                "id": "46",
                "format": {
                    "position": {
                        "line": "46"
                    },
                    "section_type": "TEXT",
                    "format_type": "본문",
                    "is_article_title": false,
                    "article": 16,
                    "paragraph": 2,
                    "subparagraph": null
                },
                "content": {
                    "content_labels": [
                        "손해배상의 예정"
                    ],
                    "description": "2. 제1항의 경우 “을”은 기 지급받은 계약금을 “갑”에게 반환하여야 하며 “갑”은 별도의 손해배상을 청구할 수 있다."
                }
            },
            {
                "id": "47",
                "format": {
                    "position": {
                        "line": "47"
                    },
                    "section_type": "TEXT",
                    "format_type": "본문",
                    "is_article_title": true,
                    "article": 17,
                    "paragraph": null,
                    "subparagraph": null
                },
                "content": {
                    "content_labels": [
                        "기타"
                    ],
                    "description": "제17조 (기타사항)"
                }
            },
            {
                "id": "48",
                "format": {
                    "position": {
                        "line": "48"
                    },
                    "section_type": "TEXT",
                    "format_type": "본문",
                    "is_article_title": false,
                    "article": 17,
                    "paragraph": 1,
                    "subparagraph": null
                },
                "content": {
                    "content_labels": [
                        "신의성실"
                    ],
                    "description": "1. 계약의 당사자는 본 계약의 내용을 신의성실에 의거하여 준수하여야 한다."
                }
            },
            {
                "id": "49",
                "format": {
                    "position": {
                        "line": "49"
                    },
                    "section_type": "TEXT",
                    "format_type": "본문",
                    "is_article_title": false,
                    "article": 17,
                    "paragraph": 2,
                    "subparagraph": null
                },
                "content": {
                    "content_labels": [
                        "계약 변경에 대한 합의"
                    ],
                    "description": "2. 계약 기간 중 계약의 변경은 당사자의 서면 합의에 의해서만 변경될 수 있으며 서면날인 된 문서를 본 계약서의 말미에 첨부한다."
                }
            },
            {
                "id": "50",
                "format": {
                    "position": {
                        "line": "50"
                    },
                    "section_type": "TEXT",
                    "format_type": "본문",
                    "is_article_title": false,
                    "article": 17,
                    "paragraph": 3,
                    "subparagraph": null
                },
                "content": {
                    "content_labels": [
                        "준거법"
                    ],
                    "description": "3. 본 계약서에서 명시되지 않은 부분에 대하여는 관련 법규 및 상관습에 따르기로 한다."
                }
            },
            {
                "id": "51",
                "format": {
                    "position": {
                        "line": "51"
                    },
                    "section_type": "TEXT",
                    "format_type": "본문",
                    "is_article_title": true,
                    "article": 18,
                    "paragraph": null,
                    "subparagraph": null
                },
                "content": {
                    "content_labels": [
                        "관할법원"
                    ],
                    "description": "제18조 (분쟁해결)"
                }
            },
            {
                "id": "52",
                "format": {
                    "position": {
                        "line": "52"
                    },
                    "section_type": "TEXT",
                    "format_type": "본문",
                    "is_article_title": false,
                    "article": 18,
                    "paragraph": 1,
                    "subparagraph": null
                },
                "content": {
                    "content_labels": [
                        "기타"
                    ],
                    "description": "1. 본 계약과 관련하여 양 당사자간의 분쟁이 발생한 경우, 원칙적으로 “갑”과 “을” 상호간의 합의에 의해 해결한다."
                }
            },
            {
                "id": "53",
                "format": {
                    "position": {
                        "line": "53"
                    },
                    "section_type": "TEXT",
                    "format_type": "본문",
                    "is_article_title": false,
                    "article": 18,
                    "paragraph": 2,
                    "subparagraph": null
                },
                "content": {
                    "content_labels": [
                        "관할법원"
                    ],
                    "description": "2. 제1항에도 불구하고 분쟁이 해결되지 않을 경우 “갑”의 주소지 관할 지방법원을 그 관할로하여 재판함으로써 해결한다."
                }
            },
            {
                "id": "54",
                "format": {
                    "position": {
                        "line": "54"
                    },
                    "section_type": "TEXT",
                    "format_type": "본문",
                    "is_article_title": true,
                    "article": 19,
                    "paragraph": null,
                    "subparagraph": null
                },
                "content": {
                    "content_labels": [
                        "기타"
                    ],
                    "description": "제19조 (특약사항)"
                }
            },
            {
                "id": "55",
                "format": {
                    "position": {
                        "line": "55"
                    },
                    "section_type": "TEXT",
                    "format_type": "본문",
                    "is_article_title": false,
                    "article": 19,
                    "paragraph": null,
                    "subparagraph": null
                },
                "content": {
                    "content_labels": [
                        "계약의 효력"
                    ],
                    "description": "상기 계약일반사항 이외에 “갑”과 “을”은 아래 내용을 특약사항으로 정하며, 특약사항이 본문과 상충되는 경우에는 특약사항이 우선하여 적용된다."
                }
            },
            {
                "id": "56",
                "format": {
                    "position": {
                        "line": "56"
                    },
                    "section_type": "TEXT",
                    "format_type": "후문",
                    "is_article_title": false,
                    "article": null,
                    "paragraph": null,
                    "subparagraph": null
                },
                "content": {
                    "content_labels": [
                        "계약서의 교부"
                    ],
                    "description": "위와 같이 본 계약이 유효하게 성립하였음을 각 당사자는 증명하면서 본 계약서 2통을 작성하여, 각각 서명(또는 기명)날인 후 “갑”과 “을”이 각각 1통씩을 보관한다."
                }
            },
            {
                "id": "57",
                "format": {
                    "position": {
                        "line": "57"
                    },
                    "section_type": "TEXT",
                    "format_type": "날짜",
                    "is_article_title": false,
                    "article": null,
                    "paragraph": null,
                    "subparagraph": null
                },
                "content": {
                    "content_labels": [
                        "계약 체결 일자"
                    ],
                    "description": "○○○○년 ○○월 ○○일"
                }
            },
            {
                "id": "58",
                "format": {
                    "position": {
                        "line": "58"
                    },
                    "section_type": "TEXT",
                    "format_type": "기명날인",
                    "is_article_title": false,
                    "article": null,
                    "paragraph": null,
                    "subparagraph": null
                },
                "content": {
                    "content_labels": [
                        "회사의 인적사항",
                        "회사의 기명날인"
                    ],
                    "description": "(“갑”)\n상호 : (주)○○○○\n주소 : ○○시 ○○구 ○○동\n○○번지\n대표이사 : ○○○ (인)"
                }
            },
            {
                "id": "59",
                "format": {
                    "position": {
                        "line": "59"
                    },
                    "section_type": "TEXT",
                    "format_type": "기명날인",
                    "is_article_title": false,
                    "article": null,
                    "paragraph": null,
                    "subparagraph": null
                },
                "content": {
                    "content_labels": [
                        "피고용인의 인적사항",
                        "피고용인의 기명날인"
                    ],
                    "description": "(“을”)\n상호 : (주)○○○○\n주소 : ○○시 ○○구 ○○동\n○○번지\n대표이사 : ○○○ (인)"
                }
            }
        ]
    }
}