{
    "document": {
        "type": "계약 법률 문서",
        "metadata": {
            "file_info": {
                "document_name": "기타고용계약서_0419",
                "document_size": "141kb",
                "document_page_count": "4",
                "document_total_ids": "36",
                "document_format": "pdf",
                "document_creation_date": "2024-11-06",
                "document_category": {
                    "main_category": "인사_고용_노무",
                    "sub_category": "고용계약",
                    "detail_category": "기타고용계약서"
                },
                "additional_info": {
                    "related_law": "상법, 근로기준법, 개인정보 보호법",
                    "document_purpose": "전속 근무 계약을 통해 사용자와 근로자 간의 의무와 권리를 명확히 하여 계약 이행을 보장하기 위함",
                    "document_use_case": "특정 회사에서 일정 기간 동안 독점적으로 근무해야 하는 고위 임원이나 핵심 직원과의 계약 체결 시 활용. 특히 비밀유지와 경업 금지 조항을 포함한 계약을 통해 회사의 기밀 보호와 경쟁사로의 이직을 방지하기 위해 사용됨.",
                    "public_domain_sources": null
                }
            }
        },
        "sections": [
            {
                "id": "1",
                "format": {
                    "position": {
                        "line": "1"
                    },
                    "section_type": "TEXT",
                    "format_type": "제목",
                    "is_article_title": false,
                    "article": null,
                    "paragraph": null,
                    "subparagraph": null
                },
                "content": {
                    "content_labels": [
                        "기타"
                    ],
                    "description": "전 속 근 무 계 약 서"
                }
            },
            {
                "id": "2",
                "format": {
                    "position": {
                        "line": "2"
                    },
                    "section_type": "TEXT",
                    "format_type": "서문",
                    "is_article_title": false,
                    "article": null,
                    "paragraph": null,
                    "subparagraph": null
                },
                "content": {
                    "content_labels": [
                        "계약의 당사자"
                    ],
                    "description": "주식회사 ㅇㅇㅇ(이하 “당사”)과 ㅇㅇㅇ(이하 “귀하”)은 귀하가 의무근무기간 동안 당사에서 전속근무를 하고, 당사는 이에 대한 보상금을 지급하는 것과 관련하여 양 당사자의 권리와 의무를 명확하게 하기 위하여 본 전속근무계약서(이하 “본 계약”)을 체결합니다."
                }
            },
            {
                "id": "3",
                "format": {
                    "position": {
                        "line": "3"
                    },
                    "section_type": "TEXT",
                    "format_type": "본문",
                    "is_article_title": true,
                    "article": 1,
                    "paragraph": null,
                    "subparagraph": null
                },
                "content": {
                    "content_labels": [
                        "계약의 목적"
                    ],
                    "description": "제1조 (본 계약 체결의 주요 전제사실)"
                }
            },
            {
                "id": "4",
                "format": {
                    "position": {
                        "line": "4"
                    },
                    "section_type": "TEXT",
                    "format_type": "본문",
                    "is_article_title": false,
                    "article": 1,
                    "paragraph": null,
                    "subparagraph": null
                },
                "content": {
                    "content_labels": [
                        "계약의 목적"
                    ],
                    "description": "귀하와 당사는 자유로운 의사로 다음 각호의 사항에 대하여 확인합니다."
                }
            },
            {
                "id": "5",
                "format": {
                    "position": {
                        "line": "5"
                    },
                    "section_type": "TEXT",
                    "format_type": "본문",
                    "is_article_title": false,
                    "article": 1,
                    "paragraph": 1,
                    "subparagraph": null
                },
                "content": {
                    "content_labels": [
                        "계약의 목적"
                    ],
                    "description": "1. 본 계약은 제3조에서 정하는 전속근무기간 동안 귀하가 당사를 위하여 성실하게 전속근무의무를 수행하는 것을 전제로 하는 것임을 확인합니다."
                }
            },
            {
                "id": "6",
                "format": {
                    "position": {
                        "line": "6"
                    },
                    "section_type": "TEXT",
                    "format_type": "본문",
                    "is_article_title": false,
                    "article": 1,
                    "paragraph": 2,
                    "subparagraph": null
                },
                "content": {
                    "content_labels": [
                        "계약의 목적"
                    ],
                    "description": "2. 본 계약에 따라 당사가 귀하에게 지급하는 금원은 오직 전속근무 및 이직금지에 대한 반대급부로서의 법적 성격을 갖는 것이고, 당사와의 근로계약의 체결 자체에 대한 대가를 지급하기 위하여 체결하는 것이 아님을 확인합니다."
                }
            },
            {
                "id": "7",
                "format": {
                    "position": {
                        "line": "7"
                    },
                    "section_type": "TEXT",
                    "format_type": "본문",
                    "is_article_title": false,
                    "article": 1,
                    "paragraph": 3,
                    "subparagraph": null
                },
                "content": {
                    "content_labels": [
                        "계약의 목적"
                    ],
                    "description": "3. 귀하와 당사는 본 계약 이외에 근로계약을 체결하여 귀하의 근로에 대한 급여지급액을 책정하였으므로, 본 계약 제4조의 전속근무보상금은 근로에 대한 급여의 법적 성격을 갖지 아니함을 확인합니다."
                }
            },
            {
                "id": "8",
                "format": {
                    "position": {
                        "line": "8"
                    },
                    "section_type": "TEXT",
                    "format_type": "본문",
                    "is_article_title": false,
                    "article": 1,
                    "paragraph": 4,
                    "subparagraph": null
                },
                "content": {
                    "content_labels": [
                        "계약의 목적"
                    ],
                    "description": "4. 귀하는 귀하가 당사를 위해 수행하는 업무가 본 계약 제3조에서 정하는 기간 동안의 전속 근무가 요구되는 것이라는 사실과, 귀하가 본 계약 제3조의 근무기간을 충족하지 못하는 경우 당사의 연속적인 업무 추진에 상당한 지장이 초래될 수 있다는 사실을 충분히 인지하고 이에 동의함을 확인합니다."
                }
            },
            {
                "id": "9",
                "format": {
                    "position": {
                        "line": "9"
                    },
                    "section_type": "TEXT",
                    "format_type": "본문",
                    "is_article_title": true,
                    "article": 2,
                    "paragraph": null,
                    "subparagraph": null
                },
                "content": {
                    "content_labels": [
                        "경쟁제한 의무"
                    ],
                    "description": "제2조 (경업 금지)"
                }
            },
            {
                "id": "10",
                "format": {
                    "position": {
                        "line": "10"
                    },
                    "section_type": "TEXT",
                    "format_type": "본문",
                    "is_article_title": false,
                    "article": 2,
                    "paragraph": null,
                    "subparagraph": null
                },
                "content": {
                    "content_labels": [
                        "신의성실"
                    ],
                    "description": "본 계약은 제3조에서 정하는 전속근무기간 동안 귀하가 당사를 위하여 성실하게 전속근무의무를 수행하는 것을 전제로 하는 것임을 확인합니다."
                }
            },
            {
                "id": "11",
                "format": {
                    "position": {
                        "line": "11"
                    },
                    "section_type": "TEXT",
                    "format_type": "본문",
                    "is_article_title": false,
                    "article": 3,
                    "paragraph": null,
                    "subparagraph": null
                },
                "content": {
                    "content_labels": [
                        "계약기간"
                    ],
                    "description": "제3조 (전속 근무 기간)"
                }
            },
            {
                "id": "12",
                "format": {
                    "position": {
                        "line": "12"
                    },
                    "section_type": "TEXT",
                    "format_type": "본문",
                    "is_article_title": false,
                    "article": 3,
                    "paragraph": 1,
                    "subparagraph": null
                },
                "content": {
                    "content_labels": [
                        "계약기간"
                    ],
                    "description": "① 귀하는 당사의 [임원/직원]으로서 본 계약에 의한 전속근무기간은 본 계약체결 시점을 기준으로 향후 [ ]년으로 합니다."
                }
            },
            {
                "id": "13",
                "format": {
                    "position": {
                        "line": "13"
                    },
                    "section_type": "TEXT",
                    "format_type": "본문",
                    "is_article_title": false,
                    "article": 3,
                    "paragraph": 2,
                    "subparagraph": null
                },
                "content": {
                    "content_labels": [
                        "경쟁제한 의무"
                    ],
                    "description": "② 귀하는 전항의 근무기간 동안 당사를 위해서만 근로에 종사하여야 하고, 당사와 경쟁관계에 있는 회사의 업무를 수행하여서는 아니 됩니다."
                }
            },
            {
                "id": "14",
                "format": {
                    "position": {
                        "line": "14"
                    },
                    "section_type": "TEXT",
                    "format_type": "본문",
                    "is_article_title": true,
                    "article": 4,
                    "paragraph": null,
                    "subparagraph": null
                },
                "content": {
                    "content_labels": [
                        "계약금의 지급"
                    ],
                    "description": "제4조 (전속 근무 보상금 지급)"
                }
            },
            {
                "id": "15",
                "format": {
                    "position": {
                        "line": "15"
                    },
                    "section_type": "TEXT",
                    "format_type": "본문",
                    "is_article_title": false,
                    "article": 4,
                    "paragraph": 1,
                    "subparagraph": null
                },
                "content": {
                    "content_labels": [
                        "계약금의 지급"
                    ],
                    "description": "① 당사는 귀하의 본 계약에서 정한 기간 동안의 전속근무 수행에 대한 대가로 귀하에게 전속근무보상금을 지급합니다."
                }
            },
            {
                "id": "16",
                "format": {
                    "position": {
                        "line": "16"
                    },
                    "section_type": "TEXT",
                    "format_type": "본문",
                    "is_article_title": false,
                    "article": 4,
                    "paragraph": 2,
                    "subparagraph": null
                },
                "content": {
                    "content_labels": [
                        "계약금의 지급"
                    ],
                    "description": "② 당사가 귀하에게 지급하는 전속근무보상금의 구체적인 내용은 다음과 같습니다."
                }
            },
            {
                "id": "17",
                "format": {
                    "position": {
                        "line": "17"
                    },
                    "section_type": "TABLE",
                    "format_type": "본문",
                    "is_article_title": false,
                    "article": 4,
                    "paragraph": 2,
                    "subparagraph": null
                },
                "content": {
                    "content_labels": [
                        "계약금의 지급"
                    ],
                    "description": "<table><tbody><tr><td>지급 차수</td><td colspan=\"4\">지급시기</td><td>지급금액</td></tr><tr><td>1차</td><td colspan=\"4\">20 . .</td><td></td></tr><tr><td>2차</td><td colspan=\"4\">20 . .</td><td></td></tr></tbody></table>"
                }
            },
            {
                "id": "18",
                "format": {
                    "position": {
                        "line": "18"
                    },
                    "section_type": "TEXT",
                    "format_type": "본문",
                    "is_article_title": true,
                    "article": 5,
                    "paragraph": null,
                    "subparagraph": null
                },
                "content": {
                    "content_labels": [
                        "계약의 내용"
                    ],
                    "description": "제5조 (전속근무의무 위반시 귀하의 책임 등)"
                }
            },
            {
                "id": "19",
                "format": {
                    "position": {
                        "line": "19"
                    },
                    "section_type": "TEXT",
                    "format_type": "본문",
                    "is_article_title": false,
                    "article": 5,
                    "paragraph": 1,
                    "subparagraph": null
                },
                "content": {
                    "content_labels": [
                        "손해배상의 예정",
                        "계약의 해제, 해지"
                    ],
                    "description": "① 귀하가 본 계약에서 정한 전속근무기간을 준수하지 못하고 퇴사 혹은 이직하는 경우 귀하는 당사에게 본 계약상 수령한 전속근무보상금을 반환하여야 합니다."
                }
            },
            {
                "id": "20",
                "format": {
                    "position": {
                        "line": "20"
                    },
                    "section_type": "TEXT",
                    "format_type": "본문",
                    "is_article_title": false,
                    "article": 5,
                    "paragraph": 2,
                    "subparagraph": null
                },
                "content": {
                    "content_labels": [
                        "손해배상의 예정",
                        "계약의 해제, 해지"
                    ],
                    "description": "② 귀하가 당사의 정관∙취업규칙∙사규 혹은 관련 법률을 위반하거나 [임원/직원]으로서의 의무를 해태하는 등 해고사유에 준하는 행위를 한 경우 본 계약은 종료되고, 귀하는 당사에게 본 계약상 수령한 전속근무보상금을 반환하여야 합니다."
                }
            },
            {
                "id": "21",
                "format": {
                    "position": {
                        "line": "21"
                    },
                    "section_type": "TEXT",
                    "format_type": "본문",
                    "is_article_title": true,
                    "article": 6,
                    "paragraph": null,
                    "subparagraph": null
                },
                "content": {
                    "content_labels": [
                        "비밀 유지"
                    ],
                    "description": "제6조 (비밀유지의무)"
                }
            },
            {
                "id": "22",
                "format": {
                    "position": {
                        "line": "22"
                    },
                    "section_type": "TEXT",
                    "format_type": "본문",
                    "is_article_title": false,
                    "article": 6,
                    "paragraph": 1,
                    "subparagraph": null
                },
                "content": {
                    "content_labels": [
                        "비밀 유지"
                    ],
                    "description": "① 귀하는 본 계약의 체결사실 및 계약조건을 포함하여 본 계약과 관련하여 알게 된 일체의 정보를 비밀로 유지하고, 당사 내외부의 제3자에게 공개하거나 누설하여서는 아니 됩니다."
                }
            },
            {
                "id": "23",
                "format": {
                    "position": {
                        "line": "23"
                    },
                    "section_type": "TEXT",
                    "format_type": "본문",
                    "is_article_title": false,
                    "article": 6,
                    "paragraph": 2,
                    "subparagraph": null
                },
                "content": {
                    "content_labels": [
                        "비밀 유지",
                        "손해배상의 예정"
                    ],
                    "description": "② 만일 귀하가 제1항의 비밀유지의무를 위반할 경우 귀하는 당사에 대해 전속근무보상금 상당액의 손해배상의무를 부담합니다."
                }
            },
            {
                "id": "24",
                "format": {
                    "position": {
                        "line": "24"
                    },
                    "section_type": "TEXT",
                    "format_type": "본문",
                    "is_article_title": true,
                    "article": 7,
                    "paragraph": null,
                    "subparagraph": null
                },
                "content": {
                    "content_labels": [
                        "계약의 효력"
                    ],
                    "description": "제7조 (계약의 효력)"
                }
            },
            {
                "id": "25",
                "format": {
                    "position": {
                        "line": "25"
                    },
                    "section_type": "TEXT",
                    "format_type": "본문",
                    "is_article_title": false,
                    "article": 7,
                    "paragraph": 1,
                    "subparagraph": null
                },
                "content": {
                    "content_labels": [
                        "계약의 효력"
                    ],
                    "description": "① 본 계약은 그 계약 체결시부터 효력이 발생하는 것으로 합니다."
                }
            },
            {
                "id": "26",
                "format": {
                    "position": {
                        "line": "26"
                    },
                    "section_type": "TEXT",
                    "format_type": "본문",
                    "is_article_title": false,
                    "article": 7,
                    "paragraph": 2,
                    "subparagraph": null
                },
                "content": {
                    "content_labels": [
                        "계약의 효력"
                    ],
                    "description": "② 본 계약은 귀하와 당사 사이에 체결한 근로계약과 별개로 전속근무에 대한 보상금을 지급하는 것과 관련하여 체결하는 것으로 기존 계약상 귀하와 당사의 권리나 의무에 영향을 미치지 아니합니다."
                }
            },
            {
                "id": "27",
                "format": {
                    "position": {
                        "line": "27"
                    },
                    "section_type": "TEXT",
                    "format_type": "본문",
                    "is_article_title": false,
                    "article": 7,
                    "paragraph": 3,
                    "subparagraph": null
                },
                "content": {
                    "content_labels": [
                        "계약의 효력",
                        "일부무효"
                    ],
                    "description": "③ 본 계약의 조건이 장래에 무효 또는 집행 불가능하게 되더라도 본 계약의 다른 규정의 효력이나 집행가능성은 그로 인하여 영향을 받지 아니하고, 무효 또는 집행 불가능한 규정은 법적으로 허용되는 한도 내에서 해당 규정의 의도와 목적에 가능한 근접한 다른 적절한 규정으로 대체되는 것으로 간주합니다."
                }
            },
            {
                "id": "28",
                "format": {
                    "position": {
                        "line": "28"
                    },
                    "section_type": "TEXT",
                    "format_type": "본문",
                    "is_article_title": false,
                    "article": 7,
                    "paragraph": 4,
                    "subparagraph": null
                },
                "content": {
                    "content_labels": [
                        "계약의 효력"
                    ],
                    "description": "④ 본 계약상 내용 중 기존에 체결한 근로계약과 모순∙충돌되는 경우 그 사안에 대해서는 본 계약을 우선하여 적용합니다."
                }
            },
            {
                "id": "29",
                "format": {
                    "position": {
                        "line": "29"
                    },
                    "section_type": "TEXT",
                    "format_type": "본문",
                    "is_article_title": true,
                    "article": 8,
                    "paragraph": null,
                    "subparagraph": null
                },
                "content": {
                    "content_labels": [
                        "계약 변경에 대한 합의"
                    ],
                    "description": "제8조 (계약의 수정)"
                }
            },
            {
                "id": "30",
                "format": {
                    "position": {
                        "line": "30"
                    },
                    "section_type": "TEXT",
                    "format_type": "본문",
                    "is_article_title": false,
                    "article": 8,
                    "paragraph": null,
                    "subparagraph": null
                },
                "content": {
                    "content_labels": [
                        "계약 변경에 대한 합의"
                    ],
                    "description": "합리적이고 객관적인 사유가 발생하여 부득이하게 계약변경이 필요하거나 일방 당사자의 요청에 의하여 계약내용을 변경ㆍ추가하고자 하는 경우에는 상호 합의하여 계약의 내용과 범위를 양 당사자가 서명 또는 날인한 서면에 의해 변경할 수 있습니다."
                }
            },
            {
                "id": "31",
                "format": {
                    "position": {
                        "line": "31"
                    },
                    "section_type": "TEXT",
                    "format_type": "본문",
                    "is_article_title": true,
                    "article": 9,
                    "paragraph": null,
                    "subparagraph": null
                },
                "content": {
                    "content_labels": [
                        "관할법원"
                    ],
                    "description": "제9조 (분쟁의 해결)"
                }
            },
            {
                "id": "32",
                "format": {
                    "position": {
                        "line": "32"
                    },
                    "section_type": "TEXT",
                    "format_type": "본문",
                    "is_article_title": false,
                    "article": 9,
                    "paragraph": null,
                    "subparagraph": null
                },
                "content": {
                    "content_labels": [
                        "관할법원"
                    ],
                    "description": "본 계약의 해석이나 이행에 관하여 양 당사자간에 의견차이, 분쟁이 발생한 경우, 양 당사자간의 합의로 해결합니다. 만약, 양 당사자간에 원만한 합의에 도달하지 못할 경우, 본 계약으로부터 발생되는 모든 분쟁은 지방법원을 제1심의 전속적 합의관할법원으로 하여 최종적으로 해결합니다."
                }
            },
            {
                "id": "33",
                "format": {
                    "position": {
                        "line": "33"
                    },
                    "section_type": "TEXT",
                    "format_type": "후문",
                    "is_article_title": false,
                    "article": null,
                    "paragraph": null,
                    "subparagraph": null
                },
                "content": {
                    "content_labels": [
                        "계약서의 교부"
                    ],
                    "description": "본 계약의 체결사실 및 계약내용을 증명하기 위하여 계약서를 2부 작성하여 귀하와 당사가 각각 서명 또는 날인한 후 각1부씩 보관합니다."
                }
            },
            {
                "id": "34",
                "format": {
                    "position": {
                        "line": "34"
                    },
                    "section_type": "TEXT",
                    "format_type": "날짜",
                    "is_article_title": false,
                    "article": null,
                    "paragraph": null,
                    "subparagraph": null
                },
                "content": {
                    "content_labels": [
                        "계약 체결 일자"
                    ],
                    "description": "20[ ] 년 [ ] 월 [ ] 일"
                }
            },
            {
                "id": "35",
                "format": {
                    "position": {
                        "line": "35"
                    },
                    "section_type": "TEXT",
                    "format_type": "기명날인",
                    "is_article_title": false,
                    "article": null,
                    "paragraph": null,
                    "subparagraph": null
                },
                "content": {
                    "content_labels": [
                        "회사의 인적사항",
                        "회사의 기명날인"
                    ],
                    "description": "“당사”\n주식회사 ㅇㅇㅇ\n대표이사: (인)\n주소:"
                }
            },
            {
                "id": "36",
                "format": {
                    "position": {
                        "line": "36"
                    },
                    "section_type": "TEXT",
                    "format_type": "기명날인",
                    "is_article_title": false,
                    "article": null,
                    "paragraph": null,
                    "subparagraph": null
                },
                "content": {
                    "content_labels": [
                        "피고용인의 인적사항",
                        "피고용인의 기명날인"
                    ],
                    "description": "“귀하”\nㅇㅇㅇ (인)\n생년월일:\n주소:"
                }
            }
        ]
    }
}