{
    "document": {
        "type": "계약 법률 문서",
        "metadata": {
            "file_info": {
                "document_name": "기타고용계약서_0148",
                "document_size": "184kb",
                "document_page_count": "4",
                "document_total_ids": "33",
                "document_format": "pdf",
                "document_creation_date": "2024-10-28",
                "document_category": {
                    "main_category": "인사_고용_노무",
                    "sub_category": "고용계약",
                    "detail_category": "기타고용계약서"
                },
                "additional_info": {
                    "related_law": "대중문화예술산업발전법, 예술인 복지법",
                    "document_purpose": "연예/스포츠 매니지먼트 분야에서 매니저와 연예인/스포츠 스타 간의 계약 조건, 권리, 의무를 명확히 규정하고 계약 이행을 보장하기 위함",
                    "document_use_case": "연예/스포츠 매니지먼트 회사가 연예인 또는 스포츠 스타와의 전속 계약을 체결할 때 활용. 특히 연예/스포츠 활동의 홍보, 섭외, 관리 및 수익 배분 등의 조건을 명확히 하기 위해 사용됨.",
                    "public_domain_sources": null
                }
            }
        },
        "sections": [
            {
                "id": "1",
                "format": {
                    "position": {
                        "line": "1"
                    },
                    "section_type": "TEXT",
                    "format_type": "본문",
                    "is_article_title": false,
                    "article": null,
                    "paragraph": null,
                    "subparagraph": null
                },
                "content": {
                    "content_labels": [
                        "기타"
                    ],
                    "description": "매니지먼트 전속 계약서"
                }
            },
            {
                "id": "2",
                "format": {
                    "position": {
                        "line": "2"
                    },
                    "section_type": "TEXT",
                    "format_type": "본문",
                    "is_article_title": false,
                    "article": null,
                    "paragraph": null,
                    "subparagraph": null
                },
                "content": {
                    "content_labels": [
                        "계약의 당사자",
                        "계약의 목적"
                    ],
                    "description": "(주) OOOO의 OOO을 “갑”이라 칭하고 OOOO을 “을”이라 칭하여 다음과 같이 연예/스포츠 매니지먼트 전속 계약을 체결한다"
                }
            },
            {
                "id": "3",
                "format": {
                    "position": {
                        "line": "3"
                    },
                    "section_type": "TEXT",
                    "format_type": "본문",
                    "is_article_title": true,
                    "article": 1,
                    "paragraph": null,
                    "subparagraph": null
                },
                "content": {
                    "content_labels": [
                        "계약의 당사자"
                    ],
                    "description": "제1조 (계약의 당사자)"
                }
            },
            {
                "id": "4",
                "format": {
                    "position": {
                        "line": "4"
                    },
                    "section_type": "TEXT",
                    "format_type": "본문",
                    "is_article_title": false,
                    "article": 1,
                    "paragraph": null,
                    "subparagraph": null
                },
                "content": {
                    "content_labels": [
                        "계약의 당사자"
                    ],
                    "description": "乙이 그룹 기타 다수인으로 구성된 경우, 그 개개인을 이 계약의 당사자로 한다."
                }
            },
            {
                "id": "5",
                "format": {
                    "position": {
                        "line": "5"
                    },
                    "section_type": "TEXT",
                    "format_type": "본문",
                    "is_article_title": true,
                    "article": 2,
                    "paragraph": null,
                    "subparagraph": null
                },
                "content": {
                    "content_labels": [
                        "일부무효"
                    ],
                    "description": "제2조 (계약의 일부 무효)"
                }
            },
            {
                "id": "6",
                "format": {
                    "position": {
                        "line": "6"
                    },
                    "section_type": "TEXT",
                    "format_type": "본문",
                    "is_article_title": false,
                    "article": 2,
                    "paragraph": null,
                    "subparagraph": null
                },
                "content": {
                    "content_labels": [
                        "일부무효"
                    ],
                    "description": "본 계약의 일부 조항이 강행규정 등에 위배되어 무효가 되더라도, 이는 본 계약서의 다른 조항의 효력 여부에 영향을 미치지 아니 한다. 단, 일부 조항이 무효가 되면서 계약의 목적을 달성할 수 없음이 객관적으로 명백해진 경우에는 본 계약 전체를 무효로 한다."
                }
            },
            {
                "id": "7",
                "format": {
                    "position": {
                        "line": "7"
                    },
                    "section_type": "TEXT",
                    "format_type": "본문",
                    "is_article_title": true,
                    "article": 3,
                    "paragraph": null,
                    "subparagraph": null
                },
                "content": {
                    "content_labels": [
                        "계약의 목적"
                    ],
                    "description": "제3조 : 계약의 목적"
                }
            },
            {
                "id": "8",
                "format": {
                    "position": {
                        "line": "8"
                    },
                    "section_type": "TEXT",
                    "format_type": "본문",
                    "is_article_title": false,
                    "article": 3,
                    "paragraph": null,
                    "subparagraph": null
                },
                "content": {
                    "content_labels": [
                        "계약의 목적"
                    ],
                    "description": "본 계약의 목적은 “갑”이 연예/스포츠 매니지먼트 에 관한 홍보, 섭외, 관리를 지원 진행함에 있어 쌍방간의 관계 및 제반 조건을 규정함에 있다"
                }
            },
            {
                "id": "9",
                "format": {
                    "position": {
                        "line": "9"
                    },
                    "section_type": "TEXT",
                    "format_type": "본문",
                    "is_article_title": true,
                    "article": 4,
                    "paragraph": null,
                    "subparagraph": null
                },
                "content": {
                    "content_labels": [
                        "계약의 내용"
                    ],
                    "description": "제4조 : 계약의 조건"
                }
            },
            {
                "id": "10",
                "format": {
                    "position": {
                        "line": "10"
                    },
                    "section_type": "TEXT",
                    "format_type": "본문",
                    "is_article_title": false,
                    "article": 4,
                    "paragraph": 1,
                    "subparagraph": null
                },
                "content": {
                    "content_labels": [
                        "계약의 내용",
                        "업무 수행을 위한 협조, 협의"
                    ],
                    "description": "1) “을”은 최상의 연예/스포츠 스타가 되기 위하여 “갑”의 활동(홍보, 섭외, 관리) 에 적극 협조한다"
                }
            },
            {
                "id": "11",
                "format": {
                    "position": {
                        "line": "11"
                    },
                    "section_type": "TEXT",
                    "format_type": "본문",
                    "is_article_title": false,
                    "article": 4,
                    "paragraph": 2,
                    "subparagraph": null
                },
                "content": {
                    "content_labels": [
                        "계약의 내용",
                        "업무 수행을 위한 협조, 협의"
                    ],
                    "description": "2) “갑”은 “을”의 연예/스포츠 매니지먼트 활동에 최대한 홍보와 캐스팅 지원에 경주하며 “을”은 계약기간 동안 자신의 관리 및 모든 계약통제 조정권을 “갑”에게 일임한다"
                }
            },
            {
                "id": "12",
                "format": {
                    "position": {
                        "line": "12"
                    },
                    "section_type": "TEXT",
                    "format_type": "본문",
                    "is_article_title": false,
                    "article": 4,
                    "paragraph": 3,
                    "subparagraph": null
                },
                "content": {
                    "content_labels": [
                        "계약의 내용",
                        "업무 수행을 위한 협조, 협의"
                    ],
                    "description": "3) “을”의 개인적인  연예활동은 “갑” 의 통제 하에 가능하다"
                }
            },
            {
                "id": "13",
                "format": {
                    "position": {
                        "line": "13"
                    },
                    "section_type": "TEXT",
                    "format_type": "본문",
                    "is_article_title": false,
                    "article": 4,
                    "paragraph": 4,
                    "subparagraph": null
                },
                "content": {
                    "content_labels": [
                        "계약의 내용",
                        "지적재산권"
                    ],
                    "description": "4) “을”의 연예/스포츠매니지먼트 활동이라 함은 국내의 공중파, 케이블 TV, 인터넷 방송 출연, 잡지모델, 신문광고, 토크쇼 진행, 비디오 출시, 각종상품의 광고 모델, 이벤트 행사 등 연예/스포츠 매체활동으로 인한 수익 관련 활동을 말하며 저작권 및 초상권 등의 캐릭터 사업 또한 이에 포함된다"
                }
            },
            {
                "id": "14",
                "format": {
                    "position": {
                        "line": "14"
                    },
                    "section_type": "TEXT",
                    "format_type": "본문",
                    "is_article_title": true,
                    "article": 5,
                    "paragraph": null,
                    "subparagraph": null
                },
                "content": {
                    "content_labels": [
                        "관계법령준수"
                    ],
                    "description": "제5조 : 준수사항 및 규제사항"
                }
            },
            {
                "id": "15",
                "format": {
                    "position": {
                        "line": "15"
                    },
                    "section_type": "TEXT",
                    "format_type": "본문",
                    "is_article_title": false,
                    "article": 5,
                    "paragraph": 1,
                    "subparagraph": null
                },
                "content": {
                    "content_labels": [
                        "관계법령준수",
                        "신의성실"
                    ],
                    "description": "1) “을”은 국내 연예/스포츠 활동기간 중 스타로서 국가법령을 준수하며 사회적 물의를 일으키는 일이 없도록 본인의 의무를 다한다."
                }
            },
            {
                "id": "16",
                "format": {
                    "position": {
                        "line": "16"
                    },
                    "section_type": "TEXT",
                    "format_type": "본문",
                    "is_article_title": false,
                    "article": 5,
                    "paragraph": 2,
                    "subparagraph": null
                },
                "content": {
                    "content_labels": [
                        "업무 수행을 위한 협조, 협의",
                        "이행지체"
                    ],
                    "description": "2) “을”은 “갑”과의 합의된 방송 및 연예/스포츠 활동 일정에 대하여 천재지변이 없는 시간을 엄수하여야 하며 일신상의 문제로 활동이 중단되거나 사전협의 없이 일정에 차질을 주어서는 안 된다"
                }
            },
            {
                "id": "17",
                "format": {
                    "position": {
                        "line": "17"
                    },
                    "section_type": "TEXT",
                    "format_type": "본문",
                    "is_article_title": false,
                    "article": 5,
                    "paragraph": 3,
                    "subparagraph": null
                },
                "content": {
                    "content_labels": [
                        "권리의 양도, 처분 금지"
                    ],
                    "description": "3) “을”은“갑”과의 계약기간 동안 “갑”의 승인 없이 제 3 자와 중복 계약 할 수 없다"
                }
            },
            {
                "id": "18",
                "format": {
                    "position": {
                        "line": "18"
                    },
                    "section_type": "TEXT",
                    "format_type": "본문",
                    "is_article_title": true,
                    "article": 6,
                    "paragraph": null,
                    "subparagraph": null
                },
                "content": {
                    "content_labels": [
                        "계약기간",
                        "계약금의 지급"
                    ],
                    "description": "제6조 : 계약기간 및 수익배분"
                }
            },
            {
                "id": "19",
                "format": {
                    "position": {
                        "line": "19"
                    },
                    "section_type": "TEXT",
                    "format_type": "본문",
                    "is_article_title": false,
                    "article": 6,
                    "paragraph": 1,
                    "subparagraph": null
                },
                "content": {
                    "content_labels": [
                        "계약기간"
                    ],
                    "description": "1) “갑”과 “을”의 골프 매니지먼트 전속 계약 기간은 20OO년 O월 O일부터 20OO년 O월 O일까지(O년)로 하며 특별한 사항이 발생하지 않는 한 (O년간) 재 계약한다"
                }
            },
            {
                "id": "20",
                "format": {
                    "position": {
                        "line": "20"
                    },
                    "section_type": "TEXT",
                    "format_type": "본문",
                    "is_article_title": false,
                    "article": 6,
                    "paragraph": 2,
                    "subparagraph": null
                },
                "content": {
                    "content_labels": [
                        "계약금의 지급"
                    ],
                    "description": "2) 수익의 배분은 “갑” 과 “을” 이 OO : OO으로 연예/스포츠 활동을 통하여 발생된 수익금을 공정하게 배분한다\n(단 , 수수료와 세금은 수입에 포함되지 않는다)\n (수익의 배분은 대금 결재 후 3일 이내에 정산하는 것으로 한다)"
                }
            },
            {
                "id": "21",
                "format": {
                    "position": {
                        "line": "21"
                    },
                    "section_type": "TEXT",
                    "format_type": "본문",
                    "is_article_title": false,
                    "article": 6,
                    "paragraph": 3,
                    "subparagraph": null
                },
                "content": {
                    "content_labels": [
                        "계약금의 지급"
                    ],
                    "description": "3) “을”은 본인에게 별도로 섭외되는 모든 연예/스포츠활동에 대해 “갑”에게 통보하고 진행일정 조절과 함께 수입금 지급을 “갑”을 통해서 지급 받는다"
                }
            },
            {
                "id": "22",
                "format": {
                    "position": {
                        "line": "22"
                    },
                    "section_type": "TEXT",
                    "format_type": "본문",
                    "is_article_title": true,
                    "article": 7,
                    "paragraph": null,
                    "subparagraph": null
                },
                "content": {
                    "content_labels": [
                        "계약의 해제, 해지"
                    ],
                    "description": "제7조 : 위약 과 해지"
                }
            },
            {
                "id": "23",
                "format": {
                    "position": {
                        "line": "23"
                    },
                    "section_type": "TEXT",
                    "format_type": "본문",
                    "is_article_title": false,
                    "article": 7,
                    "paragraph": 1,
                    "subparagraph": null
                },
                "content": {
                    "content_labels": [
                        "계약의 해제, 해지"
                    ],
                    "description": "1) 계약기간 중 계약의 해지는 “갑”과“을”의 상호 협의 동의 하에서만 이루어진다"
                }
            },
            {
                "id": "24",
                "format": {
                    "position": {
                        "line": "24"
                    },
                    "section_type": "TEXT",
                    "format_type": "본문",
                    "is_article_title": false,
                    "article": 7,
                    "paragraph": 2,
                    "subparagraph": null
                },
                "content": {
                    "content_labels": [
                        "계약 변경에 대한 합의"
                    ],
                    "description": "2) 계약 연장은 양자 동의 하에 이루어진다\n- 단, 계약만료 1 개월 전에 상대방에게 계약해지 통보하지 않을 경우 계약\n은(O년) 단위로 자동 연장된다"
                }
            },
            {
                "id": "25",
                "format": {
                    "position": {
                        "line": "25"
                    },
                    "section_type": "TEXT",
                    "format_type": "본문",
                    "is_article_title": false,
                    "article": 7,
                    "paragraph": 3,
                    "subparagraph": null
                },
                "content": {
                    "content_labels": [
                        "위약벌",
                        "권리의 양도, 처분 금지"
                    ],
                    "description": "3) “을”은 “갑”과의 계약기간 중 위약이나 임의 계약파기 또한 제 3 자와의 임\n의 중복 계약 시\n- “을”은 “갑”과의 계약 잔류 기간 동안 “을”이 얻은 수익금 중 “갑”의 계약 지분을 보장한다\n - “을”은 “갑”이 “을”에게 지출된 관련 제반비용 및 계약기간 동안 “갑”을 통해 얻은 출연 수익금의 2 배를 “갑”에게 배상한다"
                }
            },
            {
                "id": "26",
                "format": {
                    "position": {
                        "line": "26"
                    },
                    "section_type": "TEXT",
                    "format_type": "본문",
                    "is_article_title": false,
                    "article": 7,
                    "paragraph": 4,
                    "subparagraph": null
                },
                "content": {
                    "content_labels": [
                        "손해배상의 예정"
                    ],
                    "description": "4) “갑”은 “을”의 비 협조로 계약상의 활동이 어려워지거나 “을”이 본 계약을 위배함으로서 “갑”이 경제상, 신용상의 손해를 입을 경우 “갑”은 손해배상을 청구 할 수 있다."
                }
            },
            {
                "id": "27",
                "format": {
                    "position": {
                        "line": "27"
                    },
                    "section_type": "TEXT",
                    "format_type": "본문",
                    "is_article_title": true,
                    "article": 8,
                    "paragraph": null,
                    "subparagraph": null
                },
                "content": {
                    "content_labels": [
                        "계약 체결 일자"
                    ],
                    "description": "제8조 : 계약의 시행일"
                }
            },
            {
                "id": "28",
                "format": {
                    "position": {
                        "line": "28"
                    },
                    "section_type": "TEXT",
                    "format_type": "본문",
                    "is_article_title": false,
                    "article": 8,
                    "paragraph": 1,
                    "subparagraph": null
                },
                "content": {
                    "content_labels": [
                        "계약 변경에 대한 합의",
                        "신의성실"
                    ],
                    "description": "1) 본 계약서에 명시되지 않은 사항은 일반 상관례에 따라 협의 처리한다."
                }
            },
            {
                "id": "29",
                "format": {
                    "position": {
                        "line": "29"
                    },
                    "section_type": "TEXT",
                    "format_type": "본문",
                    "is_article_title": false,
                    "article": 8,
                    "paragraph": 2,
                    "subparagraph": null
                },
                "content": {
                    "content_labels": [
                        "계약 변경에 대한 합의"
                    ],
                    "description": "2) 명문화되지 않았지만 현실적으로 문제가 발생하여 명문화시킬 규정사항이 생기면 상호 의견 조정 후 명문화시킨다."
                }
            },
            {
                "id": "30",
                "format": {
                    "position": {
                        "line": "30"
                    },
                    "section_type": "TEXT",
                    "format_type": "본문",
                    "is_article_title": false,
                    "article": 8,
                    "paragraph": 3,
                    "subparagraph": null
                },
                "content": {
                    "content_labels": [
                        "계약 변경에 대한 합의"
                    ],
                    "description": "3) “갑”과“을”의 연예/스포츠매니지먼트 전속 계약은 계약한 당일부터 효력이 발생한다."
                }
            },
            {
                "id": "31",
                "format": {
                    "position": {
                        "line": "31"
                    },
                    "section_type": "TEXT",
                    "format_type": "날짜",
                    "is_article_title": false,
                    "article": null,
                    "paragraph": null,
                    "subparagraph": null
                },
                "content": {
                    "content_labels": [
                        "계약 체결 일자"
                    ],
                    "description": "20OO년 O월 O일"
                }
            },
            {
                "id": "32",
                "format": {
                    "position": {
                        "line": "32"
                    },
                    "section_type": "TEXT",
                    "format_type": "기명날인",
                    "is_article_title": false,
                    "article": null,
                    "paragraph": null,
                    "subparagraph": null
                },
                "content": {
                    "content_labels": [
                        "회사의 인적사항",
                        "회사의 기명날인"
                    ],
                    "description": "갑 : (주)OOOO, OOO"
                }
            },
            {
                "id": "33",
                "format": {
                    "position": {
                        "line": "33"
                    },
                    "section_type": "TEXT",
                    "format_type": "기명날인",
                    "is_article_title": false,
                    "article": null,
                    "paragraph": null,
                    "subparagraph": null
                },
                "content": {
                    "content_labels": [
                        "피고용인의 인적사항",
                        "피고용인의 기명날인"
                    ],
                    "description": "을 : OOO"
                }
            }
        ]
    }
}