{
    "document": {
        "type": "계약 법률 문서",
        "metadata": {
            "file_info": {
                "document_name": "기타고용계약서_0224",
                "document_size": "259kb",
                "document_page_count": "9",
                "document_total_ids": "123",
                "document_format": "pdf",
                "document_creation_date": "2024-10-28",
                "document_category": {
                    "main_category": "인사_고용_노무",
                    "sub_category": "고용계약",
                    "detail_category": "기타고용계약서"
                },
                "additional_info": {
                    "related_law": "저작권법, 콘텐츠산업 진흥법, 민법",
                    "document_purpose": "디지털 예술 작품의 창작과 NFT 거래 관련하여 작가와 회사 간의 권리, 의무 및 계약 조건을 규율하기 위함",
                    "document_use_case": "디지털 예술작품을 창작하는 작가와 이를 NFT 형태로 거래하고 전시하는 플랫폼을 운영하는 회사 간의 계약 체결 시 활용. 특히 블록체인 기술을 기반으로 한 NFT 거래 플랫폼에서 작품의 전시, 판매, 채굴 등의 절차를 명확히 하기 위해 사용됨.",
                    "public_domain_sources": null
                }
            }
        },
        "sections": [
            {
                "id": "1",
                "format": {
                    "position": {
                        "line": "1"
                    },
                    "section_type": "TEXT",
                    "format_type": "제목",
                    "is_article_title": false,
                    "article": null,
                    "paragraph": null,
                    "subparagraph": null
                },
                "content": {
                    "content_labels": [
                        "기타"
                    ],
                    "description": "기타고용계약서"
                }
            },
            {
                "id": "2",
                "format": {
                    "position": {
                        "line": "2"
                    },
                    "section_type": "TEXT",
                    "format_type": "서문",
                    "is_article_title": false,
                    "article": null,
                    "paragraph": null,
                    "subparagraph": null
                },
                "content": {
                    "content_labels": [
                        "계약의 당사자"
                    ],
                    "description": "작가 (이하 ‘작가’)와 주식’회사 (@회사명)(이하 ‘회사’)는 20____. ____. ____. 아래와  같이 전속계약을 체결한다."
                }
            },
            {
                "id": "3",
                "format": {
                    "position": {
                        "line": "3"
                    },
                    "section_type": "TEXT",
                    "format_type": "본문",
                    "is_article_title": true,
                    "article": 1,
                    "paragraph": null,
                    "subparagraph": null
                },
                "content": {
                    "content_labels": [
                        "계약의 목적"
                    ],
                    "description": "제1조 (목적)"
                }
            },
            {
                "id": "4",
                "format": {
                    "position": {
                        "line": "4"
                    },
                    "section_type": "TEXT",
                    "format_type": "본문",
                    "is_article_title": false,
                    "article": 1,
                    "paragraph": null,
                    "subparagraph": null
                },
                "content": {
                    "content_labels": [
                        "계약의 목적"
                    ],
                    "description": "본 계약은 (@구체적 사실관계)을 배분함에 있어서 필요한 제반 사항과 당사자의 권리 및 의무를 규율하여 상호 이익과 발전을 도모함에 그 목적이 있다."
                }
            },
            {
                "id": "5",
                "format": {
                    "position": {
                        "line": "5"
                    },
                    "section_type": "TEXT",
                    "format_type": "본문",
                    "is_article_title": true,
                    "article": 2,
                    "paragraph": null,
                    "subparagraph": null
                },
                "content": {
                    "content_labels": [
                        "용어의 정의"
                    ],
                    "description": "제2조 (용어의 정의)"
                }
            },
            {
                "id": "6",
                "format": {
                    "position": {
                        "line": "6"
                    },
                    "section_type": "TEXT",
                    "format_type": "본문",
                    "is_article_title": false,
                    "article": 2,
                    "paragraph": 1,
                    "subparagraph": null
                },
                "content": {
                    "content_labels": [
                        "용어의 정의"
                    ],
                    "description": "① ‘NFT’이라 함은 고유의 속성값을 가지는 ‘Non-fungible Token’이라고 한다."
                }
            },
            {
                "id": "7",
                "format": {
                    "position": {
                        "line": "7"
                    },
                    "section_type": "TEXT",
                    "format_type": "본문",
                    "is_article_title": false,
                    "article": 2,
                    "paragraph": 2,
                    "subparagraph": null
                },
                "content": {
                    "content_labels": [
                        "용어의 정의"
                    ],
                    "description": "② ‘블록체인’이라 함은 전자적인 블록에 데이터를 담아 각 블록을 체인과 같이 순차적으로 연결하는 기술로, 누구나 열람할 수 있는 장부에 거래 내역을 기록하고 블록체인 네트워크에 참여한 각 컴퓨터에 이를 복제하여 저장하는 분산형 데이터 저장 방식을 말한다."
                }
            },
            {
                "id": "8",
                "format": {
                    "position": {
                        "line": "8"
                    },
                    "section_type": "TEXT",
                    "format_type": "본문",
                    "is_article_title": false,
                    "article": 2,
                    "paragraph": 3,
                    "subparagraph": null
                },
                "content": {
                    "content_labels": [
                        "용어의 정의"
                    ],
                    "description": "③ ‘스마트 컨트랙트’라 함은 (@화폐명) 위에서 프로그램으로 동작 가능한 언어로 작성된 코드를 말한다."
                }
            },
            {
                "id": "9",
                "format": {
                    "position": {
                        "line": "9"
                    },
                    "section_type": "TEXT",
                    "format_type": "본문",
                    "is_article_title": false,
                    "article": 2,
                    "paragraph": 4,
                    "subparagraph": null
                },
                "content": {
                    "content_labels": [
                        "용어의 정의"
                    ],
                    "description": "④ ‘(@화폐명) 계정 주소’라 함은 디지털 자산의 변화를 기록하기 위해 (@화폐명)에 존재하는 고유한 식별 주소를 말한다."
                }
            },
            {
                "id": "10",
                "format": {
                    "position": {
                        "line": "10"
                    },
                    "section_type": "TEXT",
                    "format_type": "본문",
                    "is_article_title": false,
                    "article": 2,
                    "paragraph": 5,
                    "subparagraph": null
                },
                "content": {
                    "content_labels": [
                        "용어의 정의"
                    ],
                    "description": "⑤ ‘(@화폐명) Wallet Key’라 함은 계정 주소가 보유한 디지털 자산의 전송, 거래, 서명 등 스마트 컨트랙트 모든 동작에 사용 또는 필요한 고유한 문자와 숫자의 조합이다."
                }
            },
            {
                "id": "11",
                "format": {
                    "position": {
                        "line": "11"
                    },
                    "section_type": "TEXT",
                    "format_type": "본문",
                    "is_article_title": false,
                    "article": 2,
                    "paragraph": 6,
                    "subparagraph": null
                },
                "content": {
                    "content_labels": [
                        "용어의 정의"
                    ],
                    "description": "⑥ ‘(@구체적 사실)’라 함은 (@화폐명) 블록체인 기반 ‘회사’의 디지털 지갑 서비스로 NFT 채굴 및 거래에 이용할 수 있도록 하는 디지털 자산 지갑이다."
                }
            },
            {
                "id": "12",
                "format": {
                    "position": {
                        "line": "12"
                    },
                    "section_type": "TEXT",
                    "format_type": "본문",
                    "is_article_title": false,
                    "article": 2,
                    "paragraph": 7,
                    "subparagraph": null
                },
                "content": {
                    "content_labels": [
                        "용어의 정의"
                    ],
                    "description": "⑦ ‘웹사이트’라 함은 ‘회사’의 NFT 거래 플랫폼으로 ‘(@웹사이트)’을 말한다."
                }
            },
            {
                "id": "13",
                "format": {
                    "position": {
                        "line": "13"
                    },
                    "section_type": "TEXT",
                    "format_type": "본문",
                    "is_article_title": false,
                    "article": 2,
                    "paragraph": 8,
                    "subparagraph": null
                },
                "content": {
                    "content_labels": [
                        "용어의 정의"
                    ],
                    "description": "⑧ ‘판매’라 함은 ‘회사’ 웹사이트 내의 경매시스템과 판매시스템으로 NFT가 제 3자에게 대가를 받고 양도되는 것을 의미한다."
                }
            },
            {
                "id": "14",
                "format": {
                    "position": {
                        "line": "14"
                    },
                    "section_type": "TEXT",
                    "format_type": "본문",
                    "is_article_title": false,
                    "article": 2,
                    "paragraph": 9,
                    "subparagraph": null
                },
                "content": {
                    "content_labels": [
                        "용어의 정의"
                    ],
                    "description": "⑨ ‘전시’라 함은 별다른 수식이 없을 때 (오프라인 등), ‘회사’의 웹사이트에 ‘디지털 작품’을 올리는 것을 의미한다."
                }
            },
            {
                "id": "15",
                "format": {
                    "position": {
                        "line": "15"
                    },
                    "section_type": "TEXT",
                    "format_type": "본문",
                    "is_article_title": true,
                    "article": 3,
                    "paragraph": null,
                    "subparagraph": null
                },
                "content": {
                    "content_labels": [
                        "계약의 내용"
                    ],
                    "description": "제3조 (작품 활동 및 작품의 범위)"
                }
            },
            {
                "id": "16",
                "format": {
                    "position": {
                        "line": "16"
                    },
                    "section_type": "TEXT",
                    "format_type": "본문",
                    "is_article_title": false,
                    "article": 3,
                    "paragraph": 1,
                    "subparagraph": null
                },
                "content": {
                    "content_labels": [
                        "용어의 정의"
                    ],
                    "description": "① ‘작가’가 작품을 창작하는 활동을 ‘작품 활동’이라고 한다."
                }
            },
            {
                "id": "17",
                "format": {
                    "position": {
                        "line": "17"
                    },
                    "section_type": "TEXT",
                    "format_type": "본문",
                    "is_article_title": false,
                    "article": 3,
                    "paragraph": 2,
                    "subparagraph": null
                },
                "content": {
                    "content_labels": [
                        "용어의 정의"
                    ],
                    "description": "② ‘디지털 작품’은 다음 각호의 작품을 의미한다."
                }
            },
            {
                "id": "18",
                "format": {
                    "position": {
                        "line": "18"
                    },
                    "section_type": "TEXT",
                    "format_type": "본문",
                    "is_article_title": false,
                    "article": 3,
                    "paragraph": 2,
                    "subparagraph": 1
                },
                "content": {
                    "content_labels": [
                        "용어의 정의"
                    ],
                    "description": "A. ‘작가’가 전자기기, 프로그램 및 온라인 방식 및 도구를 사용해서 창작한 작품"
                }
            },
            {
                "id": "19",
                "format": {
                    "position": {
                        "line": "19"
                    },
                    "section_type": "TEXT",
                    "format_type": "본문",
                    "is_article_title": false,
                    "article": 3,
                    "paragraph": 2,
                    "subparagraph": 2
                },
                "content": {
                    "content_labels": [
                        "용어의 정의"
                    ],
                    "description": "B. ‘작가’가 오프라인 방식 및 도구를 이용해서 창작된 미술작품을 디지털화(이미지, 동영상 등)한 작품"
                }
            },
            {
                "id": "20",
                "format": {
                    "position": {
                        "line": "20"
                    },
                    "section_type": "TEXT",
                    "format_type": "본문",
                    "is_article_title": false,
                    "article": 3,
                    "paragraph": 3,
                    "subparagraph": null
                },
                "content": {
                    "content_labels": [
                        "계약의 내용"
                    ],
                    "description": "③ 계약기간 중에 창작된 모든 ‘디지털 작품’ 및 계약 기간 중의 모든 ‘작품 활동’이 본 계약의 대상이 된다."
                }
            },
            {
                "id": "21",
                "format": {
                    "position": {
                        "line": "21"
                    },
                    "section_type": "TEXT",
                    "format_type": "본문",
                    "is_article_title": true,
                    "article": 4,
                    "paragraph": null,
                    "subparagraph": null
                },
                "content": {
                    "content_labels": [
                        "선량한 관리자의 의무"
                    ],
                    "description": "제4조 (당사자의 기본적인 의무)"
                }
            },
            {
                "id": "22",
                "format": {
                    "position": {
                        "line": "22"
                    },
                    "section_type": "TEXT",
                    "format_type": "본문",
                    "is_article_title": false,
                    "article": 4,
                    "paragraph": 1,
                    "subparagraph": null
                },
                "content": {
                    "content_labels": [
                        "업무 수행을 위한 협조, 협의"
                    ],
                    "description": "① ‘작가’는 자신의 재능과 실력을 발휘하여 성실히 ‘작품 활동’을 해야 하고, ‘회사’는 ‘작가’가 ‘작품 활동’에 전념할 수 있도록 배려하고 지원하여야 한다."
                }
            },
            {
                "id": "23",
                "format": {
                    "position": {
                        "line": "23"
                    },
                    "section_type": "TEXT",
                    "format_type": "본문",
                    "is_article_title": false,
                    "article": 4,
                    "paragraph": 2,
                    "subparagraph": null
                },
                "content": {
                    "content_labels": [
                        "신의성실"
                    ],
                    "description": "② ‘작가’와 ‘회사’는 서로의 의견을 존중하고 신의에 따라 행동하여야 한다."
                }
            },
            {
                "id": "24",
                "format": {
                    "position": {
                        "line": "24"
                    },
                    "section_type": "TEXT",
                    "format_type": "본문",
                    "is_article_title": false,
                    "article": 4,
                    "paragraph": 3,
                    "subparagraph": null
                },
                "content": {
                    "content_labels": [
                        "업무 수행을 위한 협조, 협의"
                    ],
                    "description": "③ ‘회사’는 예술 창작과 표현에서 ‘작가’의 견해를 존중하고, 작품 활동에 부당하게 간섭하여서는 아니 된다. 다만, ‘작가’는 ‘회사’의 웹사이트에 ‘디지털 작품’을 올리기 전 상호 협의가 있어야 한다."
                }
            },
            {
                "id": "25",
                "format": {
                    "position": {
                        "line": "25"
                    },
                    "section_type": "TEXT",
                    "format_type": "본문",
                    "is_article_title": false,
                    "article": 4,
                    "paragraph": 4,
                    "subparagraph": null
                },
                "content": {
                    "content_labels": [
                        "관계법령준수"
                    ],
                    "description": "④ ‘작가’는 ‘회사’의 전속적 권한을 침해하는 행위를 하여서는 아니 되고, ‘회사’의 사전 동의 없이 제3자와 본 계약과 같거나 유사한 계약을 체결하여서는 아니 된다."
                }
            },
            {
                "id": "26",
                "format": {
                    "position": {
                        "line": "26"
                    },
                    "section_type": "TEXT",
                    "format_type": "본문",
                    "is_article_title": false,
                    "article": 4,
                    "paragraph": 5,
                    "subparagraph": null
                },
                "content": {
                    "content_labels": [
                        "관계법령준수"
                    ],
                    "description": "⑤ ‘작가’는 작품 활동 및 작품이 제3자의 지식재산권 및 기타 권리를 침해하지 않음을 확인·보증한다."
                }
            },
            {
                "id": "27",
                "format": {
                    "position": {
                        "line": "27"
                    },
                    "section_type": "TEXT",
                    "format_type": "본문",
                    "is_article_title": false,
                    "article": 4,
                    "paragraph": 6,
                    "subparagraph": null
                },
                "content": {
                    "content_labels": [
                        "관계법령준수"
                    ],
                    "description": "⑥ ‘회사’는 작품 전시 기획, 작품 홍보물 등 작품 관련 자료 제3자의 지식재산권 및 기타 권리를 침해하지 않음을 확인·보증한다."
                }
            },
            {
                "id": "28",
                "format": {
                    "position": {
                        "line": "28"
                    },
                    "section_type": "TEXT",
                    "format_type": "본문",
                    "is_article_title": false,
                    "article": 4,
                    "paragraph": 7,
                    "subparagraph": null
                },
                "content": {
                    "content_labels": [
                        "기타"
                    ],
                    "description": "⑦ ‘회사’는 전속적 권한을 행사하는 데 있어 ‘작가’의 이익을 최우선으로 고려하여야 한다."
                }
            },
            {
                "id": "29",
                "format": {
                    "position": {
                        "line": "29"
                    },
                    "section_type": "TEXT",
                    "format_type": "본문",
                    "is_article_title": true,
                    "article": 5,
                    "paragraph": null,
                    "subparagraph": null
                },
                "content": {
                    "content_labels": [
                        "계약기간"
                    ],
                    "description": "제5조 (계약 기간)"
                }
            },
            {
                "id": "30",
                "format": {
                    "position": {
                        "line": "30"
                    },
                    "section_type": "TEXT",
                    "format_type": "본문",
                    "is_article_title": false,
                    "article": 5,
                    "paragraph": 1,
                    "subparagraph": null
                },
                "content": {
                    "content_labels": [
                        "계약기간"
                    ],
                    "description": "① 본 계약의 계약 기간은 계약 체결일인 20____. ____. ____.부터 20____. ____. ____. 까지(만 ____년)로 한다."
                }
            },
            {
                "id": "31",
                "format": {
                    "position": {
                        "line": "31"
                    },
                    "section_type": "TEXT",
                    "format_type": "본문",
                    "is_article_title": false,
                    "article": 5,
                    "paragraph": 2,
                    "subparagraph": null
                },
                "content": {
                    "content_labels": [
                        "기타"
                    ],
                    "description": "② 계약 기간에 ‘작가’의 책임 있는 사유로 ‘작가’가 정상적인 ‘작품 활동’을 할 수 없게 된 경우에는 계약 기간의 연장 여부와 구체적인 연장 일수는 ‘작가’와 ‘회사’가 협의하여 정한다."
                }
            },
            {
                "id": "32",
                "format": {
                    "position": {
                        "line": "32"
                    },
                    "section_type": "TEXT",
                    "format_type": "본문",
                    "is_article_title": false,
                    "article": 5,
                    "paragraph": 3,
                    "subparagraph": null
                },
                "content": {
                    "content_labels": [
                        "기타"
                    ],
                    "description": "③ ‘작가’와 ‘회사’ 모두 계약 기간 종료 3개월 전까지 계약 갱신 거절의 의사를 표시하지 않는 경우 본 계약은 동일한 내용으로 갱신된다. 다만, 갱신 기간 및 계약 연장 일수는 ‘작가’와 ‘회사’가 협의하여 정한다."
                }
            },
            {
                "id": "33",
                "format": {
                    "position": {
                        "line": "33"
                    },
                    "section_type": "TEXT",
                    "format_type": "본문",
                    "is_article_title": true,
                    "article": 6,
                    "paragraph": null,
                    "subparagraph": null
                },
                "content": {
                    "content_labels": [
                        "기타"
                    ],
                    "description": "제6조 (계약지역)"
                }
            },
            {
                "id": "34",
                "format": {
                    "position": {
                        "line": "34"
                    },
                    "section_type": "TEXT",
                    "format_type": "본문",
                    "is_article_title": false,
                    "article": 6,
                    "paragraph": null,
                    "subparagraph": null
                },
                "content": {
                    "content_labels": [
                        "기타"
                    ],
                    "description": "본 계약의 적용 지역은 전 세계로 한다."
                }
            },
            {
                "id": "35",
                "format": {
                    "position": {
                        "line": "35"
                    },
                    "section_type": "TEXT",
                    "format_type": "본문",
                    "is_article_title": true,
                    "article": 7,
                    "paragraph": null,
                    "subparagraph": null
                },
                "content": {
                    "content_labels": [
                        "기타"
                    ],
                    "description": "제7조 (전속적 권한 부여의 대가)"
                }
            },
            {
                "id": "36",
                "format": {
                    "position": {
                        "line": "36"
                    },
                    "section_type": "TEXT",
                    "format_type": "본문",
                    "is_article_title": false,
                    "article": 7,
                    "paragraph": 1,
                    "subparagraph": null
                },
                "content": {
                    "content_labels": [
                        "기타"
                    ],
                    "description": "① ‘회사’는 ‘작가’로부터 ‘디지털 작품’ 전속적 권한을 부여받아 ‘작가’의 ‘디지털 작품’에 해당하는 NFT를 ‘회사’ 웹사이트를 통해 판매한다."
                }
            },
            {
                "id": "37",
                "format": {
                    "position": {
                        "line": "37"
                    },
                    "section_type": "TEXT",
                    "format_type": "본문",
                    "is_article_title": false,
                    "article": 7,
                    "paragraph": 2,
                    "subparagraph": null
                },
                "content": {
                    "content_labels": [
                        "기타"
                    ],
                    "description": "② ‘회사’는 ‘작가’의 ‘디지털 작품’의 NFT를 우선으로 하여 판매가 되도록 노력한다"
                }
            },
            {
                "id": "38",
                "format": {
                    "position": {
                        "line": "38"
                    },
                    "section_type": "TEXT",
                    "format_type": "본문",
                    "is_article_title": true,
                    "article": 8,
                    "paragraph": null,
                    "subparagraph": null
                },
                "content": {
                    "content_labels": [
                        "기타"
                    ],
                    "description": "제8조 (전속적 권한 부여에 대가로서의 ‘디지털 작품’ 전시, NFT 채굴, NFT 판매)"
                }
            },
            {
                "id": "39",
                "format": {
                    "position": {
                        "line": "39"
                    },
                    "section_type": "TEXT",
                    "format_type": "본문",
                    "is_article_title": false,
                    "article": 8,
                    "paragraph": 1,
                    "subparagraph": null
                },
                "content": {
                    "content_labels": [
                        "기타"
                    ],
                    "description": "① ‘회사’는 계약 기간 동안 1회 이상 ‘작가’에게 웹사이트에서의 ‘디지털 작품’ 전시 및 NFT 채굴 기회를 제공한다."
                }
            },
            {
                "id": "40",
                "format": {
                    "position": {
                        "line": "40"
                    },
                    "section_type": "TEXT",
                    "format_type": "본문",
                    "is_article_title": false,
                    "article": 8,
                    "paragraph": 2,
                    "subparagraph": null
                },
                "content": {
                    "content_labels": [
                        "기타"
                    ],
                    "description": "② ‘작가’는 전시를 원하는 ‘디지털 작품’이 있을 때 ‘회사’에 알리고 웹사이트의 작품 등록 양식에 내용을 작성하며, 전시 여부 및 전시 작품 정보, 판매 방식 및 가격에 대해 ‘회사’와 협의한다. 만약 ‘작가’가 전시를 원하는 작품이 디지털 상태가 아니라면 제 9조를 참고한다."
                }
            },
            {
                "id": "41",
                "format": {
                    "position": {
                        "line": "41"
                    },
                    "section_type": "TEXT",
                    "format_type": "본문",
                    "is_article_title": false,
                    "article": 8,
                    "paragraph": 3,
                    "subparagraph": null
                },
                "content": {
                    "content_labels": [
                        "기타"
                    ],
                    "description": "③ 전 2항의 작품 등록 양식의 내용은 각호와 같다"
                }
            },
            {
                "id": "42",
                "format": {
                    "position": {
                        "line": "42"
                    },
                    "section_type": "TEXT",
                    "format_type": "본문",
                    "is_article_title": false,
                    "article": 8,
                    "paragraph": 3,
                    "subparagraph": 1
                },
                "content": {
                    "content_labels": [
                        "기타"
                    ],
                    "description": "1. 작품명"
                }
            },
            {
                "id": "43",
                "format": {
                    "position": {
                        "line": "43"
                    },
                    "section_type": "TEXT",
                    "format_type": "본문",
                    "is_article_title": false,
                    "article": 8,
                    "paragraph": 3,
                    "subparagraph": 2
                },
                "content": {
                    "content_labels": [
                        "기타"
                    ],
                    "description": "2. 작품 제작 년도"
                }
            },
            {
                "id": "44",
                "format": {
                    "position": {
                        "line": "44"
                    },
                    "section_type": "TEXT",
                    "format_type": "본문",
                    "is_article_title": false,
                    "article": 8,
                    "paragraph": 3,
                    "subparagraph": 3
                },
                "content": {
                    "content_labels": [
                        "기타"
                    ],
                    "description": "3. 작품 설명"
                }
            },
            {
                "id": "45",
                "format": {
                    "position": {
                        "line": "45"
                    },
                    "section_type": "TEXT",
                    "format_type": "본문",
                    "is_article_title": false,
                    "article": 8,
                    "paragraph": 3,
                    "subparagraph": 4
                },
                "content": {
                    "content_labels": [
                        "기타"
                    ],
                    "description": "4. 작품 사진 및 동영상"
                }
            },
            {
                "id": "46",
                "format": {
                    "position": {
                        "line": "46"
                    },
                    "section_type": "TEXT",
                    "format_type": "본문",
                    "is_article_title": false,
                    "article": 8,
                    "paragraph": 3,
                    "subparagraph": 5
                },
                "content": {
                    "content_labels": [
                        "기타"
                    ],
                    "description": "5. 작품 판매 방식(판매/경매)"
                }
            },
            {
                "id": "47",
                "format": {
                    "position": {
                        "line": "47"
                    },
                    "section_type": "TEXT",
                    "format_type": "본문",
                    "is_article_title": false,
                    "article": 8,
                    "paragraph": 3,
                    "subparagraph": 6
                },
                "content": {
                    "content_labels": [
                        "기타"
                    ],
                    "description": "6. 작품 판매 가격/입찰 최소 가격"
                }
            },
            {
                "id": "48",
                "format": {
                    "position": {
                        "line": "48"
                    },
                    "section_type": "TEXT",
                    "format_type": "본문",
                    "is_article_title": false,
                    "article": 8,
                    "paragraph": 4,
                    "subparagraph": null
                },
                "content": {
                    "content_labels": [
                        "기타"
                    ],
                    "description": "④ 상호 협의가 완료되어 ‘회사’가 승인하면 협의되어 정해진 내용을 기초로 해당 ‘디지털 작품’에 해당하는 NFT를 발행하게 하며 웹사이트에 정보를 반영한다."
                }
            },
            {
                "id": "49",
                "format": {
                    "position": {
                        "line": "49"
                    },
                    "section_type": "TEXT",
                    "format_type": "본문",
                    "is_article_title": false,
                    "article": 8,
                    "paragraph": 5,
                    "subparagraph": null
                },
                "content": {
                    "content_labels": [
                        "기타"
                    ],
                    "description": "⑤ 상호 협의가 완료되어 ‘회사’의 웹사이트에 전시하기로 결정된 ‘디지털 작품’에 대해 ‘작가’와 ‘회사’는 다음 각호를 포함한 전시 관련 세부사항을 별도로 협의하여 정한다."
                }
            },
            {
                "id": "50",
                "format": {
                    "position": {
                        "line": "50"
                    },
                    "section_type": "TEXT",
                    "format_type": "본문",
                    "is_article_title": false,
                    "article": 8,
                    "paragraph": 5,
                    "subparagraph": 1
                },
                "content": {
                    "content_labels": [
                        "기타"
                    ],
                    "description": "1. 전시 관련 홍보에 관한 사항"
                }
            },
            {
                "id": "51",
                "format": {
                    "position": {
                        "line": "51"
                    },
                    "section_type": "TEXT",
                    "format_type": "본문",
                    "is_article_title": false,
                    "article": 8,
                    "paragraph": 5,
                    "subparagraph": 2
                },
                "content": {
                    "content_labels": [
                        "기타"
                    ],
                    "description": "2. 전시 관련 부대행사에 관한 사항"
                }
            },
            {
                "id": "52",
                "format": {
                    "position": {
                        "line": "52"
                    },
                    "section_type": "TEXT",
                    "format_type": "본문",
                    "is_article_title": false,
                    "article": 8,
                    "paragraph": 6,
                    "subparagraph": null
                },
                "content": {
                    "content_labels": [
                        "기타"
                    ],
                    "description": "⑥ ‘회사’는 자신의 비용과 책임으로 전시 관련 홍보 부대행사를 실시한다."
                }
            },
            {
                "id": "53",
                "format": {
                    "position": {
                        "line": "53"
                    },
                    "section_type": "TEXT",
                    "format_type": "본문",
                    "is_article_title": true,
                    "article": 9,
                    "paragraph": null,
                    "subparagraph": null
                },
                "content": {
                    "content_labels": [
                        "기타"
                    ],
                    "description": "제9조 (실물 작품의 ‘디지털 작품’화)"
                }
            },
            {
                "id": "54",
                "format": {
                    "position": {
                        "line": "54"
                    },
                    "section_type": "TEXT",
                    "format_type": "본문",
                    "is_article_title": false,
                    "article": 9,
                    "paragraph": 1,
                    "subparagraph": null
                },
                "content": {
                    "content_labels": [
                        "기타"
                    ],
                    "description": "① 본 조는 ‘작가’가 전시를 원하는 작품이 디지털 상태가 아닐 때 적용된다."
                }
            },
            {
                "id": "55",
                "format": {
                    "position": {
                        "line": "55"
                    },
                    "section_type": "TEXT",
                    "format_type": "본문",
                    "is_article_title": false,
                    "article": 9,
                    "paragraph": 2,
                    "subparagraph": null
                },
                "content": {
                    "content_labels": [
                        "기타"
                    ],
                    "description": "② ‘작가’가 실물 미술 작품을 전시하고자 회사’에 요청 시, ‘회사’에 의해 3D 스캐닝 방식으로 디지털화 된다."
                }
            },
            {
                "id": "56",
                "format": {
                    "position": {
                        "line": "56"
                    },
                    "section_type": "TEXT",
                    "format_type": "본문",
                    "is_article_title": false,
                    "article": 9,
                    "paragraph": 3,
                    "subparagraph": null
                },
                "content": {
                    "content_labels": [
                        "기타"
                    ],
                    "description": "③ 작품의 디지털화 절차는 다음과 같다."
                }
            },
            {
                "id": "57",
                "format": {
                    "position": {
                        "line": "57"
                    },
                    "section_type": "TEXT",
                    "format_type": "본문",
                    "is_article_title": false,
                    "article": 9,
                    "paragraph": 3,
                    "subparagraph": 1
                },
                "content": {
                    "content_labels": [
                        "기타"
                    ],
                    "description": "1. ‘작가’가 작품을 ‘회사’에 제공한다."
                }
            },
            {
                "id": "58",
                "format": {
                    "position": {
                        "line": "58"
                    },
                    "section_type": "TEXT",
                    "format_type": "본문",
                    "is_article_title": false,
                    "article": 9,
                    "paragraph": 3,
                    "subparagraph": 2
                },
                "content": {
                    "content_labels": [
                        "기타"
                    ],
                    "description": "2. ‘회사’는 작품을 3D 스캐닝 장소까지 운송 및 보관한다."
                }
            },
            {
                "id": "59",
                "format": {
                    "position": {
                        "line": "59"
                    },
                    "section_type": "TEXT",
                    "format_type": "본문",
                    "is_article_title": false,
                    "article": 9,
                    "paragraph": 3,
                    "subparagraph": 3
                },
                "content": {
                    "content_labels": [
                        "기타"
                    ],
                    "description": "3. ‘회사’는 작품을 3D 스캐닝 한다."
                }
            },
            {
                "id": "60",
                "format": {
                    "position": {
                        "line": "60"
                    },
                    "section_type": "TEXT",
                    "format_type": "본문",
                    "is_article_title": false,
                    "article": 9,
                    "paragraph": 3,
                    "subparagraph": 4
                },
                "content": {
                    "content_labels": [
                        "기타"
                    ],
                    "description": "4. 3D 스캐닝을 마친 작품은 ‘회사’가 ‘작가’에게 반환한다."
                }
            },
            {
                "id": "61",
                "format": {
                    "position": {
                        "line": "61"
                    },
                    "section_type": "TEXT",
                    "format_type": "본문",
                    "is_article_title": false,
                    "article": 9,
                    "paragraph": 4,
                    "subparagraph": null
                },
                "content": {
                    "content_labels": [
                        "기타"
                    ],
                    "description": "④ ‘작가’가 작품을 ‘회사’에 제공하는 것에 대한 내용은 제 10 조를 참고한다."
                }
            },
            {
                "id": "62",
                "format": {
                    "position": {
                        "line": "62"
                    },
                    "section_type": "TEXT",
                    "format_type": "본문",
                    "is_article_title": false,
                    "article": 9,
                    "paragraph": 5,
                    "subparagraph": null
                },
                "content": {
                    "content_labels": [
                        "기타"
                    ],
                    "description": "⑤ ‘회사’가 작품을 3D 스캐닝 장소까지 운송 및 보관하는 것에 대한 내용은 제 11조를 참고한다."
                }
            },
            {
                "id": "63",
                "format": {
                    "position": {
                        "line": "63"
                    },
                    "section_type": "TEXT",
                    "format_type": "본문",
                    "is_article_title": false,
                    "article": 9,
                    "paragraph": 6,
                    "subparagraph": null
                },
                "content": {
                    "content_labels": [
                        "기타"
                    ],
                    "description": "⑥ ‘회사’가 작품을 3D 스캐닝 하는 것에 대한 내용은 제 12조를 참고한다."
                }
            },
            {
                "id": "64",
                "format": {
                    "position": {
                        "line": "64"
                    },
                    "section_type": "TEXT",
                    "format_type": "본문",
                    "is_article_title": false,
                    "article": 9,
                    "paragraph": 7,
                    "subparagraph": null
                },
                "content": {
                    "content_labels": [
                        "기타"
                    ],
                    "description": "⑦ 3D 스캐닝을 마친 작품을 ‘회사’가 ‘작가’에게 반환하는 것에 대한 내용은 제 13조를 참고한다."
                }
            },
            {
                "id": "65",
                "format": {
                    "position": {
                        "line": "65"
                    },
                    "section_type": "TEXT",
                    "format_type": "본문",
                    "is_article_title": false,
                    "article": 9,
                    "paragraph": 8,
                    "subparagraph": null
                },
                "content": {
                    "content_labels": [
                        "기타"
                    ],
                    "description": "⑧ 작품에 이상이 생긴 경우에 대한 내용은 제 14조를 참고한다."
                }
            },
            {
                "id": "66",
                "format": {
                    "position": {
                        "line": "66"
                    },
                    "section_type": "TEXT",
                    "format_type": "본문",
                    "is_article_title": false,
                    "article": 9,
                    "paragraph": 9,
                    "subparagraph": null
                },
                "content": {
                    "content_labels": [
                        "기타"
                    ],
                    "description": "⑨ 3D 스캐닝을 통해 만들어진 ‘디지털 작품’은 ‘작가’에게 전달되고 제 8조를 따른다."
                }
            },
            {
                "id": "67",
                "format": {
                    "position": {
                        "line": "67"
                    },
                    "section_type": "TEXT",
                    "format_type": "본문",
                    "is_article_title": true,
                    "article": 10,
                    "paragraph": null,
                    "subparagraph": null
                },
                "content": {
                    "content_labels": [
                        "기타"
                    ],
                    "description": "제10조 (작품의 제공)"
                }
            },
            {
                "id": "68",
                "format": {
                    "position": {
                        "line": "68"
                    },
                    "section_type": "TEXT",
                    "format_type": "본문",
                    "is_article_title": false,
                    "article": 10,
                    "paragraph": 1,
                    "subparagraph": null
                },
                "content": {
                    "content_labels": [
                        "기타"
                    ],
                    "description": "① ‘작가’는 ‘회사’와 협의된 날짜까지 제9조 제2항에 따른 작품을 ‘작가’의 작업장소 또는 기타 ‘작가’와 ‘회사’가 합의한 장소에서 즉시 제공이 가능한 상태로 준비하여야 한다."
                }
            },
            {
                "id": "69",
                "format": {
                    "position": {
                        "line": "69"
                    },
                    "section_type": "TEXT",
                    "format_type": "본문",
                    "is_article_title": false,
                    "article": 10,
                    "paragraph": 2,
                    "subparagraph": null
                },
                "content": {
                    "content_labels": [
                        "기타"
                    ],
                    "description": "② ‘회사’는 ‘작가’로부터 작품을 인도받는 것과 동시에 작품인수증을 ‘작가’에게 교부하여야 한다."
                }
            },
            {
                "id": "70",
                "format": {
                    "position": {
                        "line": "70"
                    },
                    "section_type": "TEXT",
                    "format_type": "본문",
                    "is_article_title": true,
                    "article": 11,
                    "paragraph": null,
                    "subparagraph": null
                },
                "content": {
                    "content_labels": [
                        "기타"
                    ],
                    "description": "제11조 (작품의 운송 및 보관)"
                }
            },
            {
                "id": "71",
                "format": {
                    "position": {
                        "line": "71"
                    },
                    "section_type": "TEXT",
                    "format_type": "본문",
                    "is_article_title": false,
                    "article": 11,
                    "paragraph": 1,
                    "subparagraph": null
                },
                "content": {
                    "content_labels": [
                        "기타"
                    ],
                    "description": "① ‘회사’는 자신의 비용과 책임으로 작품을 수장고 또는 3D 스캐닝 장소 등 보관장소까지 운송한다."
                }
            },
            {
                "id": "72",
                "format": {
                    "position": {
                        "line": "72"
                    },
                    "section_type": "TEXT",
                    "format_type": "본문",
                    "is_article_title": false,
                    "article": 11,
                    "paragraph": 2,
                    "subparagraph": null
                },
                "content": {
                    "content_labels": [
                        "기타"
                    ],
                    "description": "② ‘회사’는 작품을 인도받은 시점부터 제13조의 3D 스캐닝 후 반환 시점까지 운송기간 및 전시 기간을 제외하고는 자신의 비용과 책임으로 작품을 수장고 등 보관장소에 보관하여야 한다."
                }
            },
            {
                "id": "73",
                "format": {
                    "position": {
                        "line": "73"
                    },
                    "section_type": "TEXT",
                    "format_type": "본문",
                    "is_article_title": false,
                    "article": 11,
                    "paragraph": 3,
                    "subparagraph": null
                },
                "content": {
                    "content_labels": [
                        "기타"
                    ],
                    "description": "③ ‘회사’는 포장, 명세표 부착 등 보관 시 작품의 관리를 위해 필요한 통상의 조치를 하여야 한다."
                }
            },
            {
                "id": "74",
                "format": {
                    "position": {
                        "line": "74"
                    },
                    "section_type": "TEXT",
                    "format_type": "본문",
                    "is_article_title": false,
                    "article": 11,
                    "paragraph": 4,
                    "subparagraph": null
                },
                "content": {
                    "content_labels": [
                        "기타"
                    ],
                    "description": "④ ‘회사’는 통상적으로 작품을 보관하기에 적합한 습도, 조도, 잠금장치 등의 조건을 갖춘 장소에 작품을 보관하여야 한다."
                }
            },
            {
                "id": "75",
                "format": {
                    "position": {
                        "line": "75"
                    },
                    "section_type": "TEXT",
                    "format_type": "본문",
                    "is_article_title": true,
                    "article": 12,
                    "paragraph": null,
                    "subparagraph": null
                },
                "content": {
                    "content_labels": [
                        "기타"
                    ],
                    "description": "제12조 (작품의 3D 스캐닝)"
                }
            },
            {
                "id": "76",
                "format": {
                    "position": {
                        "line": "76"
                    },
                    "section_type": "TEXT",
                    "format_type": "본문",
                    "is_article_title": false,
                    "article": 12,
                    "paragraph": 1,
                    "subparagraph": null
                },
                "content": {
                    "content_labels": [
                        "기타"
                    ],
                    "description": "① 작품은 3D 스캐너에 의해 작품의 모든 것이 스캐닝 된다."
                }
            },
            {
                "id": "77",
                "format": {
                    "position": {
                        "line": "77"
                    },
                    "section_type": "TEXT",
                    "format_type": "본문",
                    "is_article_title": true,
                    "article": 13,
                    "paragraph": null,
                    "subparagraph": null
                },
                "content": {
                    "content_labels": [
                        "기타"
                    ],
                    "description": "제13조 (작품의 반환)"
                }
            },
            {
                "id": "78",
                "format": {
                    "position": {
                        "line": "78"
                    },
                    "section_type": "TEXT",
                    "format_type": "본문",
                    "is_article_title": false,
                    "article": 13,
                    "paragraph": 1,
                    "subparagraph": null
                },
                "content": {
                    "content_labels": [
                        "기타"
                    ],
                    "description": "① 3D 스캐닝이 완료된 작품은 ‘‘회사’’가 자신의 비용과 책임으로 그 종료일로부터 [  ]일 이내에 작품을 ‘작가’의 작업장소 또는 기타 ‘작가’와 ‘회사’가 합의한 장소까지 운송하여야 한다."
                }
            },
            {
                "id": "79",
                "format": {
                    "position": {
                        "line": "79"
                    },
                    "section_type": "TEXT",
                    "format_type": "본문",
                    "is_article_title": false,
                    "article": 13,
                    "paragraph": 2,
                    "subparagraph": null
                },
                "content": {
                    "content_labels": [
                        "기타"
                    ],
                    "description": "② ‘작가’의 귀책사유로 계약기간 중 본 계약이 종료되는 경우 ‘회사’는 그 종료일로부터 [  ]일 이내에 작품을 전시장소 또는 수장고 등 보관장소에 즉시 제공이 가능한 상태로 준비하는 것으로써 반환책임에서 벗어난다."
                }
            },
            {
                "id": "80",
                "format": {
                    "position": {
                        "line": "80"
                    },
                    "section_type": "TEXT",
                    "format_type": "본문",
                    "is_article_title": true,
                    "article": 14,
                    "paragraph": null,
                    "subparagraph": null
                },
                "content": {
                    "content_labels": [
                        "기타"
                    ],
                    "description": "제14조 (작품의 이상 및 복구)"
                }
            },
            {
                "id": "81",
                "format": {
                    "position": {
                        "line": "81"
                    },
                    "section_type": "TEXT",
                    "format_type": "본문",
                    "is_article_title": false,
                    "article": 14,
                    "paragraph": 1,
                    "subparagraph": null
                },
                "content": {
                    "content_labels": [
                        "기타"
                    ],
                    "description": "① ‘회사’는 보관 및 3D스캐닝 과정 중인 작품의 이상을 발견한 경우 즉시 ‘작가’에게 알려야 하고, ‘작가’는 복구가 불가능한 경우를 제외하고는 작품을 즉시 복구하여야 한다."
                }
            },
            {
                "id": "82",
                "format": {
                    "position": {
                        "line": "82"
                    },
                    "section_type": "TEXT",
                    "format_type": "본문",
                    "is_article_title": false,
                    "article": 14,
                    "paragraph": 2,
                    "subparagraph": null
                },
                "content": {
                    "content_labels": [
                        "기타"
                    ],
                    "description": "② 작품 자체의 하자로 인한 이상의 경우에는 ‘작가’가, 그 외의 이유로 인한 이상의 경우에는 ‘회사’가 각 복구비용을 부담한다."
                }
            },
            {
                "id": "83",
                "format": {
                    "position": {
                        "line": "83"
                    },
                    "section_type": "TEXT",
                    "format_type": "본문",
                    "is_article_title": false,
                    "article": 14,
                    "paragraph": 3,
                    "subparagraph": null
                },
                "content": {
                    "content_labels": [
                        "업무 수행을 위한 협조, 협의"
                    ],
                    "description": "③ ‘작가’와 ‘회사’는 복구방법, 복구기간 등에 관하여 별도로 협의하여 정한다."
                }
            },
            {
                "id": "84",
                "format": {
                    "position": {
                        "line": "84"
                    },
                    "section_type": "TEXT",
                    "format_type": "본문",
                    "is_article_title": true,
                    "article": 15,
                    "paragraph": null,
                    "subparagraph": null
                },
                "content": {
                    "content_labels": [
                        "기타"
                    ],
                    "description": "제15조 (보험)"
                }
            },
            {
                "id": "85",
                "format": {
                    "position": {
                        "line": "85"
                    },
                    "section_type": "TEXT",
                    "format_type": "본문",
                    "is_article_title": false,
                    "article": 15,
                    "paragraph": 1,
                    "subparagraph": null
                },
                "content": {
                    "content_labels": [
                        "기타"
                    ],
                    "description": "① ‘회사’는 자신의 비용으로 작품의 운송, 보관 및 반환 중 발생할 수 있는 작품의 멸실, 훼손, 도난, 분실 등을 보험사고로 하는 보험에 가입하여야 한다."
                }
            },
            {
                "id": "86",
                "format": {
                    "position": {
                        "line": "86"
                    },
                    "section_type": "TEXT",
                    "format_type": "본문",
                    "is_article_title": false,
                    "article": 15,
                    "paragraph": 2,
                    "subparagraph": null
                },
                "content": {
                    "content_labels": [
                        "기타"
                    ],
                    "description": "② ‘회사’는 보험 가입 즉시 ‘작가’에게 보험증권 사본을 교부한다."
                }
            },
            {
                "id": "87",
                "format": {
                    "position": {
                        "line": "87"
                    },
                    "section_type": "TEXT",
                    "format_type": "본문",
                    "is_article_title": true,
                    "article": 16,
                    "paragraph": null,
                    "subparagraph": null
                },
                "content": {
                    "content_labels": [
                        "기타"
                    ],
                    "description": "제16조 (수익의 정산 및 스마트 컨트랙트)"
                }
            },
            {
                "id": "88",
                "format": {
                    "position": {
                        "line": "88"
                    },
                    "section_type": "TEXT",
                    "format_type": "본문",
                    "is_article_title": false,
                    "article": 16,
                    "paragraph": 1,
                    "subparagraph": null
                },
                "content": {
                    "content_labels": [
                        "계약금의 지급"
                    ],
                    "description": "① ‘작가’와 ‘회사’는 판매된 ‘디지털 작품’에 관하여 스마트 컨트랙트에 따라 판매가격을 [(@비율)](‘작가’ : (@숫자) , ‘회사’ : (@숫자))의 비율로 분배한다."
                }
            },
            {
                "id": "89",
                "format": {
                    "position": {
                        "line": "89"
                    },
                    "section_type": "TEXT",
                    "format_type": "본문",
                    "is_article_title": false,
                    "article": 16,
                    "paragraph": 2,
                    "subparagraph": null
                },
                "content": {
                    "content_labels": [
                        "계약금의 지급"
                    ],
                    "description": "② 작품이 판매된 경우의 판매대금은 스마트 컨트랙트에 따라 ‘작가’와 ‘회사’에게 즉시 지급된다."
                }
            },
            {
                "id": "90",
                "format": {
                    "position": {
                        "line": "90"
                    },
                    "section_type": "TEXT",
                    "format_type": "본문",
                    "is_article_title": false,
                    "article": 16,
                    "paragraph": 3,
                    "subparagraph": null
                },
                "content": {
                    "content_labels": [
                        "계약금의 지급"
                    ],
                    "description": "③ ‘작가’는 ‘작가’의 작품이 재판매 될 시 판매가격의 [  ]%를 고정적 로열티로 지급받게 된다."
                }
            },
            {
                "id": "91",
                "format": {
                    "position": {
                        "line": "91"
                    },
                    "section_type": "TEXT",
                    "format_type": "본문",
                    "is_article_title": true,
                    "article": 17,
                    "paragraph": null,
                    "subparagraph": null
                },
                "content": {
                    "content_labels": [
                        "지적재산권"
                    ],
                    "description": "제17조 (작품의 저작재산권 귀속, 이용허락 등)"
                }
            },
            {
                "id": "92",
                "format": {
                    "position": {
                        "line": "92"
                    },
                    "section_type": "TEXT",
                    "format_type": "본문",
                    "is_article_title": false,
                    "article": 17,
                    "paragraph": 1,
                    "subparagraph": null
                },
                "content": {
                    "content_labels": [
                        "지적재산권"
                    ],
                    "description": "① 작품의 저작재산권은 ‘작가’에게 있다."
                }
            },
            {
                "id": "93",
                "format": {
                    "position": {
                        "line": "93"
                    },
                    "section_type": "TEXT",
                    "format_type": "본문",
                    "is_article_title": false,
                    "article": 17,
                    "paragraph": 2,
                    "subparagraph": null
                },
                "content": {
                    "content_labels": [
                        "기타"
                    ],
                    "description": "② ‘회사’가 작품의 감상을 목적으로 하는 화집, 도록 등을 제작·출판하고자 하는 경우 ‘작가’와 부수, 출판사, 판매 여부, 판매가격, 판매대금의 분배비율 및 분배시기 등 구체적인 내용을 포함하는 서면 합의를 하여야 한다."
                }
            },
            {
                "id": "94",
                "format": {
                    "position": {
                        "line": "94"
                    },
                    "section_type": "TEXT",
                    "format_type": "본문",
                    "is_article_title": false,
                    "article": 17,
                    "paragraph": 3,
                    "subparagraph": null
                },
                "content": {
                    "content_labels": [
                        "기타"
                    ],
                    "description": "③ ‘회사’는 작품을 상품화(merchandising)하고자 하는 경우 ‘작가’와 상품의 종류, 판매가격, 판매대금의 분배비율 및 분배시기 등 구체적인 내용을 포함하는 서면 합의를 하여야 한다."
                }
            },
            {
                "id": "95",
                "format": {
                    "position": {
                        "line": "95"
                    },
                    "section_type": "TEXT",
                    "format_type": "본문",
                    "is_article_title": false,
                    "article": 17,
                    "paragraph": 4,
                    "subparagraph": null
                },
                "content": {
                    "content_labels": [
                        "기타"
                    ],
                    "description": "④ ‘회사’가 작품을 사용하여 비매용 기념품을 제작하고자 하는 경우 ‘작가’와 별도로 협의한다."
                }
            },
            {
                "id": "96",
                "format": {
                    "position": {
                        "line": "96"
                    },
                    "section_type": "TEXT",
                    "format_type": "본문",
                    "is_article_title": false,
                    "article": 17,
                    "paragraph": 5,
                    "subparagraph": null
                },
                "content": {
                    "content_labels": [
                        "기타"
                    ],
                    "description": "⑤ ‘회사’는 작품의 해설이나 소개를 목적으로 하는 목록 형태의 책자 및 전자문서에 작품을 복제하여 배포, 전송할 수 있다. ‘회사’는 본 계약 종료 이후에는 아카이빙 (archiving)의 목적으로만 작품을 이용할 수 있다."
                }
            },
            {
                "id": "97",
                "format": {
                    "position": {
                        "line": "97"
                    },
                    "section_type": "TEXT",
                    "format_type": "본문",
                    "is_article_title": false,
                    "article": 17,
                    "paragraph": 6,
                    "subparagraph": null
                },
                "content": {
                    "content_labels": [
                        "권리의 양도, 처분 금지"
                    ],
                    "description": "⑥ ‘작가’는 전항의 작품 이용 과정에서 나온 산출물을 ‘회사’의 동의 없이 사용하거나 제3자에게 제공하여서는 아니 된다."
                }
            },
            {
                "id": "98",
                "format": {
                    "position": {
                        "line": "98"
                    },
                    "section_type": "TEXT",
                    "format_type": "본문",
                    "is_article_title": false,
                    "article": 17,
                    "paragraph": 7,
                    "subparagraph": null
                },
                "content": {
                    "content_labels": [
                        "손해배상의 예정"
                    ],
                    "description": "⑦ ‘회사’는 이용자와 분쟁이 발생할 경우 자신의 비용과 책임으로 해결하여야 한다. 다만, 분쟁의 원인이 ‘작가’의 귀책사유로 인한 것임이 밝혀진 경우, ‘회사’는 분쟁으로 인하여 발생한 비용을 ‘작가’에게 구상할 수 있다."
                }
            },
            {
                "id": "99",
                "format": {
                    "position": {
                        "line": "99"
                    },
                    "section_type": "TEXT",
                    "format_type": "본문",
                    "is_article_title": true,
                    "article": 18,
                    "paragraph": null,
                    "subparagraph": null
                },
                "content": {
                    "content_labels": [
                        "기타"
                    ],
                    "description": "제18조 (저작인격권 등)"
                }
            },
            {
                "id": "100",
                "format": {
                    "position": {
                        "line": "100"
                    },
                    "section_type": "TEXT",
                    "format_type": "본문",
                    "is_article_title": false,
                    "article": 18,
                    "paragraph": 1,
                    "subparagraph": null
                },
                "content": {
                    "content_labels": [
                        "기타"
                    ],
                    "description": "① ‘작가’는 ‘회사’를 통해 작품을 공표한다."
                }
            },
            {
                "id": "101",
                "format": {
                    "position": {
                        "line": "101"
                    },
                    "section_type": "TEXT",
                    "format_type": "본문",
                    "is_article_title": false,
                    "article": 18,
                    "paragraph": 2,
                    "subparagraph": null
                },
                "content": {
                    "content_labels": [
                        "기타"
                    ],
                    "description": "② ‘작가’와 ‘회사’는 작품의 구체적인 공표시기와 공표방법에 관하여는 별도로 협의하여 정한다."
                }
            },
            {
                "id": "102",
                "format": {
                    "position": {
                        "line": "102"
                    },
                    "section_type": "TEXT",
                    "format_type": "본문",
                    "is_article_title": false,
                    "article": 18,
                    "paragraph": 3,
                    "subparagraph": null
                },
                "content": {
                    "content_labels": [
                        "기타"
                    ],
                    "description": "③ ‘회사’는 미술계의 관례에 따라 ‘작가’의 의사에 반하지 않는 방법으로 전시 관련 홍보물 및 기타 홍보자료에 ‘작가’의 성명을 표시하여야 한다. 성명 이외의 표시에 관하여는 별도로 협의한다."
                }
            },
            {
                "id": "103",
                "format": {
                    "position": {
                        "line": "103"
                    },
                    "section_type": "TEXT",
                    "format_type": "본문",
                    "is_article_title": true,
                    "article": 19,
                    "paragraph": null,
                    "subparagraph": null
                },
                "content": {
                    "content_labels": [
                        "기타"
                    ],
                    "description": "제19조 (산업재해보상보험)"
                }
            },
            {
                "id": "104",
                "format": {
                    "position": {
                        "line": "104"
                    },
                    "section_type": "TEXT",
                    "format_type": "본문",
                    "is_article_title": false,
                    "article": 19,
                    "paragraph": null,
                    "subparagraph": null
                },
                "content": {
                    "content_labels": [
                        "기타"
                    ],
                    "description": "‘회사’는 ‘작가’를 피보험자로 하는 산업재해보상보험의 취득신고 등 자격관리업무를 수행하여야 하고, 사업주가 부담하는 보험료를 납부하여야 한다."
                }
            },
            {
                "id": "105",
                "format": {
                    "position": {
                        "line": "105"
                    },
                    "section_type": "TEXT",
                    "format_type": "본문",
                    "is_article_title": true,
                    "article": 20,
                    "paragraph": null,
                    "subparagraph": null
                },
                "content": {
                    "content_labels": [
                        "계약의 해제, 해지"
                    ],
                    "description": "제20조 (계약의 해지)"
                }
            },
            {
                "id": "106",
                "format": {
                    "position": {
                        "line": "106"
                    },
                    "section_type": "TEXT",
                    "format_type": "본문",
                    "is_article_title": false,
                    "article": 20,
                    "paragraph": 1,
                    "subparagraph": null
                },
                "content": {
                    "content_labels": [
                        "계약의 해제, 해지"
                    ],
                    "description": "① 당사자는 천재지변 또는 기타 불가항력으로 계약을 유지할 수 없는 경우에 본 계약을 해지할 수 있다."
                }
            },
            {
                "id": "107",
                "format": {
                    "position": {
                        "line": "107"
                    },
                    "section_type": "TEXT",
                    "format_type": "본문",
                    "is_article_title": false,
                    "article": 20,
                    "paragraph": 2,
                    "subparagraph": null
                },
                "content": {
                    "content_labels": [
                        "계약의 해제, 해지"
                    ],
                    "description": "② 당사자는 상대방이 정당한 이유 없이 본 계약을 위반하는 경우에 상당한 기간을 정하여 상대방에게 그 시정을 촉구하고, 상대방이 그 기간이 지나도록 이행하지 아니하는 경우에 계약을 해지할 수 있다. 다만, 상대방이 명백한 시정 거부의사를 표시하였거나 위반 사항의 성격상 시정이 불가능하다는 것이 명백히 인정되는 경우에는 위와 같은 촉구 없이 계약을 해지할 수 있다."
                }
            },
            {
                "id": "108",
                "format": {
                    "position": {
                        "line": "108"
                    },
                    "section_type": "TEXT",
                    "format_type": "본문",
                    "is_article_title": false,
                    "article": 20,
                    "paragraph": 3,
                    "subparagraph": null
                },
                "content": {
                    "content_labels": [
                        "계약의 해제, 해지"
                    ],
                    "description": "③ 당사자는 상대방으로부터 성폭력, 성희롱 그밖에 성범죄를 당한 경우, 즉시 계약을 해지할 수 있다."
                }
            },
            {
                "id": "109",
                "format": {
                    "position": {
                        "line": "109"
                    },
                    "section_type": "TEXT",
                    "format_type": "본문",
                    "is_article_title": false,
                    "article": 20,
                    "paragraph": 4,
                    "subparagraph": null
                },
                "content": {
                    "content_labels": [
                        "면책"
                    ],
                    "description": "④ 본 계약에 대한 해지권의 행사는 상대방에 대한 손해배상청구권 행사에 영향을 미치지 아니한다."
                }
            },
            {
                "id": "110",
                "format": {
                    "position": {
                        "line": "110"
                    },
                    "section_type": "TEXT",
                    "format_type": "본문",
                    "is_article_title": true,
                    "article": 21,
                    "paragraph": null,
                    "subparagraph": null
                },
                "content": {
                    "content_labels": [
                        "손해배상의 예정",
                        "위약벌"
                    ],
                    "description": "제21조 (손해배상 및 위약벌)"
                }
            },
            {
                "id": "111",
                "format": {
                    "position": {
                        "line": "111"
                    },
                    "section_type": "TEXT",
                    "format_type": "본문",
                    "is_article_title": false,
                    "article": 21,
                    "paragraph": 1,
                    "subparagraph": null
                },
                "content": {
                    "content_labels": [
                        "손해배상의 예정"
                    ],
                    "description": "① 당사자가 정당한 이유 없이 본 계약을 위반하는 경우, 그로 인하여 상대방에게 발생한 모든 손해를 배상할 책임이 있다. 다만, 전조 제1항의 사유로 본 계약을 이행하지 못한 경우에는 손해배상책임을 면한다."
                }
            },
            {
                "id": "112",
                "format": {
                    "position": {
                        "line": "112"
                    },
                    "section_type": "TEXT",
                    "format_type": "본문",
                    "is_article_title": false,
                    "article": 21,
                    "paragraph": 2,
                    "subparagraph": null
                },
                "content": {
                    "content_labels": [
                        "위약벌"
                    ],
                    "description": "② ‘회사’가 본 계약에 따른 자신의 의무를 충실히 이행하고 있음에도 불구하고 ‘작가’가 계약기간 도중에 본 계약을 일방적으로 파기할 목적으로 본 계약에 따른 자신의 의무를 이행하지 않는 경우, ‘작가’는 제1항의 손해배상과는 별도로 제16조 제1항에 따라 지급된 총금액의 2배를 위약벌로 ‘회사’에게 지급하여야 한다."
                }
            },
            {
                "id": "113",
                "format": {
                    "position": {
                        "line": "113"
                    },
                    "section_type": "TEXT",
                    "format_type": "본문",
                    "is_article_title": true,
                    "article": 22,
                    "paragraph": null,
                    "subparagraph": null
                },
                "content": {
                    "content_labels": [
                        "기타"
                    ],
                    "description": "제22조 (분쟁해결 등)"
                }
            },
            {
                "id": "114",
                "format": {
                    "position": {
                        "line": "114"
                    },
                    "section_type": "TEXT",
                    "format_type": "본문",
                    "is_article_title": false,
                    "article": 22,
                    "paragraph": 1,
                    "subparagraph": null
                },
                "content": {
                    "content_labels": [
                        "기타"
                    ],
                    "description": "① 본 계약과 관련하여 분쟁이 발생한 경우 양 당사자는 상호협의하여 분쟁을 해결하기 위해 노력한다."
                }
            },
            {
                "id": "115",
                "format": {
                    "position": {
                        "line": "115"
                    },
                    "section_type": "TEXT",
                    "format_type": "본문",
                    "is_article_title": false,
                    "article": 22,
                    "paragraph": 2,
                    "subparagraph": null
                },
                "content": {
                    "content_labels": [
                        "관할법원"
                    ],
                    "description": "② 당사자가 본 계약에 관련된 소송을 제기하는 경우 [상대방의 주소지를 관할하는 법원]을 제1심 관할법원으로 한다."
                }
            },
            {
                "id": "116",
                "format": {
                    "position": {
                        "line": "116"
                    },
                    "section_type": "TEXT",
                    "format_type": "본문",
                    "is_article_title": true,
                    "article": 23,
                    "paragraph": null,
                    "subparagraph": null
                },
                "content": {
                    "content_labels": [
                        "계약의 효력"
                    ],
                    "description": "제23조 (본 계약의 효력)"
                }
            },
            {
                "id": "117",
                "format": {
                    "position": {
                        "line": "117"
                    },
                    "section_type": "TEXT",
                    "format_type": "본문",
                    "is_article_title": false,
                    "article": 23,
                    "paragraph": 1,
                    "subparagraph": null
                },
                "content": {
                    "content_labels": [
                        "계약의 효력"
                    ],
                    "description": "① 본 계약의 효력은 계약 체결일로부터 발생한다."
                }
            },
            {
                "id": "118",
                "format": {
                    "position": {
                        "line": "118"
                    },
                    "section_type": "TEXT",
                    "format_type": "본문",
                    "is_article_title": false,
                    "article": 23,
                    "paragraph": 2,
                    "subparagraph": null
                },
                "content": {
                    "content_labels": [
                        "계약의 효력"
                    ],
                    "description": "② 본 계약은 그 내용과 관련하여 협의, 논의, 합의, 회의록, 비망록, 메모, 이메일, 양해각서 기타 그 명칭 여하를 불문하고 과거로부터 본 계약 체결일까지 당사자 간의 일체의 구두 또는 서면의 합의나 의사에 우선하며, 그와 같은 구두 또는 서면의 합의나 의사는 본 계약의 내용과 충돌하거나 상반되는 한 효력이 없다."
                }
            },
            {
                "id": "119",
                "format": {
                    "position": {
                        "line": "119"
                    },
                    "section_type": "TEXT",
                    "format_type": "본문",
                    "is_article_title": false,
                    "article": 23,
                    "paragraph": 3,
                    "subparagraph": null
                },
                "content": {
                    "content_labels": [
                        "기타"
                    ],
                    "description": "③ 당사자는 본 계약의 내용을 보충·변경하거나 본 계약에서 정하지 아니한 사항을 규정하기 위하여 양 당사자의 합의에 따라 서면으로 된 부속 합의서를 작성할 수 있으며, 서명날인된 부속 합의서를 본 계약서의 말미에 첨부하여야 한다."
                }
            },
            {
                "id": "120",
                "format": {
                    "position": {
                        "line": "120"
                    },
                    "section_type": "TEXT",
                    "format_type": "본문",
                    "is_article_title": true,
                    "article": 24,
                    "paragraph": null,
                    "subparagraph": null
                },
                "content": {
                    "content_labels": [
                        "기타"
                    ],
                    "description": "제24조 (기타)"
                }
            },
            {
                "id": "121",
                "format": {
                    "position": {
                        "line": "121"
                    },
                    "section_type": "TEXT",
                    "format_type": "본문",
                    "is_article_title": false,
                    "article": 24,
                    "paragraph": null,
                    "subparagraph": null
                },
                "content": {
                    "content_labels": [
                        "준거법"
                    ],
                    "description": "본 계약에 명시되지 않은 사항은 양 당사자가 성의를 갖고 상호 협의로 결정하되, 관련 법규, 일반적인 상관례, 대한민국 미술계의 통상적인 관례에 따른다."
                }
            },
            {
                "id": "122",
                "format": {
                    "position": {
                        "line": "122"
                    },
                    "section_type": "TEXT",
                    "format_type": "기명날인",
                    "is_article_title": false,
                    "article": null,
                    "paragraph": null,
                    "subparagraph": null
                },
                "content": {
                    "content_labels": [
                        "회사의 인적사항",
                        "회사의 기명날인"
                    ],
                    "description": "작 가\n성 명: ( 인 )\n주 소 :\n전 화 / F a x :"
                }
            },
            {
                "id": "123",
                "format": {
                    "position": {
                        "line": "123"
                    },
                    "section_type": "TEXT",
                    "format_type": "기명날인",
                    "is_article_title": false,
                    "article": null,
                    "paragraph": null,
                    "subparagraph": null
                },
                "content": {
                    "content_labels": [
                        "피고용인의 인적사항",
                        "피고용인의 기명날인"
                    ],
                    "description": "‘회사명/대표자: 주식’회사’ (@회사명) / (@성명) ( 인 )\n사업자등록번호: (@고유번호)\n주 소 : (@주소 1)\n(@주소 2)\n전 화 / F a x : (@전화번호)"
                }
            }
        ]
    }
}