{
    "document": {
        "type": "계약 법률 문서",
        "metadata": {
            "file_info": {
                "document_name": "기타고용계약서_0335",
                "document_size": "309kb",
                "document_page_count": "9",
                "document_total_ids": "103",
                "document_format": "pdf",
                "document_creation_date": "2024-10-29",
                "document_category": {
                    "main_category": "인사_고용_노무",
                    "sub_category": "고용계약",
                    "detail_category": "기타고용계약서"
                },
                "additional_info": {
                    "related_law": "저작권법, 방송법, 정보통신망 이용촉진 및 정보보호 등에 관한 법률",
                    "document_purpose": "방송인이 회사가 운영 또는 지정하는 방송 플랫폼을 통해 방송활동을 함에 있어 당사자 간의 권리와 의무를 명확히 규정하기 위함",
                    "document_use_case": "방송인, BJ, 인플루언서, 셀럽 등이 방송활동을 수행할 때 활용. 방송 출연, 광고 출연, 행사 진행, 연기자 활동 및 다양한 방송 플랫폼을 이용한 콘텐츠 제작 시 사용됨.",
                    "public_domain_sources": null
                }
            }
        },
        "sections": [
            {
                "id": "1",
                "format": {
                    "position": {
                        "line": "1"
                    },
                    "section_type": "TEXT",
                    "format_type": "제목",
                    "is_article_title": false,
                    "article": null,
                    "paragraph": null,
                    "subparagraph": null
                },
                "content": {
                    "content_labels": [
                        "기타"
                    ],
                    "description": "방송인 계약서"
                }
            },
            {
                "id": "2",
                "format": {
                    "position": {
                        "line": "2"
                    },
                    "section_type": "TEXT",
                    "format_type": "서문",
                    "is_article_title": false,
                    "article": null,
                    "paragraph": null,
                    "subparagraph": null
                },
                "content": {
                    "content_labels": [
                        "계약의 당사자"
                    ],
                    "description": "주식회사 (@회사명)(이하 ‘회사’라 함)과 ______________(이하 ‘방송인’이라 함) 방송활동에 관한 계약을 다음과 같이 체결한다."
                }
            },
            {
                "id": "3",
                "format": {
                    "position": {
                        "line": "3"
                    },
                    "section_type": "TEXT",
                    "format_type": "기타",
                    "is_article_title": false,
                    "article": null,
                    "paragraph": null,
                    "subparagraph": null
                },
                "content": {
                    "content_labels": [
                        "기타"
                    ],
                    "description": "- 다 음 -"
                }
            },
            {
                "id": "4",
                "format": {
                    "position": {
                        "line": "4"
                    },
                    "section_type": "TEXT",
                    "format_type": "본문",
                    "is_article_title": true,
                    "article": 1,
                    "paragraph": null,
                    "subparagraph": null
                },
                "content": {
                    "content_labels": [
                        "용어의 정의"
                    ],
                    "description": "제1조 (정의)"
                }
            },
            {
                "id": "5",
                "format": {
                    "position": {
                        "line": "5"
                    },
                    "section_type": "TEXT",
                    "format_type": "본문",
                    "is_article_title": false,
                    "article": 1,
                    "paragraph": null,
                    "subparagraph": null
                },
                "content": {
                    "content_labels": [
                        "용어의 정의"
                    ],
                    "description": "1. “시용근로”란 본채용 전에 일정기간 동안 정식 근로자로서의 적격성 유무 및 본채용 가부를 판정하기 위한 시험적 사용을 의미한다."
                }
            },
            {
                "id": "6",
                "format": {
                    "position": {
                        "line": "6"
                    },
                    "section_type": "TEXT",
                    "format_type": "본문",
                    "is_article_title": true,
                    "article": 2,
                    "paragraph": null,
                    "subparagraph": null
                },
                "content": {
                    "content_labels": [
                        "계약의 목적"
                    ],
                    "description": "제2조 (계약의 목적)"
                }
            },
            {
                "id": "7",
                "format": {
                    "position": {
                        "line": "7"
                    },
                    "section_type": "TEXT",
                    "format_type": "본문",
                    "is_article_title": false,
                    "article": 2,
                    "paragraph": null,
                    "subparagraph": null
                },
                "content": {
                    "content_labels": [
                        "계약의 목적"
                    ],
                    "description": "본 계약은 방송인이 본 계약에 따라 회사가 운영 또는 지정하는 방송 플랫폼을 통하여 방송활동을 함에 있어 당사자 간의 권리와 의무를 명확히 규정함을 목적으로 한다."
                }
            },
            {
                "id": "8",
                "format": {
                    "position": {
                        "line": "8"
                    },
                    "section_type": "TEXT",
                    "format_type": "본문",
                    "is_article_title": true,
                    "article": 3,
                    "paragraph": null,
                    "subparagraph": null
                },
                "content": {
                    "content_labels": [
                        "계약의 내용"
                    ],
                    "description": "제3조 (방송인의 의무)"
                }
            },
            {
                "id": "9",
                "format": {
                    "position": {
                        "line": "9"
                    },
                    "section_type": "TEXT",
                    "format_type": "본문",
                    "is_article_title": false,
                    "article": 3,
                    "paragraph": 1,
                    "subparagraph": null
                },
                "content": {
                    "content_labels": [
                        "계약의 내용"
                    ],
                    "description": "1 방송인은 계약기간 중 회사가 운영 또는 지정하는 방송 플랫폼을 통해 제6조의 방송횟수, 방송시간 등을 준수하여 방송 촬영, 송출을 포함한 일체의 방송활동을 수행한다. 방송인의 “방송활동”은 다음 각 호와 같다."
                }
            },
            {
                "id": "10",
                "format": {
                    "position": {
                        "line": "10"
                    },
                    "section_type": "TEXT",
                    "format_type": "본문",
                    "is_article_title": false,
                    "article": 3,
                    "paragraph": 1,
                    "subparagraph": 1
                },
                "content": {
                    "content_labels": [
                        "계약의 내용"
                    ],
                    "description": "가) BJ, 인플루언서, 셀럽활동"
                }
            },
            {
                "id": "11",
                "format": {
                    "position": {
                        "line": "11"
                    },
                    "section_type": "TEXT",
                    "format_type": "본문",
                    "is_article_title": false,
                    "article": 3,
                    "paragraph": 1,
                    "subparagraph": 2
                },
                "content": {
                    "content_labels": [
                        "계약의 내용"
                    ],
                    "description": "나) 방송출연, 광고출연, 행사진행 등의 활동"
                }
            },
            {
                "id": "12",
                "format": {
                    "position": {
                        "line": "12"
                    },
                    "section_type": "TEXT",
                    "format_type": "본문",
                    "is_article_title": false,
                    "article": 3,
                    "paragraph": 1,
                    "subparagraph": 3
                },
                "content": {
                    "content_labels": [
                        "계약의 내용"
                    ],
                    "description": "다) 배우, 모델, 성우, TV탤런트 등 연기자로서의 활동 및 온라인게임 진행MC, 판매, 등의 활동"
                }
            },
            {
                "id": "13",
                "format": {
                    "position": {
                        "line": "13"
                    },
                    "section_type": "TEXT",
                    "format_type": "본문",
                    "is_article_title": false,
                    "article": 3,
                    "paragraph": 1,
                    "subparagraph": 4
                },
                "content": {
                    "content_labels": [
                        "계약의 내용"
                    ],
                    "description": "라) 기타 위의 각 활동과 밀접히 관련되거나 방송∙ 판매 등을 위해 지명도를 높이기 위한 활동"
                }
            },
            {
                "id": "14",
                "format": {
                    "position": {
                        "line": "14"
                    },
                    "section_type": "TEXT",
                    "format_type": "본문",
                    "is_article_title": false,
                    "article": 3,
                    "paragraph": 2,
                    "subparagraph": null
                },
                "content": {
                    "content_labels": [
                        "계약의 내용"
                    ],
                    "description": "2 위 1항에서 정한 방송인이 수행하는 방송활동을 위한 매체, 방송 플랫폼 등은 다음 각호와 같다."
                }
            },
            {
                "id": "15",
                "format": {
                    "position": {
                        "line": "15"
                    },
                    "section_type": "TEXT",
                    "format_type": "본문",
                    "is_article_title": false,
                    "article": 3,
                    "paragraph": 2,
                    "subparagraph": 1
                },
                "content": {
                    "content_labels": [
                        "계약의 내용"
                    ],
                    "description": "가) TV(지상파 방송, 위성방송, 케이블, CCTV, IPTV 기타 새로운 영상매체를 포함한다) 및 라디오, 모바일기기, 인터넷, SNS(유튜브, 페이스북, 인스타그램 등) 등"
                }
            },
            {
                "id": "16",
                "format": {
                    "position": {
                        "line": "16"
                    },
                    "section_type": "TEXT",
                    "format_type": "본문",
                    "is_article_title": false,
                    "article": 3,
                    "paragraph": 2,
                    "subparagraph": 2
                },
                "content": {
                    "content_labels": [
                        "계약의 내용"
                    ],
                    "description": "나) 레코드, CD, LDP, MP3, DVD 기타 음원 및 영상물의 고정을 위한 일체의 매체물과 비디오테이프, 비디오디스크 기타 디지털방식을 포함한 일체의 영상 녹음물"
                }
            },
            {
                "id": "17",
                "format": {
                    "position": {
                        "line": "17"
                    },
                    "section_type": "TEXT",
                    "format_type": "본문",
                    "is_article_title": false,
                    "article": 3,
                    "paragraph": 2,
                    "subparagraph": 3
                },
                "content": {
                    "content_labels": [
                        "계약의 내용"
                    ],
                    "description": "다) 웹드라마, 영화, 무대공연, 이벤트 및 행사, 옥외광고"
                }
            },
            {
                "id": "18",
                "format": {
                    "position": {
                        "line": "18"
                    },
                    "section_type": "TEXT",
                    "format_type": "본문",
                    "is_article_title": false,
                    "article": 3,
                    "paragraph": 2,
                    "subparagraph": 4
                },
                "content": {
                    "content_labels": [
                        "계약의 내용"
                    ],
                    "description": "라) 포스터, 스틸 사진, 사진집, 신문, 잡지, 단행본 기타 인쇄물"
                }
            },
            {
                "id": "19",
                "format": {
                    "position": {
                        "line": "19"
                    },
                    "section_type": "TEXT",
                    "format_type": "본문",
                    "is_article_title": false,
                    "article": 3,
                    "paragraph": 2,
                    "subparagraph": 5
                },
                "content": {
                    "content_labels": [
                        "계약의 내용"
                    ],
                    "description": "마) 저작권, 초상권 및 캐릭터를 이용한 각종 사업이나 뉴미디어 등으로 ‘기획사'와‘ 방송인’이 별도로 합의한 사업이나 매체"
                }
            },
            {
                "id": "20",
                "format": {
                    "position": {
                        "line": "20"
                    },
                    "section_type": "TEXT",
                    "format_type": "본문",
                    "is_article_title": false,
                    "article": 3,
                    "paragraph": 3,
                    "subparagraph": null
                },
                "content": {
                    "content_labels": [
                        "계약의 내용",
                        "업무 수행을 위한 협조, 협의"
                    ],
                    "description": "3 방송인은 회사(회사가 지정하는 자를 포함한다. 이하 같다)의 요청에 따라 방송의 일시·내용 등 방송활동에 관한 협의, 홍보활동, 별도 영상물의 제작(공동/단독제작을 모두 포함) 등 모든 부수활동에 적극 협조하여야 한다."
                }
            },
            {
                "id": "21",
                "format": {
                    "position": {
                        "line": "21"
                    },
                    "section_type": "TEXT",
                    "format_type": "본문",
                    "is_article_title": false,
                    "article": 3,
                    "paragraph": 4,
                    "subparagraph": null
                },
                "content": {
                    "content_labels": [
                        "계약의 내용"
                    ],
                    "description": "4 방송인은 필요한 재능과 역량을 최대한 발휘하여 영상 촬영에 성실히 임해야 하며, 사회적 물의(마약, 약물, 도박, 성범죄, 성추행, 성희롱 등 법령위반과 이에 준하는 물의)를 일으키거나 기타 품위를 손상시키는 행위를 하지 않아야 한다(이하 ‘품위유지의무’) . 방송인에게 금지되는 행동의 예시는 다음 각호와 같다."
                }
            },
            {
                "id": "22",
                "format": {
                    "position": {
                        "line": "22"
                    },
                    "section_type": "TEXT",
                    "format_type": "본문",
                    "is_article_title": false,
                    "article": 3,
                    "paragraph": 4,
                    "subparagraph": 1
                },
                "content": {
                    "content_labels": [
                        "계약의 내용"
                    ],
                    "description": "가) 성기, 음부 , 항문 노출방송의 진행, 송출"
                }
            },
            {
                "id": "23",
                "format": {
                    "position": {
                        "line": "23"
                    },
                    "section_type": "TEXT",
                    "format_type": "본문",
                    "is_article_title": false,
                    "article": 3,
                    "paragraph": 4,
                    "subparagraph": 2
                },
                "content": {
                    "content_labels": [
                        "계약의 내용"
                    ],
                    "description": "나) 음란방송 또는 음란사진 방송의 진행, 송출"
                }
            },
            {
                "id": "24",
                "format": {
                    "position": {
                        "line": "24"
                    },
                    "section_type": "TEXT",
                    "format_type": "본문",
                    "is_article_title": false,
                    "article": 3,
                    "paragraph": 4,
                    "subparagraph": 3
                },
                "content": {
                    "content_labels": [
                        "계약의 내용"
                    ],
                    "description": "다) 방송 중 동물학대 행위, 송출"
                }
            },
            {
                "id": "25",
                "format": {
                    "position": {
                        "line": "25"
                    },
                    "section_type": "TEXT",
                    "format_type": "본문",
                    "is_article_title": false,
                    "article": 3,
                    "paragraph": 4,
                    "subparagraph": 4
                },
                "content": {
                    "content_labels": [
                        "계약의 내용"
                    ],
                    "description": "라) 칼 또는 도구로 신체 훼손 및 혈흔이 노출되는 방송의 진행, 송출"
                }
            },
            {
                "id": "26",
                "format": {
                    "position": {
                        "line": "26"
                    },
                    "section_type": "TEXT",
                    "format_type": "본문",
                    "is_article_title": false,
                    "article": 3,
                    "paragraph": 4,
                    "subparagraph": 5
                },
                "content": {
                    "content_labels": [
                        "계약의 내용"
                    ],
                    "description": "마) 19세이상 성인방송에서 미성년자를 출연 및 방송의 진행, 송출"
                }
            },
            {
                "id": "27",
                "format": {
                    "position": {
                        "line": "27"
                    },
                    "section_type": "TEXT",
                    "format_type": "본문",
                    "is_article_title": false,
                    "article": 3,
                    "paragraph": 4,
                    "subparagraph": 6
                },
                "content": {
                    "content_labels": [
                        "계약의 내용"
                    ],
                    "description": "바) 방송 중 금전 요구 및 계좌노출"
                }
            },
            {
                "id": "28",
                "format": {
                    "position": {
                        "line": "28"
                    },
                    "section_type": "TEXT",
                    "format_type": "본문",
                    "is_article_title": false,
                    "article": 3,
                    "paragraph": 4,
                    "subparagraph": 7
                },
                "content": {
                    "content_labels": [
                        "계약의 내용"
                    ],
                    "description": "사) 타플랫폼으로의 유도"
                }
            },
            {
                "id": "29",
                "format": {
                    "position": {
                        "line": "29"
                    },
                    "section_type": "TEXT",
                    "format_type": "본문",
                    "is_article_title": false,
                    "article": 3,
                    "paragraph": 4,
                    "subparagraph": 8
                },
                "content": {
                    "content_labels": [
                        "계약의 내용"
                    ],
                    "description": "아) 개인 신상노출 및 성매매유도"
                }
            },
            {
                "id": "30",
                "format": {
                    "position": {
                        "line": "30"
                    },
                    "section_type": "TEXT",
                    "format_type": "본문",
                    "is_article_title": false,
                    "article": 3,
                    "paragraph": 4,
                    "subparagraph": 9
                },
                "content": {
                    "content_labels": [
                        "계약의 내용"
                    ],
                    "description": "자) 기타 방송 관련 법령, 행정규제 등에 위반되는 행위 및 선량한 미풍양속에 위반되는 행위 등"
                }
            },
            {
                "id": "31",
                "format": {
                    "position": {
                        "line": "31"
                    },
                    "section_type": "TEXT",
                    "format_type": "본문",
                    "is_article_title": false,
                    "article": 3,
                    "paragraph": 5,
                    "subparagraph": null
                },
                "content": {
                    "content_labels": [
                        "계약의 내용"
                    ],
                    "description": "5 방송인은 정당한 사유 없이 본 조 제1항 내지 제4항의 의무를 위반하여 회사의 지시 내지 요청을 거부하여서는 아니된다."
                }
            },
            {
                "id": "32",
                "format": {
                    "position": {
                        "line": "32"
                    },
                    "section_type": "TEXT",
                    "format_type": "본문",
                    "is_article_title": true,
                    "article": 4,
                    "paragraph": null,
                    "subparagraph": null
                },
                "content": {
                    "content_labels": [
                        "계약의 내용"
                    ],
                    "description": "제4조 (회사의 의무)"
                }
            },
            {
                "id": "33",
                "format": {
                    "position": {
                        "line": "33"
                    },
                    "section_type": "TEXT",
                    "format_type": "본문",
                    "is_article_title": false,
                    "article": 4,
                    "paragraph": 1,
                    "subparagraph": null
                },
                "content": {
                    "content_labels": [
                        "계약의 내용"
                    ],
                    "description": "1 회사는 방송인의 방송활동에 관하여 본 계약 제8조에 정하는 바에 따라 최초 계약 체결시 계약금을 지급한다. 단, 제7조 제2호에 따라 계약이 갱신되는 경우에는 계약금을 지급할 의무가 없다."
                }
            },
            {
                "id": "34",
                "format": {
                    "position": {
                        "line": "34"
                    },
                    "section_type": "TEXT",
                    "format_type": "본문",
                    "is_article_title": false,
                    "article": 4,
                    "paragraph": 2,
                    "subparagraph": null
                },
                "content": {
                    "content_labels": [
                        "계약의 내용",
                        "선량한 관리자의 의무"
                    ],
                    "description": "2 회사는 계약기간 중 방송인의 방송활동 전 과정에서 방송인의 신체적, 정신적 상황을 고려하여야 하며, 방송인의 프라이버시나 인격을 훼손하지 않도록 선량한 관리자의 의무를 다하여야 한다."
                }
            },
            {
                "id": "35",
                "format": {
                    "position": {
                        "line": "35"
                    },
                    "section_type": "TEXT",
                    "format_type": "본문",
                    "is_article_title": false,
                    "article": 4,
                    "paragraph": 3,
                    "subparagraph": null
                },
                "content": {
                    "content_labels": [
                        "계약의 내용"
                    ],
                    "description": "3 회사는 방송인이 제6조의 방송횟수, 방송시간 등을 준수할 수 있는 환경을 제공하기 위하여 최선을 다하여야 한다."
                }
            },
            {
                "id": "36",
                "format": {
                    "position": {
                        "line": "36"
                    },
                    "section_type": "TEXT",
                    "format_type": "본문",
                    "is_article_title": false,
                    "article": 4,
                    "paragraph": 4,
                    "subparagraph": null
                },
                "content": {
                    "content_labels": [
                        "계약의 내용"
                    ],
                    "description": "4 회사는 방송인의 방송활동에 관하여 사회적 물의(명예훼손 등 법령위반과 이에 준하는 물의)를 일으키거나 방송인의 품위를 손상시키지 아니한다."
                }
            },
            {
                "id": "37",
                "format": {
                    "position": {
                        "line": "37"
                    },
                    "section_type": "TEXT",
                    "format_type": "본문",
                    "is_article_title": true,
                    "article": 5,
                    "paragraph": null,
                    "subparagraph": null
                },
                "content": {
                    "content_labels": [
                        "계약서의 교부"
                    ],
                    "description": "제5조 (계약서의 작성보관)"
                }
            },
            {
                "id": "38",
                "format": {
                    "position": {
                        "line": "38"
                    },
                    "section_type": "TEXT",
                    "format_type": "본문",
                    "is_article_title": false,
                    "article": 5,
                    "paragraph": null,
                    "subparagraph": null
                },
                "content": {
                    "content_labels": [
                        "계약서의 교부"
                    ],
                    "description": "이 계약의 유효함을 증명하기 위하여 계약서 2부를 작성하여 회사와 방송인이 날인하고 각각 1통씩 보관한다."
                }
            },
            {
                "id": "39",
                "format": {
                    "position": {
                        "line": "39"
                    },
                    "section_type": "TEXT",
                    "format_type": "본문",
                    "is_article_title": true,
                    "article": 6,
                    "paragraph": null,
                    "subparagraph": null
                },
                "content": {
                    "content_labels": [
                        "계약의 내용"
                    ],
                    "description": "제6조 (방송횟수, 방송시간 등)"
                }
            },
            {
                "id": "40",
                "format": {
                    "position": {
                        "line": "40"
                    },
                    "section_type": "TEXT",
                    "format_type": "본문",
                    "is_article_title": false,
                    "article": 6,
                    "paragraph": 1,
                    "subparagraph": null
                },
                "content": {
                    "content_labels": [
                        "계약의 내용"
                    ],
                    "description": "1 방송인은 매 7일을 기준으로 방송 횟수가 [ ]회 이상, 일 [ ]시간 이상 방송을 하여야 한다. 방송인이 정당한 사유로 방송 스케쥴 변경을 위해서는 7일전에 미리 통보하기로 하고 회사와 협의하여 스케쥴 조정을 하기로 한다."
                }
            },
            {
                "id": "41",
                "format": {
                    "position": {
                        "line": "41"
                    },
                    "section_type": "TEXT",
                    "format_type": "본문",
                    "is_article_title": false,
                    "article": 6,
                    "paragraph": 2,
                    "subparagraph": null
                },
                "content": {
                    "content_labels": [
                        "계약의 내용"
                    ],
                    "description": "2 제3조 제3항에 따라 별도 영상물의 공동 제작이 이루어지는 경우라 하더라도 전항의 방송횟수와 방송시간에는 영향이 없다. 단, 당사자 간의 사전 협의가 존재하는 경우 그러하지 아니하다."
                }
            },
            {
                "id": "42",
                "format": {
                    "position": {
                        "line": "42"
                    },
                    "section_type": "TEXT",
                    "format_type": "본문",
                    "is_article_title": true,
                    "article": 7,
                    "paragraph": null,
                    "subparagraph": null
                },
                "content": {
                    "content_labels": [
                        "계약기간"
                    ],
                    "description": "제7조 (계약기간)"
                }
            },
            {
                "id": "43",
                "format": {
                    "position": {
                        "line": "43"
                    },
                    "section_type": "TEXT",
                    "format_type": "본문",
                    "is_article_title": false,
                    "article": 7,
                    "paragraph": 1,
                    "subparagraph": null
                },
                "content": {
                    "content_labels": [
                        "계약기간"
                    ],
                    "description": "1 본 계약은 계약체결일로부터 년 간 유효하다.단, 제3조 제4항, 제4조 제4항, 제11조의 효력은 계약종료 후에도 유지된다."
                }
            },
            {
                "id": "44",
                "format": {
                    "position": {
                        "line": "44"
                    },
                    "section_type": "TEXT",
                    "format_type": "본문",
                    "is_article_title": false,
                    "article": 7,
                    "paragraph": 2,
                    "subparagraph": null
                },
                "content": {
                    "content_labels": [
                        "계약기간"
                    ],
                    "description": "2 당사자 일방은 본 계약기간 만료 일 전까지 계약기간 연장에 대한 협의를 서면으로 요구할 수 있고, 계약종료 또는 조건변경을 서면으로 통지하지 않는 경우, 종전과 동일한 조건으로 계약이 1년씩 갱신되는 것으로 한다."
                }
            },
            {
                "id": "45",
                "format": {
                    "position": {
                        "line": "45"
                    },
                    "section_type": "TEXT",
                    "format_type": "본문",
                    "is_article_title": false,
                    "article": 7,
                    "paragraph": 3,
                    "subparagraph": null
                },
                "content": {
                    "content_labels": [
                        "계약기간"
                    ],
                    "description": "3 계약기간 중 다음 각 호의 어느 하나와 같이 방송인의 개인 신상에 관한 사유로 정상적인 방송활동용역을 제공할 수 없게 된 경우에는 그 기간만큼 계약기간이 연장되는 것으로 하며, 구체적인 연장일수는 방송인과 회사가 합의하여 정한다."
                }
            },
            {
                "id": "46",
                "format": {
                    "position": {
                        "line": "46"
                    },
                    "section_type": "TEXT",
                    "format_type": "본문",
                    "is_article_title": false,
                    "article": 7,
                    "paragraph": 3,
                    "subparagraph": 1
                },
                "content": {
                    "content_labels": [
                        "계약기간"
                    ],
                    "description": "가)군복무를 하는 경우"
                }
            },
            {
                "id": "47",
                "format": {
                    "position": {
                        "line": "47"
                    },
                    "section_type": "TEXT",
                    "format_type": "본문",
                    "is_article_title": false,
                    "article": 7,
                    "paragraph": 3,
                    "subparagraph": 2
                },
                "content": {
                    "content_labels": [
                        "계약기간"
                    ],
                    "description": "나)임신, 출산 및 육아, 대학원에 진학하는 경우"
                }
            },
            {
                "id": "48",
                "format": {
                    "position": {
                        "line": "48"
                    },
                    "section_type": "TEXT",
                    "format_type": "본문",
                    "is_article_title": false,
                    "article": 7,
                    "paragraph": 3,
                    "subparagraph": 3
                },
                "content": {
                    "content_labels": [
                        "계약기간"
                    ],
                    "description": "다)방송활동용역과 무관한 사유로 인하여 병원 등에 연속으로 30일 이상 입원하는 경우"
                }
            },
            {
                "id": "49",
                "format": {
                    "position": {
                        "line": "49"
                    },
                    "section_type": "TEXT",
                    "format_type": "본문",
                    "is_article_title": false,
                    "article": 7,
                    "paragraph": 3,
                    "subparagraph": 4
                },
                "content": {
                    "content_labels": [
                        "계약기간"
                    ],
                    "description": "라)기타 방송인의 책임 있는 사유로 방송활동 용역을 제공할 수 없게 된 경우"
                }
            },
            {
                "id": "50",
                "format": {
                    "position": {
                        "line": "50"
                    },
                    "section_type": "TEXT",
                    "format_type": "본문",
                    "is_article_title": true,
                    "article": 8,
                    "paragraph": null,
                    "subparagraph": null
                },
                "content": {
                    "content_labels": [
                        "계약금의 지급"
                    ],
                    "description": "제8조 (계약금의 지급)"
                }
            },
            {
                "id": "51",
                "format": {
                    "position": {
                        "line": "51"
                    },
                    "section_type": "TEXT",
                    "format_type": "본문",
                    "is_article_title": false,
                    "article": 8,
                    "paragraph": null,
                    "subparagraph": null
                },
                "content": {
                    "content_labels": [
                        "계약금의 지급"
                    ],
                    "description": "회사는 방송인의 방송활동에 대하여 계약금을 지급하기로 협의가 되면, 그 구체적인 내용은 약정서에서 정하는 바에 따른다."
                }
            },
            {
                "id": "52",
                "format": {
                    "position": {
                        "line": "52"
                    },
                    "section_type": "TEXT",
                    "format_type": "본문",
                    "is_article_title": true,
                    "article": 9,
                    "paragraph": null,
                    "subparagraph": null
                },
                "content": {
                    "content_labels": [
                        "지적재산권"
                    ],
                    "description": "제9조 (저작권 등 권리의 귀속)"
                }
            },
            {
                "id": "53",
                "format": {
                    "position": {
                        "line": "53"
                    },
                    "section_type": "TEXT",
                    "format_type": "본문",
                    "is_article_title": false,
                    "article": 9,
                    "paragraph": 1,
                    "subparagraph": null
                },
                "content": {
                    "content_labels": [
                        "지적재산권"
                    ],
                    "description": "1 계약기간 중 제3조 제3항에 따라 회사가 단독으로 또는 공동으로 제작하고 방송인이 출연한 영상물 일체에 대하여 다음 각호의 국내, 국외의 권리를 포함한 모든 권리는 회사에 귀속된다."
                }
            },
            {
                "id": "54",
                "format": {
                    "position": {
                        "line": "54"
                    },
                    "section_type": "TEXT",
                    "format_type": "본문",
                    "is_article_title": false,
                    "article": 9,
                    "paragraph": 1,
                    "subparagraph": 1
                },
                "content": {
                    "content_labels": [
                        "지적재산권"
                    ],
                    "description": "가) 공중송신권"
                }
            },
            {
                "id": "55",
                "format": {
                    "position": {
                        "line": "55"
                    },
                    "section_type": "TEXT",
                    "format_type": "본문",
                    "is_article_title": false,
                    "article": 9,
                    "paragraph": 1,
                    "subparagraph": 2
                },
                "content": {
                    "content_labels": [
                        "지적재산권"
                    ],
                    "description": "나) 복제, 배포, 대여권"
                }
            },
            {
                "id": "56",
                "format": {
                    "position": {
                        "line": "56"
                    },
                    "section_type": "TEXT",
                    "format_type": "본문",
                    "is_article_title": false,
                    "article": 9,
                    "paragraph": 1,
                    "subparagraph": 3
                },
                "content": {
                    "content_labels": [
                        "지적재산권"
                    ],
                    "description": "다) 자료이용권"
                }
            },
            {
                "id": "57",
                "format": {
                    "position": {
                        "line": "57"
                    },
                    "section_type": "TEXT",
                    "format_type": "본문",
                    "is_article_title": false,
                    "article": 9,
                    "paragraph": 1,
                    "subparagraph": 4
                },
                "content": {
                    "content_labels": [
                        "지적재산권"
                    ],
                    "description": "라) 2차적저작물 등의 작성권"
                }
            },
            {
                "id": "58",
                "format": {
                    "position": {
                        "line": "58"
                    },
                    "section_type": "TEXT",
                    "format_type": "본문",
                    "is_article_title": false,
                    "article": 9,
                    "paragraph": 1,
                    "subparagraph": 5
                },
                "content": {
                    "content_labels": [
                        "지적재산권"
                    ],
                    "description": "마) 공연권"
                }
            },
            {
                "id": "59",
                "format": {
                    "position": {
                        "line": "59"
                    },
                    "section_type": "TEXT",
                    "format_type": "본문",
                    "is_article_title": false,
                    "article": 9,
                    "paragraph": 1,
                    "subparagraph": 6
                },
                "content": {
                    "content_labels": [
                        "지적재산권"
                    ],
                    "description": "바) 전시권"
                }
            },
            {
                "id": "60",
                "format": {
                    "position": {
                        "line": "60"
                    },
                    "section_type": "TEXT",
                    "format_type": "본문",
                    "is_article_title": false,
                    "article": 9,
                    "paragraph": 1,
                    "subparagraph": 7
                },
                "content": {
                    "content_labels": [
                        "지적재산권"
                    ],
                    "description": "사) 저작인접권 등 기타 저작권"
                }
            },
            {
                "id": "61",
                "format": {
                    "position": {
                        "line": "61"
                    },
                    "section_type": "TEXT",
                    "format_type": "본문",
                    "is_article_title": false,
                    "article": 9,
                    "paragraph": 2,
                    "subparagraph": null
                },
                "content": {
                    "content_labels": [
                        "준거법"
                    ],
                    "description": "2 본 계약에 정하지 아니한 사항은 저작권법에 의한다."
                }
            },
            {
                "id": "62",
                "format": {
                    "position": {
                        "line": "62"
                    },
                    "section_type": "TEXT",
                    "format_type": "본문",
                    "is_article_title": true,
                    "article": 10,
                    "paragraph": null,
                    "subparagraph": null
                },
                "content": {
                    "content_labels": [
                        "경쟁제한 의무"
                    ],
                    "description": "제10조 (경쟁제한 의무 등)"
                }
            },
            {
                "id": "63",
                "format": {
                    "position": {
                        "line": "63"
                    },
                    "section_type": "TEXT",
                    "format_type": "본문",
                    "is_article_title": false,
                    "article": 10,
                    "paragraph": 1,
                    "subparagraph": null
                },
                "content": {
                    "content_labels": [
                        "경쟁제한 의무"
                    ],
                    "description": "1 방송인은 계약기간 중 회사의 사전 서면 동의 없이 회사가 운영 또는 지정하는 방송 플랫폼 이외의 매체를 통하여 방송활동을 하거나 타 방송에 출연할 수 없다."
                }
            },
            {
                "id": "64",
                "format": {
                    "position": {
                        "line": "64"
                    },
                    "section_type": "TEXT",
                    "format_type": "본문",
                    "is_article_title": false,
                    "article": 10,
                    "paragraph": 2,
                    "subparagraph": null
                },
                "content": {
                    "content_labels": [
                        "경쟁제한 의무"
                    ],
                    "description": "2 방송인은 제11조 제1항의 영상에 관하여 그와 관련된 내용 등 일체를 이용하여 영상을 제작하거나 게시할 수 없으며, 회사의 사전 서면 동의 없이 무단으로 복제, 배포, 상영, 게시 등을 할 수 없다."
                }
            },
            {
                "id": "65",
                "format": {
                    "position": {
                        "line": "65"
                    },
                    "section_type": "TEXT",
                    "format_type": "본문",
                    "is_article_title": true,
                    "article": 11,
                    "paragraph": null,
                    "subparagraph": null
                },
                "content": {
                    "content_labels": [
                        "계약의 내용"
                    ],
                    "description": "제11조 (광고 이미지 활용)"
                }
            },
            {
                "id": "66",
                "format": {
                    "position": {
                        "line": "66"
                    },
                    "section_type": "TEXT",
                    "format_type": "본문",
                    "is_article_title": false,
                    "article": 11,
                    "paragraph": 1,
                    "subparagraph": null
                },
                "content": {
                    "content_labels": [
                        "계약의 내용"
                    ],
                    "description": "1 회사는 계약기간 중 방송인의 이미지를 광고로 무상으로 활용할 수 있고, 방송인은 그 이미지를 회사의 광고에 활용할 수 있음을 동의한다. 회사는 계약기간 이후에도 방송인과 합의하여 그 방송인의 이미지를 광고에 활용할 수 있다."
                }
            },
            {
                "id": "67",
                "format": {
                    "position": {
                        "line": "67"
                    },
                    "section_type": "TEXT",
                    "format_type": "본문",
                    "is_article_title": false,
                    "article": 11,
                    "paragraph": 2,
                    "subparagraph": null
                },
                "content": {
                    "content_labels": [
                        "계약의 내용",
                        "통지의무"
                    ],
                    "description": "2 회사는 광고 게시기간을 방송인에게 통보해 준다."
                }
            },
            {
                "id": "68",
                "format": {
                    "position": {
                        "line": "68"
                    },
                    "section_type": "TEXT",
                    "format_type": "본문",
                    "is_article_title": false,
                    "article": 11,
                    "paragraph": 3,
                    "subparagraph": null
                },
                "content": {
                    "content_labels": [
                        "계약의 내용"
                    ],
                    "description": "3 방송인이 그 이미지 활용을 명시적으로 동의하지 않는 경우 이에 대한 이의를 제기할 수 있다."
                }
            },
            {
                "id": "69",
                "format": {
                    "position": {
                        "line": "69"
                    },
                    "section_type": "TEXT",
                    "format_type": "본문",
                    "is_article_title": false,
                    "article": 11,
                    "paragraph": 4,
                    "subparagraph": null
                },
                "content": {
                    "content_labels": [
                        "지적재산권"
                    ],
                    "description": "4 회사가 제작한 광고물의 저작권 및 저작인접권은 회사에게 귀속되며, 회사는 그 광고물을 이용하여 2차적 저작물 및 편집 저작물로 활용할 권리를 갖는다."
                }
            },
            {
                "id": "70",
                "format": {
                    "position": {
                        "line": "70"
                    },
                    "section_type": "TEXT",
                    "format_type": "본문",
                    "is_article_title": true,
                    "article": 12,
                    "paragraph": null,
                    "subparagraph": null
                },
                "content": {
                    "content_labels": [
                        "비밀 유지"
                    ],
                    "description": "제12조 (비밀유지의무)"
                }
            },
            {
                "id": "71",
                "format": {
                    "position": {
                        "line": "71"
                    },
                    "section_type": "TEXT",
                    "format_type": "본문",
                    "is_article_title": false,
                    "article": 12,
                    "paragraph": 1,
                    "subparagraph": null
                },
                "content": {
                    "content_labels": [
                        "비밀 유지"
                    ],
                    "description": "1 당사자는 자신이나 그 담당자 및 종업원 등이 상대방으로부터 제공받은 자료, 정보, 본 계약서의 내용, 기타 관련 내용 및 자료 등 일체의 정보, 자료를 상대방과의 서면 합의 없이 본 계약과 다른 목적으로 사용하거나 상대방의 사전 서면 동의 없이 제3자에게 공개 또는 누설하여서는 아니된다."
                }
            },
            {
                "id": "72",
                "format": {
                    "position": {
                        "line": "72"
                    },
                    "section_type": "TEXT",
                    "format_type": "본문",
                    "is_article_title": false,
                    "article": 12,
                    "paragraph": 2,
                    "subparagraph": null
                },
                "content": {
                    "content_labels": [
                        "비밀 유지",
                        "위약벌"
                    ],
                    "description": "2 위 제1항의 비밀유지의무를 위반하여 제3자에게 공개 또는 누설한 경우, 상대방은 비밀유지의무 당사자에게 제14조의 계약해제를 할 수 있고, 제15조에서 정한 위약금 및 손해배상금을 청구할 수 있다."
                }
            },
            {
                "id": "73",
                "format": {
                    "position": {
                        "line": "73"
                    },
                    "section_type": "TEXT",
                    "format_type": "본문",
                    "is_article_title": false,
                    "article": 12,
                    "paragraph": 3,
                    "subparagraph": null
                },
                "content": {
                    "content_labels": [
                        "비밀 유지"
                    ],
                    "description": "3 위 제1항의 비밀유지의무 위반이 부정경쟁방지법상 형사처벌 대상이 될 수 있음을 인지한다."
                }
            },
            {
                "id": "74",
                "format": {
                    "position": {
                        "line": "74"
                    },
                    "section_type": "TEXT",
                    "format_type": "본문",
                    "is_article_title": false,
                    "article": 12,
                    "paragraph": 4,
                    "subparagraph": null
                },
                "content": {
                    "content_labels": [
                        "비밀 유지"
                    ],
                    "description": "4 본 조의 의무는 이 계약이 종료, 해지된 이후에도 유효하다."
                }
            },
            {
                "id": "75",
                "format": {
                    "position": {
                        "line": "75"
                    },
                    "section_type": "TEXT",
                    "format_type": "본문",
                    "is_article_title": true,
                    "article": 13,
                    "paragraph": null,
                    "subparagraph": null
                },
                "content": {
                    "content_labels": [
                        "면책"
                    ],
                    "description": "제13조 (불가항력)"
                }
            },
            {
                "id": "76",
                "format": {
                    "position": {
                        "line": "76"
                    },
                    "section_type": "TEXT",
                    "format_type": "본문",
                    "is_article_title": false,
                    "article": 13,
                    "paragraph": 1,
                    "subparagraph": null
                },
                "content": {
                    "content_labels": [
                        "면책"
                    ],
                    "description": "1 천재지변, 자연재해, 전쟁, 내란, 폭동 등 기타 객관적으로 통제할 수 없는 불가항력적인 여건으로 인하여 당사자 일방이 본 계약상 의무를 이행할 수 없거나 지체하게 된 때에는 지체 없이 상대방에 대하여 그 불가항력과 이행하지 못하는 의무, 불가항력이 발생한 시기를 기재한 서면으로 통지하여야 한다. 불가항력으로 인하여 의무를 이행하지 못하는 당사자는 위 통지서를 상대방에게 발송한 때에 그 불가항력이 발생한 시기로 소급하여 위 통지서에 기재된 의무의 불이행에 대하여 책임이 없다."
                }
            },
            {
                "id": "77",
                "format": {
                    "position": {
                        "line": "77"
                    },
                    "section_type": "TEXT",
                    "format_type": "본문",
                    "is_article_title": false,
                    "article": 13,
                    "paragraph": 2,
                    "subparagraph": null
                },
                "content": {
                    "content_labels": [
                        "면책"
                    ],
                    "description": "2 다만, 전항의 불가항력으로 인한 계약의 불이행이 30일 이상 계속될 경우, 상대방은 불가항력에 처한 당사자에 대한 서면 통지로 본 계약을 해지 또는 해제할 수 있다."
                }
            },
            {
                "id": "78",
                "format": {
                    "position": {
                        "line": "78"
                    },
                    "section_type": "TEXT",
                    "format_type": "본문",
                    "is_article_title": true,
                    "article": 14,
                    "paragraph": null,
                    "subparagraph": null
                },
                "content": {
                    "content_labels": [
                        "계약의 해제, 해지"
                    ],
                    "description": "제14조 (계약의 해제)"
                }
            },
            {
                "id": "79",
                "format": {
                    "position": {
                        "line": "79"
                    },
                    "section_type": "TEXT",
                    "format_type": "본문",
                    "is_article_title": false,
                    "article": 14,
                    "paragraph": 1,
                    "subparagraph": null
                },
                "content": {
                    "content_labels": [
                        "계약의 해제, 해지"
                    ],
                    "description": "1 본 계약의 일방당사자가 본 계약상의 의무를 위반한 경우 상대방은 15일 기간을 정하여 최고하고, 이 기간 내에 위반사항이 시정되지 않을 경우에는 해제할 수 있다."
                }
            },
            {
                "id": "80",
                "format": {
                    "position": {
                        "line": "80"
                    },
                    "section_type": "TEXT",
                    "format_type": "본문",
                    "is_article_title": false,
                    "article": 14,
                    "paragraph": 2,
                    "subparagraph": null
                },
                "content": {
                    "content_labels": [
                        "계약의 해제, 해지"
                    ],
                    "description": "2 회사는 방송인이 다음 각호의 행위를 하였을 경우 별도의 최고없이 서면통보로써 본 계약을 해제할 수 있다."
                }
            },
            {
                "id": "81",
                "format": {
                    "position": {
                        "line": "81"
                    },
                    "section_type": "TEXT",
                    "format_type": "본문",
                    "is_article_title": false,
                    "article": 14,
                    "paragraph": 2,
                    "subparagraph": 1
                },
                "content": {
                    "content_labels": [
                        "계약의 해제, 해지"
                    ],
                    "description": "1. 형사상 범죄행위 및 기타 부정한 행위를 저질러 회사 또는 회사가 운영하는 방송매체의 이미지에 상당한 손상을 가한 경우"
                }
            },
            {
                "id": "82",
                "format": {
                    "position": {
                        "line": "82"
                    },
                    "section_type": "TEXT",
                    "format_type": "본문",
                    "is_article_title": false,
                    "article": 14,
                    "paragraph": 2,
                    "subparagraph": 2
                },
                "content": {
                    "content_labels": [
                        "계약의 해제, 해지"
                    ],
                    "description": "2. 제3조 제4항의 품위유지의무를 위반하는 경우"
                }
            },
            {
                "id": "83",
                "format": {
                    "position": {
                        "line": "83"
                    },
                    "section_type": "TEXT",
                    "format_type": "본문",
                    "is_article_title": false,
                    "article": 14,
                    "paragraph": 2,
                    "subparagraph": 3
                },
                "content": {
                    "content_labels": [
                        "계약의 해제, 해지"
                    ],
                    "description": "3. 본 계약의 조항을 위반한 경우"
                }
            },
            {
                "id": "84",
                "format": {
                    "position": {
                        "line": "84"
                    },
                    "section_type": "TEXT",
                    "format_type": "본문",
                    "is_article_title": true,
                    "article": 15,
                    "paragraph": null,
                    "subparagraph": null
                },
                "content": {
                    "content_labels": [
                        "손해배상의 예정"
                    ],
                    "description": "제15조 (손해배상)"
                }
            },
            {
                "id": "85",
                "format": {
                    "position": {
                        "line": "85"
                    },
                    "section_type": "TEXT",
                    "format_type": "본문",
                    "is_article_title": false,
                    "article": 15,
                    "paragraph": 1,
                    "subparagraph": null
                },
                "content": {
                    "content_labels": [
                        "손해배상의 예정"
                    ],
                    "description": "1 방송인이 정당한 이유 없이 본 계약을 위반하여 회사에 손해가 발생한 경우 방송인은 그 손해를 배상할 의무가 있다."
                }
            },
            {
                "id": "86",
                "format": {
                    "position": {
                        "line": "86"
                    },
                    "section_type": "TEXT",
                    "format_type": "본문",
                    "is_article_title": false,
                    "article": 15,
                    "paragraph": 2,
                    "subparagraph": null
                },
                "content": {
                    "content_labels": [
                        "위약벌"
                    ],
                    "description": "2 방송인이 다음 각 호의 어느 하나에 해당하는 경우 방송인은 계약금의 배에 해당하는 금액을 위약금으로 지급하여야 한다."
                }
            },
            {
                "id": "87",
                "format": {
                    "position": {
                        "line": "87"
                    },
                    "section_type": "TEXT",
                    "format_type": "본문",
                    "is_article_title": false,
                    "article": 15,
                    "paragraph": 2,
                    "subparagraph": 1
                },
                "content": {
                    "content_labels": [
                        "위약벌"
                    ],
                    "description": "가) 제10조 의 경쟁제한 의무를 위반하는 경우"
                }
            },
            {
                "id": "88",
                "format": {
                    "position": {
                        "line": "88"
                    },
                    "section_type": "TEXT",
                    "format_type": "본문",
                    "is_article_title": false,
                    "article": 15,
                    "paragraph": 2,
                    "subparagraph": 2
                },
                "content": {
                    "content_labels": [
                        "위약벌"
                    ],
                    "description": "나) 제2조 의 비밀유지 의무를 위반하는 경우"
                }
            },
            {
                "id": "89",
                "format": {
                    "position": {
                        "line": "89"
                    },
                    "section_type": "TEXT",
                    "format_type": "본문",
                    "is_article_title": false,
                    "article": 15,
                    "paragraph": 3,
                    "subparagraph": null
                },
                "content": {
                    "content_labels": [
                        "위약벌",
                        "손해배상의 예정"
                    ],
                    "description": "3 전항의 위약금은 손해배상액의 예정이 아니므로 회사의 손해여부와 무관하게 방송인은 이를 지급하여야 하며, 회사에 손해가 발생한 경우 전항의 위약금과 별도로 그 손해를 배상하여야 한다."
                }
            },
            {
                "id": "90",
                "format": {
                    "position": {
                        "line": "90"
                    },
                    "section_type": "TEXT",
                    "format_type": "본문",
                    "is_article_title": true,
                    "article": 16,
                    "paragraph": null,
                    "subparagraph": null
                },
                "content": {
                    "content_labels": [
                        "권리의 양도, 처분 금지"
                    ],
                    "description": "제16조 (양도 금지)"
                }
            },
            {
                "id": "91",
                "format": {
                    "position": {
                        "line": "91"
                    },
                    "section_type": "TEXT",
                    "format_type": "본문",
                    "is_article_title": false,
                    "article": 16,
                    "paragraph": null,
                    "subparagraph": null
                },
                "content": {
                    "content_labels": [
                        "권리의 양도, 처분 금지"
                    ],
                    "description": "본 계약의 일방당사자는 본 계약상의 권리, 의무의 일부 또는 전부 및 본 계약상의 지위를 상대방의 사전 서면동의가 없는 한, 제3자에게 양도, 증여, 대물변제 또는 담보제공 등 기타 일체의 처분행위를 할 수 없다."
                }
            },
            {
                "id": "92",
                "format": {
                    "position": {
                        "line": "92"
                    },
                    "section_type": "TEXT",
                    "format_type": "본문",
                    "is_article_title": true,
                    "article": 17,
                    "paragraph": null,
                    "subparagraph": null
                },
                "content": {
                    "content_labels": [
                        "계약의 효력"
                    ],
                    "description": "제17조 (효력의 발생)"
                }
            },
            {
                "id": "93",
                "format": {
                    "position": {
                        "line": "93"
                    },
                    "section_type": "TEXT",
                    "format_type": "본문",
                    "is_article_title": false,
                    "article": 17,
                    "paragraph": null,
                    "subparagraph": null
                },
                "content": {
                    "content_labels": [
                        "계약의 효력"
                    ],
                    "description": "본 계약은 계약체결일로부터 효력을 발생한다."
                }
            },
            {
                "id": "94",
                "format": {
                    "position": {
                        "line": "94"
                    },
                    "section_type": "TEXT",
                    "format_type": "본문",
                    "is_article_title": true,
                    "article": 18,
                    "paragraph": null,
                    "subparagraph": null
                },
                "content": {
                    "content_labels": [
                        "계약 변경에 대한 합의"
                    ],
                    "description": "제18조 (계약의 변경 및 분쟁의 해결)"
                }
            },
            {
                "id": "95",
                "format": {
                    "position": {
                        "line": "95"
                    },
                    "section_type": "TEXT",
                    "format_type": "본문",
                    "is_article_title": false,
                    "article": 18,
                    "paragraph": 1,
                    "subparagraph": null
                },
                "content": {
                    "content_labels": [
                        "계약 변경에 대한 합의"
                    ],
                    "description": "1 부득이한 사유로 인한 본 계약의 변경은 상호 협의에 따른 서면 합의에 의하여야 하며, 이외의 변경은 그 효력이 없다."
                }
            },
            {
                "id": "96",
                "format": {
                    "position": {
                        "line": "96"
                    },
                    "section_type": "TEXT",
                    "format_type": "본문",
                    "is_article_title": false,
                    "article": 18,
                    "paragraph": 2,
                    "subparagraph": null
                },
                "content": {
                    "content_labels": [
                        "계약 변경에 대한 합의",
                        "관할법원"
                    ],
                    "description": "2 본 계약서에 명시되지 않은 사유 또는 해석상의 문제로 발생되는 분쟁에 대하여서는 법령 내지 동종업계의 상관례에 따라 상호 협의 조정하며, 그럼에도 불구하고 해결되지 않는 분쟁에 관하여는 지방법원을 제1심 관할법원으로 하여 소송을 통하여 해결한다."
                }
            },
            {
                "id": "97",
                "format": {
                    "position": {
                        "line": "97"
                    },
                    "section_type": "TEXT",
                    "format_type": "본문",
                    "is_article_title": true,
                    "article": 19,
                    "paragraph": null,
                    "subparagraph": null
                },
                "content": {
                    "content_labels": [
                        "신의성실"
                    ],
                    "description": "제19조 (상호의무)"
                }
            },
            {
                "id": "98",
                "format": {
                    "position": {
                        "line": "98"
                    },
                    "section_type": "TEXT",
                    "format_type": "본문",
                    "is_article_title": false,
                    "article": 19,
                    "paragraph": null,
                    "subparagraph": null
                },
                "content": {
                    "content_labels": [
                        "신의성실"
                    ],
                    "description": "당사자들은 본 계약을 수행함에 있어 모든 관련된 업무를 성공적으로 수행하기 위한 의무를 다하여야 하며, 신의와 성실의 원칙에 의거 본 계약을 충실히 이행하여 상호 신용과 명예를 실추시키지 않도록 한다."
                }
            },
            {
                "id": "99",
                "format": {
                    "position": {
                        "line": "99"
                    },
                    "section_type": "TEXT",
                    "format_type": "후문",
                    "is_article_title": false,
                    "article": null,
                    "paragraph": null,
                    "subparagraph": null
                },
                "content": {
                    "content_labels": [
                        "계약서의 교부"
                    ],
                    "description": "본 계약의 체결사실 및 계약내용을 증명하기 위하여 계약서를 2부 작성하여 계약 당사자가 각각 서명 또는 날인한 후 각1부씩 보관한다."
                }
            },
            {
                "id": "100",
                "format": {
                    "position": {
                        "line": "100"
                    },
                    "section_type": "TEXT",
                    "format_type": "기타",
                    "is_article_title": false,
                    "article": null,
                    "paragraph": null,
                    "subparagraph": null
                },
                "content": {
                    "content_labels": [
                        "기타"
                    ],
                    "description": "본인 ____________ 은 본 계약서의 각 조에 해당하는 모든 내용을 설명 들었고 읽었으며 이해하였고, 계약서상 모든 내용에 동의합니다."
                }
            },
            {
                "id": "101",
                "format": {
                    "position": {
                        "line": "101"
                    },
                    "section_type": "TEXT",
                    "format_type": "날짜",
                    "is_article_title": false,
                    "article": null,
                    "paragraph": null,
                    "subparagraph": null
                },
                "content": {
                    "content_labels": [
                        "계약 체결 일자"
                    ],
                    "description": "20 년 월 일"
                }
            },
            {
                "id": "102",
                "format": {
                    "position": {
                        "line": "102"
                    },
                    "section_type": "TEXT",
                    "format_type": "기명날인",
                    "is_article_title": false,
                    "article": null,
                    "paragraph": null,
                    "subparagraph": null
                },
                "content": {
                    "content_labels": [
                        "회사의 인적사항",
                        "회사의 기명날인"
                    ],
                    "description": "“회사”\n주식회사 (@회사명)\n대표이사: (@성명) (인)\n주 소: (@주소)"
                }
            },
            {
                "id": "103",
                "format": {
                    "position": {
                        "line": "103"
                    },
                    "section_type": "TEXT",
                    "format_type": "기명날인",
                    "is_article_title": false,
                    "article": null,
                    "paragraph": null,
                    "subparagraph": null
                },
                "content": {
                    "content_labels": [
                        "피고용인의 인적사항",
                        "피고용인의 기명날인"
                    ],
                    "description": "“방송인”\n(인)\n주민번호:\n연락처:"
                }
            }
        ]
    }
}