{
    "document": {
        "type": "계약 법률 문서",
        "metadata": {
            "file_info": {
                "document_name": "기타고용계약서_0402",
                "document_size": "326kb",
                "document_page_count": "8",
                "document_total_ids": "108",
                "document_format": "pdf",
                "document_creation_date": "2024-11-13",
                "document_category": {
                    "main_category": "인사_고용_노무",
                    "sub_category": "고용계약",
                    "detail_category": "기타고용계약서"
                },
                "additional_info": {
                    "related_law": "대중문화예술산업발전법, 저작권법, 상표법",
                    "document_purpose": "대중문화예술인과 매니지먼트 회사 간의 전속계약을 통해 연예활동의 범위와 조건을 명확히 하고, 대중문화예술인의 권리와 의무를 규정하여 상호 이익을 도모하기 위함",
                    "document_use_case": "연예산업에서 가수, 배우, 모델 등 대중문화예술인과 매니지먼트 회사 간의 전속계약을 체결할 때 활용. 특히, 연예활동의 범위, 전속적 출연, 매니지먼트 권한 및 대가 지급 조건을 명확히 하여 계약 이행을 보장하기 위해 사용됨.",
                    "public_domain_sources": null
                }
            }
        },
        "sections": [
            {
                "id": "1",
                "format": {
                    "position": {
                        "line": "1"
                    },
                    "section_type": "TEXT",
                    "format_type": "제목",
                    "is_article_title": false,
                    "article": null,
                    "paragraph": null,
                    "subparagraph": null
                },
                "content": {
                    "content_labels": [
                        "기타"
                    ],
                    "description": "전속계약서"
                }
            },
            {
                "id": "2",
                "format": {
                    "position": {
                        "line": "2"
                    },
                    "section_type": "TEXT",
                    "format_type": "서문",
                    "is_article_title": false,
                    "article": null,
                    "paragraph": null,
                    "subparagraph": null
                },
                "content": {
                    "content_labels": [
                        "계약의 당사자"
                    ],
                    "description": "ㅇㅇ(이하 “갑”이라고 함)과  ㅇㅇ(이하 “을”이라고 함)은 다음과 같이 전속계약을 체결한다"
                }
            },
            {
                "id": "3",
                "format": {
                    "position": {
                        "line": "3"
                    },
                    "section_type": "TEXT",
                    "format_type": "본문",
                    "is_article_title": true,
                    "article": 1,
                    "paragraph": null,
                    "subparagraph": null
                },
                "content": {
                    "content_labels": [
                        "계약의 목적"
                    ],
                    "description": "제1조 (계약의 목적)"
                }
            },
            {
                "id": "4",
                "format": {
                    "position": {
                        "line": "4"
                    },
                    "section_type": "TEXT",
                    "format_type": "본문",
                    "is_article_title": false,
                    "article": 1,
                    "paragraph": null,
                    "subparagraph": null
                },
                "content": {
                    "content_labels": [
                        "계약의 목적"
                    ],
                    "description": "이 계약은 “갑”과 “을”이 서로의 이익과 발전을 위하여 적극적으로 협력하는 것을 전제로, “을”은 최선의 노력을 통해 자신의 재능과 자질을 발휘하여 자기 발전을 도모함은 물론, 대중문화예술인으로서 명예와 명성을 소중히 하여야 하며, “갑”은 “을”의 재능과 자질이 최대한 발휘될 수 있도록 매니지먼트 서비스를 충실히 이행하고 “을’의 이익이 극대화되도록 최선을 다함으로써 상호이익을 도모함에 그 목적이 있다. (만일, “을”을 포함하여 팀을 결성하였을 시 그 팀을 “병”이라 칭하며, “을”이 솔로가수인 경우 이하 “병”은 “을”을 지칭하는 것으로 한다.)"
                }
            },
            {
                "id": "5",
                "format": {
                    "position": {
                        "line": "5"
                    },
                    "section_type": "TEXT",
                    "format_type": "본문",
                    "is_article_title": true,
                    "article": 2,
                    "paragraph": null,
                    "subparagraph": null
                },
                "content": {
                    "content_labels": [
                        "경쟁제한 의무"
                    ],
                    "description": "제2조 (전속적 출연)"
                }
            },
            {
                "id": "6",
                "format": {
                    "position": {
                        "line": "6"
                    },
                    "section_type": "TEXT",
                    "format_type": "본문",
                    "is_article_title": false,
                    "article": 2,
                    "paragraph": 1,
                    "subparagraph": null
                },
                "content": {
                    "content_labels": [
                        "경쟁제한 의무"
                    ],
                    "description": "1) “을”은 본 계약기간 중 “갑”을 위해서만 그리고 “갑”의 소속 연예인으로서만 제 4조 소정의 전속적 업무를 수행해야 한다."
                }
            },
            {
                "id": "7",
                "format": {
                    "position": {
                        "line": "7"
                    },
                    "section_type": "TEXT",
                    "format_type": "본문",
                    "is_article_title": false,
                    "article": 2,
                    "paragraph": 2,
                    "subparagraph": null
                },
                "content": {
                    "content_labels": [
                        "신의성실",
                        "경쟁제한 의무"
                    ],
                    "description": "2) “을”은 제 4조 소정의 전속적 업무에 관해서 “갑의 매니지먼트 권한에 적극 협조하여 성실하게 임하여야 한다."
                }
            },
            {
                "id": "8",
                "format": {
                    "position": {
                        "line": "8"
                    },
                    "section_type": "TEXT",
                    "format_type": "본문",
                    "is_article_title": false,
                    "article": 2,
                    "paragraph": 3,
                    "subparagraph": null
                },
                "content": {
                    "content_labels": [
                        "통지의무",
                        "경쟁제한 의무"
                    ],
                    "description": "3) “을”은 본 계약기간 중 “갑”의 사전 서명 승인 없이는 직접 또는 간접적으로든 제 3자를 통해서든 제 4조 소정의 업무를 수행하여서는 아니된다."
                }
            },
            {
                "id": "9",
                "format": {
                    "position": {
                        "line": "9"
                    },
                    "section_type": "TEXT",
                    "format_type": "본문",
                    "is_article_title": false,
                    "article": 2,
                    "paragraph": 4,
                    "subparagraph": null
                },
                "content": {
                    "content_labels": [
                        "손해배상의 예정",
                        "계약의 해제, 해지"
                    ],
                    "description": "4) “을”이 본 계약기간 중 본 계약을 위배하거나 “갑”의 독점적 매니지먼트 권한에 위배되는 행위를 할 경우 “갑”은 “을”에 대한 인세지급을 정지할 수 있고, 이 경우 “갑”은 인세지급지연으로 인한 손해배상책임을 지지 않는다."
                }
            },
            {
                "id": "10",
                "format": {
                    "position": {
                        "line": "10"
                    },
                    "section_type": "TEXT",
                    "format_type": "본문",
                    "is_article_title": true,
                    "article": 3,
                    "paragraph": null,
                    "subparagraph": null
                },
                "content": {
                    "content_labels": [
                        "경쟁제한 의무"
                    ],
                    "description": "제3조 (독점적 허락)"
                }
            },
            {
                "id": "11",
                "format": {
                    "position": {
                        "line": "11"
                    },
                    "section_type": "TEXT",
                    "format_type": "본문",
                    "is_article_title": false,
                    "article": 3,
                    "paragraph": 1,
                    "subparagraph": null
                },
                "content": {
                    "content_labels": [
                        "경쟁제한 의무",
                        "지적재산권"
                    ],
                    "description": "1) “을”은 제 4조에 의해 행하는 가장, 연주, 연기 무도 그외의 실연(이하 “실연 등”이라고 함)의 녹음,녹화, 유무선 방송과 그 일체의 이용(이하 “녹음 등”이라고 함)에 관하여 “갑”에 대해서만 독점배타적으로 허락한다."
                }
            },
            {
                "id": "12",
                "format": {
                    "position": {
                        "line": "12"
                    },
                    "section_type": "TEXT",
                    "format_type": "본문",
                    "is_article_title": false,
                    "article": 3,
                    "paragraph": 2,
                    "subparagraph": null
                },
                "content": {
                    "content_labels": [
                        "경쟁제한 의무",
                        "지적재산권"
                    ],
                    "description": "2) “갑”은 계약기간에 한하여 본명(예명 포함), 사진, 초상, 필적, 음성, 기타 “을”의 동일성(identity)을 나타내는 일체의 것을 “을”의 연예활동 또는 “갑”의 업무와 관련하여 이용할 수 있는 독점적 권한을 가진다."
                }
            },
            {
                "id": "13",
                "format": {
                    "position": {
                        "line": "13"
                    },
                    "section_type": "TEXT",
                    "format_type": "본문",
                    "is_article_title": false,
                    "article": 3,
                    "paragraph": 3,
                    "subparagraph": null
                },
                "content": {
                    "content_labels": [
                        "경쟁제한 의무",
                        "지적재산권"
                    ],
                    "description": "3) “갑”은 제 2항의 권한을 행사함에 있어 “을”의 명예나 기타 “을”의 인격권이 훼손되는 방식으로 행사하여서는 아니 된다. 다만, 제 3자의 “을”의 명예나 인격권 침해나 훼손에 대해서는 “갑”과 “을”이 적극 협력하여 대처하기로 한다."
                }
            },
            {
                "id": "14",
                "format": {
                    "position": {
                        "line": "14"
                    },
                    "section_type": "TEXT",
                    "format_type": "본문",
                    "is_article_title": true,
                    "article": 4,
                    "paragraph": null,
                    "subparagraph": null
                },
                "content": {
                    "content_labels": [
                        "계약의 내용"
                    ],
                    "description": "제4조 (연예활동의 범위 및 매체)"
                }
            },
            {
                "id": "15",
                "format": {
                    "position": {
                        "line": "15"
                    },
                    "section_type": "TEXT",
                    "format_type": "본문",
                    "is_article_title": false,
                    "article": 4,
                    "paragraph": 1,
                    "subparagraph": null
                },
                "content": {
                    "content_labels": [
                        "계약의 내용"
                    ],
                    "description": "1) “을”의 연예활동은 다음 각 호의 활동을 말한다."
                }
            },
            {
                "id": "16",
                "format": {
                    "position": {
                        "line": "16"
                    },
                    "section_type": "TEXT",
                    "format_type": "본문",
                    "is_article_title": false,
                    "article": 4,
                    "paragraph": 1,
                    "subparagraph": 1
                },
                "content": {
                    "content_labels": [
                        "계약의 내용"
                    ],
                    "description": "① 작사, 작곡, 연주, 가창 등 뮤지션으로서의 활동 및 그에 부수하는 방송출연, 광고출연,행사진행 등의 활동"
                }
            },
            {
                "id": "17",
                "format": {
                    "position": {
                        "line": "17"
                    },
                    "section_type": "TEXT",
                    "format_type": "본문",
                    "is_article_title": false,
                    "article": 4,
                    "paragraph": 1,
                    "subparagraph": 2
                },
                "content": {
                    "content_labels": [
                        "계약의 내용"
                    ],
                    "description": "② 배우, 모델, 성우, TV 탤런트 등 연기자로서의 활동 및 그에 부수하는 방송출연,광고출연, 행사진행 등의 활동"
                }
            },
            {
                "id": "18",
                "format": {
                    "position": {
                        "line": "18"
                    },
                    "section_type": "TEXT",
                    "format_type": "본문",
                    "is_article_title": false,
                    "article": 4,
                    "paragraph": 2,
                    "subparagraph": null
                },
                "content": {
                    "content_labels": [
                        "계약의 내용"
                    ],
                    "description": "2) “을”의 연예활동을 위한 매체 등은 다음 각 호와 같다."
                }
            },
            {
                "id": "19",
                "format": {
                    "position": {
                        "line": "19"
                    },
                    "section_type": "TEXT",
                    "format_type": "본문",
                    "is_article_title": false,
                    "article": 4,
                    "paragraph": 2,
                    "subparagraph": 1
                },
                "content": {
                    "content_labels": [
                        "계약의 내용"
                    ],
                    "description": "① TV(지상파방송, 위성방송, 케이블, CCTV, IPTV 기타 새로운 영상매체를 포함한다) 및 라디오, 모바일기기, 인터넷 등"
                }
            },
            {
                "id": "20",
                "format": {
                    "position": {
                        "line": "20"
                    },
                    "section_type": "TEXT",
                    "format_type": "본문",
                    "is_article_title": false,
                    "article": 4,
                    "paragraph": 2,
                    "subparagraph": 2
                },
                "content": {
                    "content_labels": [
                        "계약의 내용"
                    ],
                    "description": "② 레코드, CD, LCD, MP3, DVD 기타 음원 및 영상물의 고정을 위한 일체의 매체물과 비디오테이프, 비디오디스크 기타 디지털방식을 포함한 일체의 영상 녹음물"
                }
            },
            {
                "id": "21",
                "format": {
                    "position": {
                        "line": "21"
                    },
                    "section_type": "TEXT",
                    "format_type": "본문",
                    "is_article_title": false,
                    "article": 4,
                    "paragraph": 2,
                    "subparagraph": 3
                },
                "content": {
                    "content_labels": [
                        "계약의 내용"
                    ],
                    "description": "③ 영화, 무대공연, 이벤트 및 행사, 옥외광고"
                }
            },
            {
                "id": "22",
                "format": {
                    "position": {
                        "line": "22"
                    },
                    "section_type": "TEXT",
                    "format_type": "본문",
                    "is_article_title": false,
                    "article": 4,
                    "paragraph": 2,
                    "subparagraph": 4
                },
                "content": {
                    "content_labels": [
                        "계약의 내용"
                    ],
                    "description": "④ 포스터, 스틸사진, 사진집, 신문, 잡지, 단행본 기타 인쇄물"
                }
            },
            {
                "id": "23",
                "format": {
                    "position": {
                        "line": "23"
                    },
                    "section_type": "TEXT",
                    "format_type": "본문",
                    "is_article_title": false,
                    "article": 4,
                    "paragraph": 2,
                    "subparagraph": 5
                },
                "content": {
                    "content_labels": [
                        "계약의 내용"
                    ],
                    "description": "⑤ 저작권, 초상권 및 캐릭터를 이용한 각종 사업이나 뉴미디어 등으로 “갑”과 “을”이 별도로 합의한 사업이나 매체"
                }
            },
            {
                "id": "24",
                "format": {
                    "position": {
                        "line": "24"
                    },
                    "section_type": "TEXT",
                    "format_type": "본문",
                    "is_article_title": false,
                    "article": 4,
                    "paragraph": 2,
                    "subparagraph": 6
                },
                "content": {
                    "content_labels": [
                        "계약의 내용"
                    ],
                    "description": "⑥ 기타 현재 등장한 또는 장래 등장할 “을”의 연예활동을 고정 또는 수록시킬 수 있는\n매체나 장치 등."
                }
            },
            {
                "id": "25",
                "format": {
                    "position": {
                        "line": "25"
                    },
                    "section_type": "TEXT",
                    "format_type": "본문",
                    "is_article_title": true,
                    "article": 5,
                    "paragraph": null,
                    "subparagraph": null
                },
                "content": {
                    "content_labels": [
                        "계약기간"
                    ],
                    "description": "제5조 (계약기간)"
                }
            },
            {
                "id": "26",
                "format": {
                    "position": {
                        "line": "26"
                    },
                    "section_type": "TEXT",
                    "format_type": "본문",
                    "is_article_title": false,
                    "article": 5,
                    "paragraph": 1,
                    "subparagraph": null
                },
                "content": {
                    "content_labels": [
                        "계약기간"
                    ],
                    "description": "1) 본 계약은 “갑”과 “을”이 서명, 날인한 날로부터 5년 동안 그 효력이 지속된다. (단, 본 계약기간 만료시에 진행중인 영화나 드라마가 있는 경우 해당 영화나 드라마의 상영이나 방송 종영일까지는 해당 부분에 한하여 본 계약관계가 지속된다)"
                }
            },
            {
                "id": "27",
                "format": {
                    "position": {
                        "line": "27"
                    },
                    "section_type": "TEXT",
                    "format_type": "본문",
                    "is_article_title": false,
                    "article": 5,
                    "paragraph": 2,
                    "subparagraph": null
                },
                "content": {
                    "content_labels": [
                        "계약기간",
                        "계약 변경에 대한 합의"
                    ],
                    "description": "2) 계약기간 중 다음 각 호의 어느 하나와 같이 “을”의 개인 신상에 관한 사유로 정상적인 연예활동을 할 수 없게 된 경우에는 그 기간만큼 계약기간이 연장되는 것으로 하며, 구체적인 연장일수는 “갑’과 “을”이 합의하여 정한다."
                }
            },
            {
                "id": "28",
                "format": {
                    "position": {
                        "line": "28"
                    },
                    "section_type": "TEXT",
                    "format_type": "본문",
                    "is_article_title": false,
                    "article": 5,
                    "paragraph": 2,
                    "subparagraph": 1
                },
                "content": {
                    "content_labels": [
                        "계약기간",
                        "계약 변경에 대한 합의"
                    ],
                    "description": "A. 군복무를 하는 경우"
                }
            },
            {
                "id": "29",
                "format": {
                    "position": {
                        "line": "29"
                    },
                    "section_type": "TEXT",
                    "format_type": "본문",
                    "is_article_title": false,
                    "article": 5,
                    "paragraph": 2,
                    "subparagraph": 2
                },
                "content": {
                    "content_labels": [
                        "계약기간",
                        "계약 변경에 대한 합의"
                    ],
                    "description": "B. 임신, 출산 및 육아, 대학원에 진학하는 경우"
                }
            },
            {
                "id": "30",
                "format": {
                    "position": {
                        "line": "30"
                    },
                    "section_type": "TEXT",
                    "format_type": "본문",
                    "is_article_title": false,
                    "article": 5,
                    "paragraph": 2,
                    "subparagraph": 3
                },
                "content": {
                    "content_labels": [
                        "계약기간",
                        "계약 변경에 대한 합의"
                    ],
                    "description": "C. 연예활동과 무관한 사유로 인해 병원 등에 연속적으로 30일 이상 입원하는 경우"
                }
            },
            {
                "id": "31",
                "format": {
                    "position": {
                        "line": "31"
                    },
                    "section_type": "TEXT",
                    "format_type": "본문",
                    "is_article_title": false,
                    "article": 5,
                    "paragraph": 2,
                    "subparagraph": 4
                },
                "content": {
                    "content_labels": [
                        "계약기간",
                        "계약 변경에 대한 합의"
                    ],
                    "description": "D. 기타 “을’의 책임 있는 사유로 연예활동을 할 수 없게 된 경우"
                }
            },
            {
                "id": "32",
                "format": {
                    "position": {
                        "line": "32"
                    },
                    "section_type": "TEXT",
                    "format_type": "본문",
                    "is_article_title": true,
                    "article": 6,
                    "paragraph": null,
                    "subparagraph": null
                },
                "content": {
                    "content_labels": [
                        "계약의 내용"
                    ],
                    "description": "제6조 (“갑”의 권리와 의무)"
                }
            },
            {
                "id": "33",
                "format": {
                    "position": {
                        "line": "33"
                    },
                    "section_type": "TEXT",
                    "format_type": "본문",
                    "is_article_title": false,
                    "article": 6,
                    "paragraph": null,
                    "subparagraph": null
                },
                "content": {
                    "content_labels": [
                        "계약의 내용"
                    ],
                    "description": "“갑”은 제 1조의 목적을 달성하기 위하여 본 계약기간 중 다음 각 항의 업무를 수행한다."
                }
            },
            {
                "id": "34",
                "format": {
                    "position": {
                        "line": "34"
                    },
                    "section_type": "TEXT",
                    "format_type": "본문",
                    "is_article_title": false,
                    "article": 6,
                    "paragraph": 1,
                    "subparagraph": null
                },
                "content": {
                    "content_labels": [
                        "신의성실",
                        "선량한 관리자의 의무"
                    ],
                    "description": "1) “갑”은 “을”이 자기의 재능과 실력을 최대한 발휘할 수 있도록 본 계약에서 정한 독점적 매니지먼트 권한을 성실히 행사하여야 하고, “갑”의 매니지먼트 권한 범위 내에서의 연예활동과 관련하여 “을”의 사생활보장 등 “을”의 인격권이 대내외적으로 침해되지 않도록 최대한 노력한다."
                }
            },
            {
                "id": "35",
                "format": {
                    "position": {
                        "line": "35"
                    },
                    "section_type": "TEXT",
                    "format_type": "본문",
                    "is_article_title": false,
                    "article": 6,
                    "paragraph": 2,
                    "subparagraph": null
                },
                "content": {
                    "content_labels": [
                        "계약의 내용"
                    ],
                    "description": "2) “갑”은 “갑” 또는 “갑”이 지정한 제 3자가 기획, 구성, 연출한 콘서트, 이벤트, 영화, 드라마, 뮤직비디오, CF광고, 패션쇼, 패션관련행사 및 그 이외의 출연(이하 “출연업무”라고 함)에 “을”이 출연할 수 있도록 한다. “을”의 출연업무와 관련된 계약은 “갑”이 교섭, 체결하고, 그 계약에 따른 대가의 청구 및 수령도 “갑”이 수행한다. (단, 패션쇼, 패션관련행사 등 패션모델활동에 대하여는 “갑”과 “을”이 협의하여 결정하는 별도의 에이전시를 통하여 본항의 업무를 수행하도록 할 수 있다)"
                }
            },
            {
                "id": "36",
                "format": {
                    "position": {
                        "line": "36"
                    },
                    "section_type": "TEXT",
                    "format_type": "본문",
                    "is_article_title": false,
                    "article": 6,
                    "paragraph": 3,
                    "subparagraph": null
                },
                "content": {
                    "content_labels": [
                        "계약의 내용",
                        "지적재산권"
                    ],
                    "description": "3) “갑”은 “을”의 본명, 예명, 애칭, 초상, 사진, 캐릭터 등을 상업적으로 기획하여 제작, 판매를 수행할 수 있다. 또한 “갑”은 “을”의 실연 등에 대한 녹음 등을 수록한 레코드, 뮤직테이프, 디스크, 비디오, 동영상 내지 MP3 파일 등 일체의 유형, 무형의 결과물을 제작, 판매할 수 있다. “갑”이 위와 관련된 업무를 기획하는 과정에서 필요한 계약은 “갑”이 교섭, 체결하고 그 계약에 따른 대가의 청구 및 수령도 “갑”이 수행한다."
                }
            },
            {
                "id": "37",
                "format": {
                    "position": {
                        "line": "37"
                    },
                    "section_type": "TEXT",
                    "format_type": "본문",
                    "is_article_title": false,
                    "article": 6,
                    "paragraph": 4,
                    "subparagraph": null
                },
                "content": {
                    "content_labels": [
                        "계약의 내용"
                    ],
                    "description": "4) “갑”은 위 각 항에 부대되는 일체의 업무도 수행한다."
                }
            },
            {
                "id": "38",
                "format": {
                    "position": {
                        "line": "38"
                    },
                    "section_type": "TEXT",
                    "format_type": "본문",
                    "is_article_title": false,
                    "article": 6,
                    "paragraph": 5,
                    "subparagraph": null
                },
                "content": {
                    "content_labels": [
                        "통지의무",
                        "선량한 관리자의 의무",
                        "신의성실"
                    ],
                    "description": "5) “갑”은 “을”을 대리하여 제 3자와의 “을”의 연예활동에 관한 계약의 조건과 이행방법 등을 협의 및 조정하여 계약을 체결할 권한을 가지는데, 그 대리권을 행사함에 있어 “갑”은 “을”의 신체적 정신적 준비사항을 반드시 고려하여야 하고, 급박한 사정이 없는 한 미리 “을”에게 계약의 내용 및 일정 등을 사전에 구두, 이메일, 문자메세지 혹은 일정표 공개(온라인 및 스케줄보드판을 통한 사전 공개)등의 방법을 통해서 설명하고, 이에 관해 “을”의 명시적인 의사표명에 반하는 계약을 체결하지 않도록 한다. 다만, “을”은 합리적이고 정당한 이유가 없는 한, “갑”의 매니지먼트와 출연업무를 거절하여서는 아니된다."
                }
            },
            {
                "id": "39",
                "format": {
                    "position": {
                        "line": "39"
                    },
                    "section_type": "TEXT",
                    "format_type": "본문",
                    "is_article_title": false,
                    "article": 6,
                    "paragraph": 6,
                    "subparagraph": null
                },
                "content": {
                    "content_labels": [
                        "계약 변경에 대한 합의",
                        "통지의무"
                    ],
                    "description": "6) “갑”은 “을”의 연예활동과 관련하여 계약기간 이후에도 효력을 미치는 계약을 교섭, 체결하기 위해서는 “을”의 동의를 얻어야 한다."
                }
            },
            {
                "id": "40",
                "format": {
                    "position": {
                        "line": "40"
                    },
                    "section_type": "TEXT",
                    "format_type": "본문",
                    "is_article_title": false,
                    "article": 6,
                    "paragraph": 7,
                    "subparagraph": null
                },
                "content": {
                    "content_labels": [
                        "손해배상의 예정"
                    ],
                    "description": "7) “을”의 연예활동을 제 3자가 침해하거나 방해하는 경우 “갑”은 그 침해나 방해를 배제하기 위한 필요한 조치를 취해야 한다. 다만, 위 조치에 비용이 들 경우에는 그 비용부담에 대해 “을”과 합의 후 진행하여야 하고, “갑”과 “을”이 비용에 대하여 합의한 범위 내에서 “갑”이 먼저 조치를 취한 후 10조의 대가 지급시 그 비용을 선 공제할 수 있다"
                }
            },
            {
                "id": "41",
                "format": {
                    "position": {
                        "line": "41"
                    },
                    "section_type": "TEXT",
                    "format_type": "본문",
                    "is_article_title": false,
                    "article": 6,
                    "paragraph": 8,
                    "subparagraph": null
                },
                "content": {
                    "content_labels": [
                        "신의성실",
                        "선량한 관리자의 의무",
                        "비밀 유지"
                    ],
                    "description": "8) “갑”은 이 계약에 따른 “을”의 연예활동 또는 연예활동 준비 이외에 “을”의 사생활이나 인격권을 침해하거나 침해할 우려가 있는 행위를 요구하여서는 아니되고, 부당한 금품을 요구하여서도 아니된다."
                }
            },
            {
                "id": "42",
                "format": {
                    "position": {
                        "line": "42"
                    },
                    "section_type": "TEXT",
                    "format_type": "본문",
                    "is_article_title": false,
                    "article": 6,
                    "paragraph": 9,
                    "subparagraph": null
                },
                "content": {
                    "content_labels": [
                        "선량한 관리자의 의무",
                        "업무 수행을 위한 협조, 협의"
                    ],
                    "description": "9)  “갑”은 “을”이 대중문화예술인으로서 자질과 인성을 갖추는데 필요한 교육을 제공할 수 있고,“을”에게 극도의 우울증세 등이 발견될 경우 “을”의 동의 하에 적절한 치료 등을 지원할 수 있다."
                }
            },
            {
                "id": "43",
                "format": {
                    "position": {
                        "line": "43"
                    },
                    "section_type": "TEXT",
                    "format_type": "본문",
                    "is_article_title": true,
                    "article": 7,
                    "paragraph": null,
                    "subparagraph": null
                },
                "content": {
                    "content_labels": [
                        "면책"
                    ],
                    "description": "제7조 (불가항력)"
                }
            },
            {
                "id": "44",
                "format": {
                    "position": {
                        "line": "44"
                    },
                    "section_type": "TEXT",
                    "format_type": "본문",
                    "is_article_title": false,
                    "article": 7,
                    "paragraph": null,
                    "subparagraph": null
                },
                "content": {
                    "content_labels": [
                        "면책"
                    ],
                    "description": "“갑”은 “을”이 행사 준비에 소요한 실경비만을 결제하여 주며 본 실경비는 일정표에 명시되어 있고 대금의 지출을 증빙할 서류가 첨부되어야 한다."
                }
            },
            {
                "id": "45",
                "format": {
                    "position": {
                        "line": "45"
                    },
                    "section_type": "TEXT",
                    "format_type": "본문",
                    "is_article_title": true,
                    "article": 8,
                    "paragraph": null,
                    "subparagraph": null
                },
                "content": {
                    "content_labels": [
                        "계약의 내용"
                    ],
                    "description": "제8조 (“을”의 권리와 의무)"
                }
            },
            {
                "id": "46",
                "format": {
                    "position": {
                        "line": "46"
                    },
                    "section_type": "TEXT",
                    "format_type": "본문",
                    "is_article_title": false,
                    "article": 8,
                    "paragraph": 1,
                    "subparagraph": null
                },
                "content": {
                    "content_labels": [
                        "신의성실"
                    ],
                    "description": "1) “을”은 “갑” 또는 “갑”이 지정한 제 3자가 기획한 출연업무에 관하여 성실히 출연하여야 한다."
                }
            },
            {
                "id": "47",
                "format": {
                    "position": {
                        "line": "47"
                    },
                    "section_type": "TEXT",
                    "format_type": "본문",
                    "is_article_title": false,
                    "article": 8,
                    "paragraph": 2,
                    "subparagraph": null
                },
                "content": {
                    "content_labels": [
                        "계약의 내용"
                    ],
                    "description": "2) “을”은 “갑”이 기획하는 레코드, 비디오 등의 제작을 위해 성실히 녹음 및 출연하여야 한다."
                }
            },
            {
                "id": "48",
                "format": {
                    "position": {
                        "line": "48"
                    },
                    "section_type": "TEXT",
                    "format_type": "본문",
                    "is_article_title": false,
                    "article": 8,
                    "paragraph": 3,
                    "subparagraph": null
                },
                "content": {
                    "content_labels": [
                        "계약의 내용"
                    ],
                    "description": "3) “을”은 본 계약에 따라 행사되는 “갑”의 매니지먼트 활동에 대하여 언제든지 자신의 의견을 제시할 수 있고, “갑”이 부당한 요구를 하는 경우 이를 거부할 수 있으며, 필요한 경우 “을”의 연예활동과 관련된 자료나 서류 등을 열람 또는 복사해 줄 것을 “갑”에게 요청할 수 있다. 이 때 “갑”은 “을”이 요청한 날로부터 30일 이내에 “을”이 요청하는 자료 등을 열람 또는 제공하여야 한다."
                }
            },
            {
                "id": "49",
                "format": {
                    "position": {
                        "line": "49"
                    },
                    "section_type": "TEXT",
                    "format_type": "본문",
                    "is_article_title": false,
                    "article": 8,
                    "paragraph": 4,
                    "subparagraph": null
                },
                "content": {
                    "content_labels": [
                        "계약의 내용"
                    ],
                    "description": "4) “을”은 “갑”의 매니지먼트 권한 행사에 따라 자신의 재능과 실력을 최대한 발휘하여 연예활동을 하여야 한다."
                }
            },
            {
                "id": "50",
                "format": {
                    "position": {
                        "line": "50"
                    },
                    "section_type": "TEXT",
                    "format_type": "본문",
                    "is_article_title": false,
                    "article": 8,
                    "paragraph": 5,
                    "subparagraph": null
                },
                "content": {
                    "content_labels": [
                        "선량한 관리자의 의무",
                        "신의성실"
                    ],
                    "description": "5) “을”은 연예활동에 지장을 초래할 정도로 대중문화예술인으로서의 품위를 손상시키는 행위를 해서는 아니 되며, “갑”의 명예나 신용을 훼손하는 행위를 해서는 아니된다."
                }
            },
            {
                "id": "51",
                "format": {
                    "position": {
                        "line": "51"
                    },
                    "section_type": "TEXT",
                    "format_type": "본문",
                    "is_article_title": false,
                    "article": 8,
                    "paragraph": 6,
                    "subparagraph": null
                },
                "content": {
                    "content_labels": [
                        "계약의 내용"
                    ],
                    "description": "6) “을”은 계약기간 중 “갑”의 사전 동의 없이는 제 3자와 이 계약과 동일하거나 유사한 계약을 체결하는 등 이 계약을 부당하게 파기 또는 침해하는 행위를 하여서는 아니된다."
                }
            },
            {
                "id": "52",
                "format": {
                    "position": {
                        "line": "52"
                    },
                    "section_type": "TEXT",
                    "format_type": "본문",
                    "is_article_title": false,
                    "article": 8,
                    "paragraph": 7,
                    "subparagraph": null
                },
                "content": {
                    "content_labels": [
                        "통지의무",
                        "계약의 내용"
                    ],
                    "description": "7) “을”은 위 각 항의 업무를 수행하는데 따른 일체의 연예활동에 따를 부대적인 업무에 대해서도 성실히 수행하여야 한다. “을”은 제 3자로부터 창작, 실연, 기타 연예활동을 요청받은 경우에는 제 3자에게 “갑”의 동의가 필요하다는 사실을 고지하고 “갑”에게 그러한 요청이 있었음을 지체 없이 통지하여야 한다."
                }
            },
            {
                "id": "53",
                "format": {
                    "position": {
                        "line": "53"
                    },
                    "section_type": "TEXT",
                    "format_type": "본문",
                    "is_article_title": true,
                    "article": 9,
                    "paragraph": null,
                    "subparagraph": null
                },
                "content": {
                    "content_labels": [
                        "지적재산권"
                    ],
                    "description": "제9조 (콘텐츠의 귀속 등)"
                }
            },
            {
                "id": "54",
                "format": {
                    "position": {
                        "line": "54"
                    },
                    "section_type": "TEXT",
                    "format_type": "본문",
                    "is_article_title": false,
                    "article": 9,
                    "paragraph": 1,
                    "subparagraph": null
                },
                "content": {
                    "content_labels": [
                        "지적재산권"
                    ],
                    "description": "1) 계약기간 중에 “병”과 관련하여 “갑”이 개발, 제작한 콘텐츠(이 계약에서 “콘텐츠”라 함은 “을”의 연예활동과 관련하여 제 4조 제 2항의 매체를 통해 개발, 제작된 결과물을 말한다)는 “갑”에게 귀속되며, “을”의 저작권, 초상권, 캐릭터 및 실연이 포함된 콘텐츠의 이용을 위하여 필요한 권리는 발생과 동시에 자동적으로 “갑”에게 부여된다. 계약종료 이후 “갑”이 위 콘텐츠를 이용하여 2차적으로 개발, 제작한 콘텐츠의 경우에도 같다."
                }
            },
            {
                "id": "55",
                "format": {
                    "position": {
                        "line": "55"
                    },
                    "section_type": "TEXT",
                    "format_type": "본문",
                    "is_article_title": false,
                    "article": 9,
                    "paragraph": 2,
                    "subparagraph": null
                },
                "content": {
                    "content_labels": [
                        "통지의무",
                        "기타"
                    ],
                    "description": "2) 계약종료 이후 제 1항에 따라 수익이 발생할 경우, “갑”은 “병”에게 이익의 10%를 정산하여 12개월 단위로 지급한다. 다만, “을”이 “갑”에게 지급하여야 할 금원이 있는 경우에는 위 정산금에서 우선 공제할 수 있고, “갑”은 “을”의 요구가 있는 때에는 정산금 지급과 동시에 정산자료를 “을”에게 이메일 등을 통해서 제공토록 한다."
                }
            },
            {
                "id": "56",
                "format": {
                    "position": {
                        "line": "56"
                    },
                    "section_type": "TEXT",
                    "format_type": "본문",
                    "is_article_title": false,
                    "article": 9,
                    "paragraph": 3,
                    "subparagraph": null
                },
                "content": {
                    "content_labels": [
                        "권리의 양도, 처분 금지"
                    ],
                    "description": "3) 계약종료 후 1년간 “을”은 “갑”이 “을”을 통하여 개발, 제작한 콘텐츠의 소재가 된 것과 동일 또는 유사한 형태의 콘텐츠(예컨데, 가수가 동일 곡을 재가창한 음반, 디지털파일 등의 녹음물) 로 직접 또는 제 3자를 통하여 제작하여 사용하거나 판매할 수 없고, 이를 위반할 시 “갑”의 제작금지 또는 판매금지, 유통금지가처분신청 등을 수용하기로 한다."
                }
            },
            {
                "id": "57",
                "format": {
                    "position": {
                        "line": "57"
                    },
                    "section_type": "TEXT",
                    "format_type": "본문",
                    "is_article_title": true,
                    "article": 10,
                    "paragraph": null,
                    "subparagraph": null
                },
                "content": {
                    "content_labels": [
                        "계약금의 지급"
                    ],
                    "description": "제10조 (대가의 지불과 그 시기)"
                }
            },
            {
                "id": "58",
                "format": {
                    "position": {
                        "line": "58"
                    },
                    "section_type": "TEXT",
                    "format_type": "본문",
                    "is_article_title": false,
                    "article": 10,
                    "paragraph": 1,
                    "subparagraph": null
                },
                "content": {
                    "content_labels": [
                        "계약금의 지급"
                    ],
                    "description": "1) “갑”은 “을”에게 본 계약 체결 후 10일 이내에 전속계약금 일금 [  ]만원(000000원)(제세공과금포함)을 지급한다."
                }
            },
            {
                "id": "59",
                "format": {
                    "position": {
                        "line": "59"
                    },
                    "section_type": "TEXT",
                    "format_type": "본문",
                    "is_article_title": false,
                    "article": 10,
                    "paragraph": 2,
                    "subparagraph": null
                },
                "content": {
                    "content_labels": [
                        "용어의 정의"
                    ],
                    "description": "2) 본 계약상 대가의 지부(정산, 수익배분으로 표현된 경우를 모두 포함)과 관련된 규정에서 사용되는 용어의 정의는 다음과 같다."
                }
            },
            {
                "id": "60",
                "format": {
                    "position": {
                        "line": "60"
                    },
                    "section_type": "TEXT",
                    "format_type": "본문",
                    "is_article_title": false,
                    "article": 10,
                    "paragraph": 2,
                    "subparagraph": 1
                },
                "content": {
                    "content_labels": [
                        "용어의 정의"
                    ],
                    "description": "① 수익 : 회사가 벌어들이는 수입, 즉 매출"
                }
            },
            {
                "id": "61",
                "format": {
                    "position": {
                        "line": "61"
                    },
                    "section_type": "TEXT",
                    "format_type": "본문",
                    "is_article_title": false,
                    "article": 10,
                    "paragraph": 2,
                    "subparagraph": 2
                },
                "content": {
                    "content_labels": [
                        "용어의 정의"
                    ],
                    "description": "② 비용 : 연예활동시 소요되는 모든 재반경비로서 상세 내용은 본조 제 6항을 따른다."
                }
            },
            {
                "id": "62",
                "format": {
                    "position": {
                        "line": "62"
                    },
                    "section_type": "TEXT",
                    "format_type": "본문",
                    "is_article_title": false,
                    "article": 10,
                    "paragraph": 2,
                    "subparagraph": 3
                },
                "content": {
                    "content_labels": [
                        "용어의 정의"
                    ],
                    "description": "③ 이익 : 수익에서 비용을 공제한 순수익"
                }
            },
            {
                "id": "63",
                "format": {
                    "position": {
                        "line": "63"
                    },
                    "section_type": "TEXT",
                    "format_type": "본문",
                    "is_article_title": false,
                    "article": 10,
                    "paragraph": 3,
                    "subparagraph": null
                },
                "content": {
                    "content_labels": [
                        "계약의 내용",
                        "계약금의 지급"
                    ],
                    "description": "3) 본 계약에 따른 “을”의 연예활동(영화출연, 드라마출연, 방송출연, C.F 출연, 이벤트, 의상 협찬금,머천다이징, 패션행사 등 행사출연료, 초상권 사용, 팬클럽 가입비 등)으로 발생한 모든 수익금 중 입금이 완료된 금액에서 “을”의 연예활동 시 소요되는 제반경비(차량유지비 및 교통비, 항공료, 식음료대(영화, 드라마, 행사 등 출연으로 인한 관련 인력들의 회식비 등 포함), 의상비, 헤어 및 메이크업 인건비, 스타일리스트 인건비, “을”의 전담매니져 급여, 광고모델에이전트 수수료, 패션모델 에이전트 수수료, 팬클럽운영비용, 초상권 및 캐릭터를 이용한 콘텐츠 제작비, 운반비, 업무관련통신비, 기타 제반경비)를 제하고 남은 음액에서 “갑”과 ”을”이 [  ](갑):[  ](을)의 비율로 분배하기로 한다."
                }
            },
            {
                "id": "64",
                "format": {
                    "position": {
                        "line": "64"
                    },
                    "section_type": "TEXT",
                    "format_type": "본문",
                    "is_article_title": false,
                    "article": 10,
                    "paragraph": 4,
                    "subparagraph": null
                },
                "content": {
                    "content_labels": [
                        "계약의 내용",
                        "계약금의 지급"
                    ],
                    "description": "4) 전항에도 불구하고, “을”의 연예활동 중 유가화보 출연에 따른 이익은 “갑”과 “을”이 [  ](갑):[  ](을)의 비율로 분배하고, 순수 패션화보 출연에 따른 수익은 본 계약에 따른 정산의 대상이 아닌 것으로 한다. 단, 본 항의 유가화보 또는 패션화보는 화보만을 촬영하는 경우에 한 하고, 별도의 광고모델계약에 따라 진행되는 화보 촬영의 경우는 본 조 제 3항에 따라 수익을 분배한다."
                }
            },
            {
                "id": "65",
                "format": {
                    "position": {
                        "line": "65"
                    },
                    "section_type": "TEXT",
                    "format_type": "본문",
                    "is_article_title": false,
                    "article": 10,
                    "paragraph": 5,
                    "subparagraph": null
                },
                "content": {
                    "content_labels": [
                        "계약의 내용",
                        "계약금의 지급"
                    ],
                    "description": "5) 해외활동을 통한 수익배분은 원칙적으로 국내의 경우와 동일하게 지급토록 하되, “갑”과 특정 계약지역 내에서 해외 매니지먼트사(“갑”의 해외 현지법인이나 자회사 등 관련 회사 혹은 해외 음반사나 해외 매니지먼트사를 모두 포함)와의 3자 계약을 별도로 체결할 경우 별도의 계약내용이 우선한다."
                }
            },
            {
                "id": "66",
                "format": {
                    "position": {
                        "line": "66"
                    },
                    "section_type": "TEXT",
                    "format_type": "본문",
                    "is_article_title": false,
                    "article": 10,
                    "paragraph": 6,
                    "subparagraph": null
                },
                "content": {
                    "content_labels": [
                        "계약금의 지급",
                        "계약의 내용"
                    ],
                    "description": "6) 제 3항, 제 4항 및 제 5항의 수익배분은 매월 말일자로 최종 수익금액을 정산하여 다음달 15일까지 “을”이 지정하는 입금계좌로 지급한다.(제 5항의 해외활동에 의한 수익배분은 해외 매니지먼트사로부터 지급받는 달이 속한 달에 정산하여 지급한다.) 단, 매월 정산하기 어려운 정당한 사유가 있는 경우에는 “갑”과 “을”이 합의하여 별도의 정산주기 및 지급일을 정할 수 있다."
                }
            },
            {
                "id": "67",
                "format": {
                    "position": {
                        "line": "67"
                    },
                    "section_type": "TEXT",
                    "format_type": "본문",
                    "is_article_title": false,
                    "article": 10,
                    "paragraph": 7,
                    "subparagraph": null
                },
                "content": {
                    "content_labels": [
                        "계약의 내용",
                        "업무 수행을 위한 협조, 협의"
                    ],
                    "description": "7) “갑”은 자신의 매니지먼트 권한 범위 내에서 “을”의 연예활동에 필요한 능력의 습득 및 향상을 위해 진행되는 연기, 춤, 악기, 검술, 특수 스포츠 등의 레슨이나 외국어 기타 “갑”이 주선하는 교육(훈련)에 소요되는 제반 비용을 원칙적으로 부담하며, “을”의 의사에 반하여 불필요한 교육 훈련비용을 “을”에게 부담시킬 수 있다. 다만, “갑”이 직접 제공하거나 주선하는 교육(훈련)이 있음에도 불구하고 “을”이 별도의 진행을 원하는 경우 또는 특별한 교육이나 훈련이 필요할 경우에는 그 비용부담에 대해 “을”과 사전에 합의하여 진행할 수 있다."
                }
            },
            {
                "id": "68",
                "format": {
                    "position": {
                        "line": "68"
                    },
                    "section_type": "TEXT",
                    "format_type": "본문",
                    "is_article_title": false,
                    "article": 10,
                    "paragraph": 8,
                    "subparagraph": null
                },
                "content": {
                    "content_labels": [
                        "계약의 내용"
                    ],
                    "description": "8) “을”은 “을”의 연예활동과 무관한 비용을 “갑”에게 전부 혹은 일부라도 부담시켜서는 아니되며, 공식 스케줄이 아닌 개인적인 관리(피부, 미용, 의상 등)에 관한 부분은 “을”이 스스로 부담한다."
                }
            },
            {
                "id": "69",
                "format": {
                    "position": {
                        "line": "69"
                    },
                    "section_type": "TEXT",
                    "format_type": "본문",
                    "is_article_title": false,
                    "article": 10,
                    "paragraph": 9,
                    "subparagraph": null
                },
                "content": {
                    "content_labels": [
                        "손해배상의 예정"
                    ],
                    "description": "9) “을”의 귀책사유로 “갑”이 “을”을 대신하여 제 3자에게 배상하거나 지급한 금원 등 금전적 채무가 있는 경우 “을”의 수익배분 금액에서 그 비용을 우선 공제할 수 있다."
                }
            },
            {
                "id": "70",
                "format": {
                    "position": {
                        "line": "70"
                    },
                    "section_type": "TEXT",
                    "format_type": "본문",
                    "is_article_title": false,
                    "article": 10,
                    "paragraph": 10,
                    "subparagraph": null
                },
                "content": {
                    "content_labels": [
                        "계약의 내용",
                        "통지의무"
                    ],
                    "description": "10)  “갑”은 수익 배분한 정산금 지급과 동시에 정산자료(총 수익과 비용 공제 내용 등을 증빙할 수 있는 자료)를 “을”에게 제공한다. (“을”이 지정한 이메일도 가능) 단, 확정된 총 수익과 비용공제 내용 등을 증빙할 수 있는 최종 정산자료는 매 분기별(3개월)로 정리하여 분기말의 다음달 30일까지 “을”에게 제공한다."
                }
            },
            {
                "id": "71",
                "format": {
                    "position": {
                        "line": "71"
                    },
                    "section_type": "TEXT",
                    "format_type": "본문",
                    "is_article_title": false,
                    "article": 10,
                    "paragraph": 11,
                    "subparagraph": null
                },
                "content": {
                    "content_labels": [
                        "업무 수행을 위한 협조, 협의",
                        "통지의무"
                    ],
                    "description": "11)  “을” 은 정산자료를 수령한 날로부터 30일 이내에 정산내역에 대하여 공제된 비용이 과다 계상되었거나 “을”의 수익이 과소 계상되었다는 등 “갑”에게 이의를 제기할 수 있고, “갑”은 그 정산근거를 성실히 제공하여 문제를 해결토록 한다. 위 기간 내에 “갑”과 “을” 사이에 과다계상 또는 과소계상에 대한 이의가 없으면, 정산내역대로 확정되어 서로 다투지 아니하는 것으로 간주한다."
                }
            },
            {
                "id": "72",
                "format": {
                    "position": {
                        "line": "72"
                    },
                    "section_type": "TEXT",
                    "format_type": "본문",
                    "is_article_title": false,
                    "article": 10,
                    "paragraph": 12,
                    "subparagraph": null
                },
                "content": {
                    "content_labels": [
                        "면책",
                        "관계법령준수"
                    ],
                    "description": "12)  “갑”과 “을”은 각자의 소득에 대한 세금을 각자 부담한다. “을”의 수익분배는 “을”의 연예활동으로 인하여 “갑”이 그 대가를 수령한 경우에 한하며, 그 대가가 “갑”에게 미지급된 경우에는 “갑”도 “을”에 대한 수익분배의무를 면한다. 다만, “갑”은 위 대가의 수금을 위해 최선을 다해야 하고, 소송 등을 통해서 지급받은 경우에는 그에 소요된 소송비용 등을 공제한 후 분배비율에 따라 지급한다."
                }
            },
            {
                "id": "73",
                "format": {
                    "position": {
                        "line": "73"
                    },
                    "section_type": "TEXT",
                    "format_type": "본문",
                    "is_article_title": true,
                    "article": 11,
                    "paragraph": null,
                    "subparagraph": null
                },
                "content": {
                    "content_labels": [
                        "지적재산권"
                    ],
                    "description": "제11조 (상표권)"
                }
            },
            {
                "id": "74",
                "format": {
                    "position": {
                        "line": "74"
                    },
                    "section_type": "TEXT",
                    "format_type": "본문",
                    "is_article_title": false,
                    "article": 11,
                    "paragraph": 1,
                    "subparagraph": null
                },
                "content": {
                    "content_labels": [
                        "지적재산권"
                    ],
                    "description": "1) “갑”은 계약기간 중 본명, 예명, 애칭을 포함하여 “을”의 모든 성명, 사진, 초상, 필적, 기타 “을”의 동일성(identity)을 나타내는 일체의 것을 사용하여 상표나 디자인 기타 유사한 지적재산권을 개발하고, “갑”의 이름으로 이를 등록하거나 “을”의 연예활동 또는 “갑”의 업무와 관련하여 이용(제3자에 대한 라이선스 포함) 할 수 있는 권리를 갖는다."
                }
            },
            {
                "id": "75",
                "format": {
                    "position": {
                        "line": "75"
                    },
                    "section_type": "TEXT",
                    "format_type": "본문",
                    "is_article_title": false,
                    "article": 11,
                    "paragraph": 2,
                    "subparagraph": null
                },
                "content": {
                    "content_labels": [
                        "지적재산권"
                    ],
                    "description": "2) 본 계약기간이 종료된 이후에는 “을”은 “갑”이 지적재산권 개발에 투자한 비용 등 기여도를 감안하여 합의된 정당한 대가를 “갑”에게 지불한 후에 모든 권리를 이전 받을 수 있다. "
                }
            },
            {
                "id": "76",
                "format": {
                    "position": {
                        "line": "76"
                    },
                    "section_type": "TEXT",
                    "format_type": "본문",
                    "is_article_title": true,
                    "article": 12,
                    "paragraph": null,
                    "subparagraph": null
                },
                "content": {
                    "content_labels": [
                        "손해배상의 예정"
                    ],
                    "description": "제12조 (손해배상)"
                }
            },
            {
                "id": "77",
                "format": {
                    "position": {
                        "line": "77"
                    },
                    "section_type": "TEXT",
                    "format_type": "본문",
                    "is_article_title": false,
                    "article": 12,
                    "paragraph": null,
                    "subparagraph": null
                },
                "content": {
                    "content_labels": [
                        "손해배상의 예정"
                    ],
                    "description": "“을”은 본 계약과 관련하여 “을”의 귀책사유로 인해 “갑”에게 손해를 입힌 경우 손해액을 배상하여야 한다. 다만, 천재지변 등 불가항력적인 경우에는 그러하지 아니하다."
                }
            },
            {
                "id": "78",
                "format": {
                    "position": {
                        "line": "78"
                    },
                    "section_type": "TEXT",
                    "format_type": "본문",
                    "is_article_title": true,
                    "article": 13,
                    "paragraph": null,
                    "subparagraph": null
                },
                "content": {
                    "content_labels": [
                        "계약의 효력"
                    ],
                    "description": "제13조 (확인 및 보증)"
                }
            },
            {
                "id": "79",
                "format": {
                    "position": {
                        "line": "79"
                    },
                    "section_type": "TEXT",
                    "format_type": "본문",
                    "is_article_title": false,
                    "article": 13,
                    "paragraph": 1,
                    "subparagraph": null
                },
                "content": {
                    "content_labels": [
                        "계약의 효력"
                    ],
                    "description": "1) “갑”은 “을”에 대하여 계약체결 당시 제 6조의 매니지먼트 권한 및 의무를 행사하는데 필요한 인적, 물적 자원을 보유하거나 그러한 능력을 갖추고 있다는 것을 확인하고 보증한다."
                }
            },
            {
                "id": "80",
                "format": {
                    "position": {
                        "line": "80"
                    },
                    "section_type": "TEXT",
                    "format_type": "본문",
                    "is_article_title": false,
                    "article": 13,
                    "paragraph": 2,
                    "subparagraph": null
                },
                "content": {
                    "content_labels": [
                        "계약의 효력"
                    ],
                    "description": "2) “을”을 “갑”에 대해 다음 각 호의 사항을 확인하고 보증한다."
                }
            },
            {
                "id": "81",
                "format": {
                    "position": {
                        "line": "81"
                    },
                    "section_type": "TEXT",
                    "format_type": "본문",
                    "is_article_title": false,
                    "article": 13,
                    "paragraph": 2,
                    "subparagraph": 1
                },
                "content": {
                    "content_labels": [
                        "계약의 효력"
                    ],
                    "description": "① 이 계약을 유효하게 체결하는데 필요한 권리 및 권한을 보유하고 있다는 것."
                }
            },
            {
                "id": "82",
                "format": {
                    "position": {
                        "line": "82"
                    },
                    "section_type": "TEXT",
                    "format_type": "본문",
                    "is_article_title": false,
                    "article": 13,
                    "paragraph": 2,
                    "subparagraph": 2
                },
                "content": {
                    "content_labels": [
                        "계약의 효력"
                    ],
                    "description": "② 이 계약의 체결이 제 3자와의 다른 계약을 침해하지 않는다는 것."
                }
            },
            {
                "id": "83",
                "format": {
                    "position": {
                        "line": "83"
                    },
                    "section_type": "TEXT",
                    "format_type": "본문",
                    "is_article_title": false,
                    "article": 13,
                    "paragraph": 2,
                    "subparagraph": 3
                },
                "content": {
                    "content_labels": [
                        "계약의 효력"
                    ],
                    "description": "③ 계약기간 중 이 계약내용과 저촉되는 계약을 제 3자와 체결하지 않는다는 것."
                }
            },
            {
                "id": "84",
                "format": {
                    "position": {
                        "line": "84"
                    },
                    "section_type": "TEXT",
                    "format_type": "본문",
                    "is_article_title": true,
                    "article": 14,
                    "paragraph": null,
                    "subparagraph": null
                },
                "content": {
                    "content_labels": [
                        "계약 변경에 대한 합의"
                    ],
                    "description": "제14조 (계약내용의 변경)"
                }
            },
            {
                "id": "85",
                "format": {
                    "position": {
                        "line": "85"
                    },
                    "section_type": "TEXT",
                    "format_type": "본문",
                    "is_article_title": false,
                    "article": 14,
                    "paragraph": null,
                    "subparagraph": null
                },
                "content": {
                    "content_labels": [
                        "계약 변경에 대한 합의"
                    ],
                    "description": "이 계약내용 중 일부를 변경할 필요가 있는 경우에는 “갑”과 “을”이 서면합의에 의하여 변경할 수 있으며, 그 서면합의에서 달리 정함이 없는 한, 변경된 사항은 그 다음 날로부터 효력을 가진다."
                }
            },
            {
                "id": "86",
                "format": {
                    "position": {
                        "line": "86"
                    },
                    "section_type": "TEXT",
                    "format_type": "본문",
                    "is_article_title": true,
                    "article": 15,
                    "paragraph": null,
                    "subparagraph": null
                },
                "content": {
                    "content_labels": [
                        "계약의 해제, 해지"
                    ],
                    "description": "제15조 (계약의 해제 또는 해지)"
                }
            },
            {
                "id": "87",
                "format": {
                    "position": {
                        "line": "87"
                    },
                    "section_type": "TEXT",
                    "format_type": "본문",
                    "is_article_title": false,
                    "article": 15,
                    "paragraph": 1,
                    "subparagraph": null
                },
                "content": {
                    "content_labels": [
                        "손해배상의 예정",
                        "계약의 해제, 해지"
                    ],
                    "description": "1) “갑” 또는 “을”이 계약상의 내용을 위반하는 경우, 그 상대방은 위반자에 대하여 14일간의 유예기간을 정하여 위반사항을 시정할 것을 먼저 요구하고, 그 기간 내에 위반사항이 시정되지 아니하는 경우에 상대방은 계약을 해제 또는 해지하고, 손해배상을 청구할 수 있다."
                }
            },
            {
                "id": "88",
                "format": {
                    "position": {
                        "line": "88"
                    },
                    "section_type": "TEXT",
                    "format_type": "본문",
                    "is_article_title": false,
                    "article": 15,
                    "paragraph": 2,
                    "subparagraph": null
                },
                "content": {
                    "content_labels": [
                        "위약벌",
                        "계약의 해제, 해지"
                    ],
                    "description": "2) “갑”이 계약내용에 따른 자신의 의무를 충실히 이행하고 있음에도 불구하고, “을”이 아래 내용에 해당하는 경우에는 “을”은 제 1항의 손해배상과는 별도로 계약해지 당시를 기준으로 직전 2년간의 월평균 수익 금액에 계약 잔여기간 개월수를 곱한 금액(“을”이 연예활동 기간이 2년 미만인 경우에는 실제 수익이 발생한 기간의 월평균 수익 금액에서 잔여기간 개월 수를 곱한 금액)을 위약벌로 “갑”에게 지급한다."
                }
            },
            {
                "id": "89",
                "format": {
                    "position": {
                        "line": "89"
                    },
                    "section_type": "TEXT",
                    "format_type": "본문",
                    "is_article_title": false,
                    "article": 15,
                    "paragraph": 2,
                    "subparagraph": 1
                },
                "content": {
                    "content_labels": [
                        "계약의 해제, 해지"
                    ],
                    "description": "① “을”이 계약을 일방적으로 파기할 목적으로 계약상의 내용을 위반한 경우"
                }
            },
            {
                "id": "90",
                "format": {
                    "position": {
                        "line": "90"
                    },
                    "section_type": "TEXT",
                    "format_type": "본문",
                    "is_article_title": false,
                    "article": 15,
                    "paragraph": 2,
                    "subparagraph": 2
                },
                "content": {
                    "content_labels": [
                        "계약의 해제, 해지"
                    ],
                    "description": "② “을”이 마약, 도박, 음주, 폭행, 간통 또는 무면허 운전, 문란한 사생활 등으로 사회에 물의를 일으킬 경우"
                }
            },
            {
                "id": "91",
                "format": {
                    "position": {
                        "line": "91"
                    },
                    "section_type": "TEXT",
                    "format_type": "본문",
                    "is_article_title": false,
                    "article": 15,
                    "paragraph": 2,
                    "subparagraph": 3
                },
                "content": {
                    "content_labels": [
                        "계약의 해제, 해지"
                    ],
                    "description": "③ “을”이 고소당하거나 긴급체포, 구속 등을 당하여 본 계약을 유지할 수 없는 현저한 사유가 발생한 경우"
                }
            },
            {
                "id": "92",
                "format": {
                    "position": {
                        "line": "92"
                    },
                    "section_type": "TEXT",
                    "format_type": "본문",
                    "is_article_title": false,
                    "article": 15,
                    "paragraph": 3,
                    "subparagraph": null
                },
                "content": {
                    "content_labels": [
                        "계약의 해제, 해지"
                    ],
                    "description": "3) 계약 해지일 현재 이미 발생한 당사자들의 권리, 의무는 이 계약의 해지로 인하여 영향을 받지 않는다."
                }
            },
            {
                "id": "93",
                "format": {
                    "position": {
                        "line": "93"
                    },
                    "section_type": "TEXT",
                    "format_type": "본문",
                    "is_article_title": false,
                    "article": 15,
                    "paragraph": 4,
                    "subparagraph": null
                },
                "content": {
                    "content_labels": [
                        "손해배상의 예정"
                    ],
                    "description": "4) “을”이 중대한 질병에 걸리거나 상해를 당하여 연예활동을 계속하기 어려운 사정이 발생한 경우 이 계약은 종료되며, 이 경우에 “갑”은 “을”에게 손해배상 등을 청구할 수 없다. 다만, 중대한 질병 또는 상해 발생시까지는 본 계약에 따른 정산을 하기로 하고, “을”의 고의 또는 중대한 과실에 의한 경우에는 예외로 한다."
                }
            },
            {
                "id": "94",
                "format": {
                    "position": {
                        "line": "94"
                    },
                    "section_type": "TEXT",
                    "format_type": "본문",
                    "is_article_title": true,
                    "article": 16,
                    "paragraph": null,
                    "subparagraph": null
                },
                "content": {
                    "content_labels": [
                        "비밀 유지"
                    ],
                    "description": "제16조 (비밀유지)"
                }
            },
            {
                "id": "95",
                "format": {
                    "position": {
                        "line": "95"
                    },
                    "section_type": "TEXT",
                    "format_type": "본문",
                    "is_article_title": false,
                    "article": 16,
                    "paragraph": null,
                    "subparagraph": null
                },
                "content": {
                    "content_labels": [
                        "비밀 유지"
                    ],
                    "description": "자에게 정당한 사유없이 누설하여서는 아니되며, 이를 비밀로 유지하여야 한다. 이 비밀유지의무는 계약기간 종료 후에도 유지된다."
                }
            },
            {
                "id": "96",
                "format": {
                    "position": {
                        "line": "96"
                    },
                    "section_type": "TEXT",
                    "format_type": "본문",
                    "is_article_title": true,
                    "article": 17,
                    "paragraph": null,
                    "subparagraph": null
                },
                "content": {
                    "content_labels": [
                        "권리의 양도, 처분 금지"
                    ],
                    "description": "제17조 (계약의 양도)"
                }
            },
            {
                "id": "97",
                "format": {
                    "position": {
                        "line": "97"
                    },
                    "section_type": "TEXT",
                    "format_type": "본문",
                    "is_article_title": false,
                    "article": 17,
                    "paragraph": null,
                    "subparagraph": null
                },
                "content": {
                    "content_labels": [
                        "권리의 양도, 처분 금지"
                    ],
                    "description": "“갑”은 본 계약기간 중 “을”의 사전 동의 하에 본 계약의 모든 권리와 의무 등 계약상의 지위를 본 계약과 동일한 조건으로 제 3 자에게 양도할 수 있고, 이 경우 “을”의 “갑”에 대한 모든 권리와 의무 등 본 계약상의 지위도 제 3 자에 대하여 행사하고 부담하게 된다.\n“을”의 해외진출에 따라 “갑”의 현지법인이나 자회사를 비롯한 해외매니지먼트사에게 연예활동이나 콘서트 등을 위임하거나 양도하는 것은 본 조에 따른 계약양도에 해당하지 아니한다. "
                }
            },
            {
                "id": "98",
                "format": {
                    "position": {
                        "line": "98"
                    },
                    "section_type": "TEXT",
                    "format_type": "본문",
                    "is_article_title": true,
                    "article": 18,
                    "paragraph": null,
                    "subparagraph": null
                },
                "content": {
                    "content_labels": [
                        "관할법원"
                    ],
                    "description": "제18조 (관할 법원)"
                }
            },
            {
                "id": "99",
                "format": {
                    "position": {
                        "line": "99"
                    },
                    "section_type": "TEXT",
                    "format_type": "본문",
                    "is_article_title": true,
                    "article": 19,
                    "paragraph": null,
                    "subparagraph": null
                },
                "content": {
                    "content_labels": [
                        "관할법원"
                    ],
                    "description": "제19조 (분쟁해결)"
                }
            },
            {
                "id": "100",
                "format": {
                    "position": {
                        "line": "100"
                    },
                    "section_type": "TEXT",
                    "format_type": "본문",
                    "is_article_title": false,
                    "article": 19,
                    "paragraph": null,
                    "subparagraph": null
                },
                "content": {
                    "content_labels": [
                        "관할법원",
                        "준거법"
                    ],
                    "description": "본 계약의 각 조항에 관하여 이의가 생기거나 정해지지 않는 사항에 관하여 “갑”과 “을” 사이에 이견이 발생한 경우 “갑”과 “을”은 최우선적으로 원만하게 협의하여 해결할 수 있도록 노력하되, 해결이 되지 않을 때에는 대한민국 법을 준거법으로 하여, 제 18 조에 정한 법원에서 소송으로 해결한다. "
                }
            },
            {
                "id": "101",
                "format": {
                    "position": {
                        "line": "101"
                    },
                    "section_type": "TEXT",
                    "format_type": "본문",
                    "is_article_title": true,
                    "article": 20,
                    "paragraph": null,
                    "subparagraph": null
                },
                "content": {
                    "content_labels": [
                        "계약 변경에 대한 합의"
                    ],
                    "description": "제20조 (부속 합의)"
                }
            },
            {
                "id": "102",
                "format": {
                    "position": {
                        "line": "102"
                    },
                    "section_type": "TEXT",
                    "format_type": "본문",
                    "is_article_title": false,
                    "article": 20,
                    "paragraph": null,
                    "subparagraph": null
                },
                "content": {
                    "content_labels": [
                        "계약 변경에 대한 합의"
                    ],
                    "description": "“갑”과 “을”은 이 계약의 내용을 보충하거나, 이 계약에서 정하지 아니한 사항을 규정하기 위하여 부속합의서를 작성할 수 있고, “을”의 요구사항을 반영하여 별첨한다."
                }
            },
            {
                "id": "103",
                "format": {
                    "position": {
                        "line": "103"
                    },
                    "section_type": "TEXT",
                    "format_type": "본문",
                    "is_article_title": true,
                    "article": 21,
                    "paragraph": null,
                    "subparagraph": null
                },
                "content": {
                    "content_labels": [
                        "계약의 효력"
                    ],
                    "description": "제21조 (계약의 효력 발생)"
                }
            },
            {
                "id": "104",
                "format": {
                    "position": {
                        "line": "104"
                    },
                    "section_type": "TEXT",
                    "format_type": "본문",
                    "is_article_title": false,
                    "article": 21,
                    "paragraph": null,
                    "subparagraph": null
                },
                "content": {
                    "content_labels": [
                        "계약의 효력"
                    ],
                    "description": "본 계약은 “갑”과 “을” 모두 서명, 날인함과 동시에 그 효력이 발생한다."
                }
            },
            {
                "id": "105",
                "format": {
                    "position": {
                        "line": "105"
                    },
                    "section_type": "TEXT",
                    "format_type": "본문",
                    "is_article_title": false,
                    "article": null,
                    "paragraph": null,
                    "subparagraph": null
                },
                "content": {
                    "content_labels": [
                        "계약서의 교부"
                    ],
                    "description": "본 계약의 성립을 증명하기 위하여 본 계약서 2통을 만들어 “갑”과 “을”이 서명, 날인, 간인한 후 각 1통씩 보관하기로 한다."
                }
            },
            {
                "id": "106",
                "format": {
                    "position": {
                        "line": "106"
                    },
                    "section_type": "TEXT",
                    "format_type": "날짜",
                    "is_article_title": false,
                    "article": null,
                    "paragraph": null,
                    "subparagraph": null
                },
                "content": {
                    "content_labels": [
                        "계약 체결 일자"
                    ],
                    "description": "20  년 00년 00일"
                }
            },
            {
                "id": "107",
                "format": {
                    "position": {
                        "line": "107"
                    },
                    "section_type": "TEXT",
                    "format_type": "기명날인",
                    "is_article_title": false,
                    "article": null,
                    "paragraph": null,
                    "subparagraph": null
                },
                "content": {
                    "content_labels": [
                        "회사의 인적사항",
                        "회사의 기명날인"
                    ],
                    "description": "갑 : 회사이름, 대표이름(인)\n주소"
                }
            },
            {
                "id": "108",
                "format": {
                    "position": {
                        "line": "108"
                    },
                    "section_type": "TEXT",
                    "format_type": "기명날인",
                    "is_article_title": false,
                    "article": null,
                    "paragraph": null,
                    "subparagraph": null
                },
                "content": {
                    "content_labels": [
                        "피고용인의 인적사항",
                        "피고용인의 기명날인"
                    ],
                    "description": "을 : 성명 (인)\n주민등록번호\n주소"
                }
            }
        ]
    }
}