{
    "document": {
        "type": "계약 법률 문서",
        "metadata": {
            "file_info": {
                "document_name": "기타고용계약서_0187",
                "document_size": "159kb",
                "document_page_count": "5",
                "document_total_ids": "66",
                "document_format": "pdf",
                "document_creation_date": "2024-10-28",
                "document_category": {
                    "main_category": "인사_고용_노무",
                    "sub_category": "고용계약",
                    "detail_category": "기타고용계약서"
                },
                "additional_info": {
                    "related_law": "저작권법, 민법",
                    "document_purpose": "광고 산업에서 광고주, 플랫폼, 모델 간의 권리와 의무를 명확히 규정하고, 광고모델 출연계약을 체결하여 계약 이행을 보장하기 위함",
                    "document_use_case": "광고 제작 과정에서 모델과의 계약을 체결할 때 활용. 특히 광고 촬영, 제작, 방영 과정에서 모델의 출연 조건과 권리를 명확히 하기 위해 사용됨.",
                    "public_domain_sources": null
                }
            }
        },
        "sections": [
            {
                "id": "1",
                "format": {
                    "position": {
                        "line": "1"
                    },
                    "section_type": "TEXT",
                    "format_type": "제목",
                    "is_article_title": false,
                    "article": null,
                    "paragraph": null,
                    "subparagraph": null
                },
                "content": {
                    "content_labels": [
                        "기타"
                    ],
                    "description": "모델 출연 표준계약"
                }
            },
            {
                "id": "2",
                "format": {
                    "position": {
                        "line": "2"
                    },
                    "section_type": "TEXT",
                    "format_type": "서문",
                    "is_article_title": false,
                    "article": null,
                    "paragraph": null,
                    "subparagraph": null
                },
                "content": {
                    "content_labels": [
                        "계약의 당사자"
                    ],
                    "description": "광고주OO주식회사(이하 '브랜드'이라 한다)와 주식회사 (@회사명)(이하 ‘플랫폼’이라 한다)의 소속모델인 OOO(이하 '모델'이라 한다)사이에 아래와 같이 광고모델 출연계약을 체결한다"
                }
            },
            {
                "id": "3",
                "format": {
                    "position": {
                        "line": "3"
                    },
                    "section_type": "TEXT",
                    "format_type": "본문",
                    "is_article_title": true,
                    "article": 1,
                    "paragraph": null,
                    "subparagraph": null
                },
                "content": {
                    "content_labels": [
                        "계약의 목적"
                    ],
                    "description": "제1조 【목적】"
                }
            },
            {
                "id": "4",
                "format": {
                    "position": {
                        "line": "4"
                    },
                    "section_type": "TEXT",
                    "format_type": "본문",
                    "is_article_title": false,
                    "article": 1,
                    "paragraph": null,
                    "subparagraph": null
                },
                "content": {
                    "content_labels": [
                        "계약의 목적"
                    ],
                    "description": "본 계약은 '브랜드'의 광고물에 '모델’이 출연함에 있어 ‘브랜드’,’플랫폼’,’모델’의 권리와 의무를 명확히 규정함을 그 목적으로 한다. "
                }
            },
            {
                "id": "5",
                "format": {
                    "position": {
                        "line": "5"
                    },
                    "section_type": "TEXT",
                    "format_type": "본문",
                    "is_article_title": true,
                    "article": 2,
                    "paragraph": null,
                    "subparagraph": null
                },
                "content": {
                    "content_labels": [
                        "계약의 내용"
                    ],
                    "description": "제2조 【계약의 범위】"
                }
            },
            {
                "id": "6",
                "format": {
                    "position": {
                        "line": "6"
                    },
                    "section_type": "TEXT",
                    "format_type": "본문",
                    "is_article_title": false,
                    "article": 2,
                    "paragraph": 1,
                    "subparagraph": null
                },
                "content": {
                    "content_labels": [
                        "계약의 내용"
                    ],
                    "description": "① ‘모델’의 출연은 ‘브랜드’에 대한 아래의 매체 광고로 한다."
                }
            },
            {
                "id": "7",
                "format": {
                    "position": {
                        "line": "7"
                    },
                    "section_type": "TEXT",
                    "format_type": "본문",
                    "is_article_title": false,
                    "article": 2,
                    "paragraph": 1,
                    "subparagraph": null
                },
                "content": {
                    "content_labels": [
                        "계약의 내용"
                    ],
                    "description": "- OOO \n- OOO"
                }
            },
            {
                "id": "8",
                "format": {
                    "position": {
                        "line": "8"
                    },
                    "section_type": "TEXT",
                    "format_type": "본문",
                    "is_article_title": false,
                    "article": 2,
                    "paragraph": 2,
                    "subparagraph": null
                },
                "content": {
                    "content_labels": [
                        "계약기간"
                    ],
                    "description": "② 본 계약의 유효기간은 YY.MM DD.  부터 YY.MM DD. 까지로 한다\n"
                }
            },
            {
                "id": "9",
                "format": {
                    "position": {
                        "line": "9"
                    },
                    "section_type": "TEXT",
                    "format_type": "본문",
                    "is_article_title": true,
                    "article": 3,
                    "paragraph": null,
                    "subparagraph": null
                },
                "content": {
                    "content_labels": [
                        "계약의 내용"
                    ],
                    "description": "제3조 【계약조건】"
                }
            },
            {
                "id": "10",
                "format": {
                    "position": {
                        "line": "10"
                    },
                    "section_type": "TEXT",
                    "format_type": "본문",
                    "is_article_title": false,
                    "article": 3,
                    "paragraph": 1,
                    "subparagraph": null
                },
                "content": {
                    "content_labels": [
                        "계약기간"
                    ],
                    "description": "① 제작물의 사용기간은 제작물이 광고매체에 방영 또는 게재되는 날로부터 O년으로 한다."
                }
            },
            {
                "id": "11",
                "format": {
                    "position": {
                        "line": "11"
                    },
                    "section_type": "TEXT",
                    "format_type": "본문",
                    "is_article_title": false,
                    "article": 3,
                    "paragraph": 2,
                    "subparagraph": null
                },
                "content": {
                    "content_labels": [
                        "계약의 내용"
                    ],
                    "description": "② 제작물의 방영일은 촬영시부터 O개월 이내로 한다."
                }
            },
            {
                "id": "12",
                "format": {
                    "position": {
                        "line": "12"
                    },
                    "section_type": "TEXT",
                    "format_type": "본문",
                    "is_article_title": true,
                    "article": 4,
                    "paragraph": null,
                    "subparagraph": null
                },
                "content": {
                    "content_labels": [
                        "계약의 해제, 해지",
                        "손해배상의 예정"
                    ],
                    "description": "제4조 (계약의 위반 및 해지)"
                }
            },
            {
                "id": "13",
                "format": {
                    "position": {
                        "line": "13"
                    },
                    "section_type": "TEXT",
                    "format_type": "본문",
                    "is_article_title": false,
                    "article": 4,
                    "paragraph": 1,
                    "subparagraph": null
                },
                "content": {
                    "content_labels": [
                        "계약의 해제, 해지",
                        "손해배상의 예정"
                    ],
                    "description": "1. ‘갑’ 또는 ‘을’이 계약상의 내용을 위반하는 경우, 본 계약서에서 다른 정함이 없는 한, 그 상대방은 위반자에 대하여 14일 간의 유예기간을 정하여 위반사항을 시정할 것을 먼저 요구하고, 그 기간 내에 위반사항이 시정되지 아니하는 경우에 상대방은 계약을 해제 또는 해지하고, 손해배상을 청구할 수 있다."
                }
            },
            {
                "id": "14",
                "format": {
                    "position": {
                        "line": "14"
                    },
                    "section_type": "TEXT",
                    "format_type": "본문",
                    "is_article_title": false,
                    "article": 4,
                    "paragraph": 2,
                    "subparagraph": null
                },
                "content": {
                    "content_labels": [
                        "위약벌"
                    ],
                    "description": "2) ‘갑’이 계약내용에 따른 자신의 의무를 충실히 이행하고 있음에도 불구하고, ‘을’이 계약기간 도중에 계약을 일방적으로 파기할 목적으로 계약상의 내용을 위반한 경우에는 ‘을’은 제1항의 손해배상과는 별도로 아래의 위약금 1과 2 중 보다 큰 금액을 ‘갑’에게 지급하여야 한다."
                }
            },
            {
                "id": "15",
                "format": {
                    "position": {
                        "line": "15"
                    },
                    "section_type": "TEXT",
                    "format_type": "본문",
                    "is_article_title": false,
                    "article": 4,
                    "paragraph": 3,
                    "subparagraph": null
                },
                "content": {
                    "content_labels": [
                        "위약벌"
                    ],
                    "description": "3. 위약금1- (@구체적 사실)"
                }
            },
            {
                "id": "16",
                "format": {
                    "position": {
                        "line": "16"
                    },
                    "section_type": "TEXT",
                    "format_type": "본문",
                    "is_article_title": false,
                    "article": 4,
                    "paragraph": 4,
                    "subparagraph": null
                },
                "content": {
                    "content_labels": [
                        "위약벌"
                    ],
                    "description": "4. 위약금2- (@구체적 사실)"
                }
            },
            {
                "id": "17",
                "format": {
                    "position": {
                        "line": "17"
                    },
                    "section_type": "TEXT",
                    "format_type": "본문",
                    "is_article_title": true,
                    "article": 5,
                    "paragraph": null,
                    "subparagraph": null
                },
                "content": {
                    "content_labels": [
                        "계약기간"
                    ],
                    "description": "제5조 (계약기간)"
                }
            },
            {
                "id": "18",
                "format": {
                    "position": {
                        "line": "18"
                    },
                    "section_type": "TEXT",
                    "format_type": "본문",
                    "is_article_title": false,
                    "article": 5,
                    "paragraph": null,
                    "subparagraph": null
                },
                "content": {
                    "content_labels": [
                        "계약기간"
                    ],
                    "description": "본 계약은 계약 체결일로부터 “(@프로젝트) 계약”이 종료되는 시점까지 유효한 것으로 한다."
                }
            },
            {
                "id": "19",
                "format": {
                    "position": {
                        "line": "19"
                    },
                    "section_type": "TEXT",
                    "format_type": "본문",
                    "is_article_title": true,
                    "article": 6,
                    "paragraph": null,
                    "subparagraph": null
                },
                "content": {
                    "content_labels": [
                        "계약금의 지급"
                    ],
                    "description": "제6조 【출연료 지불조건】"
                }
            },
            {
                "id": "20",
                "format": {
                    "position": {
                        "line": "20"
                    },
                    "section_type": "TEXT",
                    "format_type": "본문",
                    "is_article_title": false,
                    "article": 6,
                    "paragraph": 1,
                    "subparagraph": null
                },
                "content": {
                    "content_labels": [
                        "계약금의 지급"
                    ],
                    "description": "① ‘모델’의 출연료는 O%의 ‘플랫폼’ 수수료를 포함한 일금 원 (부가세 별도)/H 이다."
                }
            },
            {
                "id": "21",
                "format": {
                    "position": {
                        "line": "21"
                    },
                    "section_type": "TEXT",
                    "format_type": "본문",
                    "is_article_title": false,
                    "article": 6,
                    "paragraph": 2,
                    "subparagraph": null
                },
                "content": {
                    "content_labels": [
                        "계약금의 지급"
                    ],
                    "description": "② 초과 촬영시간에 대한 출연료는 ₩ /H(부가세 별도) 이며, 총 출연료는 ①항의 출연료에 초과촬영분에 대한 보수액과 수수료를 더하여 산정한다. "
                }
            },
            {
                "id": "22",
                "format": {
                    "position": {
                        "line": "22"
                    },
                    "section_type": "TEXT",
                    "format_type": "본문",
                    "is_article_title": false,
                    "article": 6,
                    "paragraph": 3,
                    "subparagraph": null
                },
                "content": {
                    "content_labels": [
                        "계약금의 지급"
                    ],
                    "description": "③ ‘브랜드’는 ‘모델’의 촬영일로부터 O영업일 이내에 출연료 전액을 ‘플랫폼’ 명의 계좌로 전액 현금 지급한다. (OO 은행 OOO-OOO-OOO)"
                }
            },
            {
                "id": "23",
                "format": {
                    "position": {
                        "line": "23"
                    },
                    "section_type": "TEXT",
                    "format_type": "본문",
                    "is_article_title": false,
                    "article": 6,
                    "paragraph": 4,
                    "subparagraph": null
                },
                "content": {
                    "content_labels": [
                        "계약금의 지급"
                    ],
                    "description": "④ ‘플랫폼’은 위 출연료 금액에서 제세공과금을 공제한 금액을 7 영업일 이내에 ‘모델’의 계좌로 전액 현금 지급한다. (OO 은행 OOO-OOO-OOO)"
                }
            },
            {
                "id": "24",
                "format": {
                    "position": {
                        "line": "24"
                    },
                    "section_type": "TEXT",
                    "format_type": "본문",
                    "is_article_title": false,
                    "article": 6,
                    "paragraph": 5,
                    "subparagraph": null
                },
                "content": {
                    "content_labels": [
                        "계약금의 지급"
                    ],
                    "description": "⑤ 본조 제1항의 출연료의 지급일이 제3항의 기일을 도과하는 경우, ‘브랜드’는 ‘플랫폼’에 해당 수수료의 연12%에 해당하는 지연이자를 출연료와 함께 지불해야 한다."
                }
            },
            {
                "id": "25",
                "format": {
                    "position": {
                        "line": "25"
                    },
                    "section_type": "TEXT",
                    "format_type": "본문",
                    "is_article_title": true,
                    "article": 7,
                    "paragraph": null,
                    "subparagraph": null
                },
                "content": {
                    "content_labels": [
                        "지적재산권"
                    ],
                    "description": "제7조 【저작권 귀속】"
                }
            },
            {
                "id": "26",
                "format": {
                    "position": {
                        "line": "26"
                    },
                    "section_type": "TEXT",
                    "format_type": "본문",
                    "is_article_title": false,
                    "article": 7,
                    "paragraph": null,
                    "subparagraph": null
                },
                "content": {
                    "content_labels": [
                        "지적재산권"
                    ],
                    "description": "‘모델’이 출연하여 완성된 광고물의 저작권 및 저작인접권(초상권 포함)은 ‘브랜드’에게 귀속되며, 계약기간 내에 ‘브랜드’는 ‘모델’이 출연한 광고물을 이용하여 2차 제작물 및 편집 제작물로 활용할 권리를 가진다."
                }
            },
            {
                "id": "27",
                "format": {
                    "position": {
                        "line": "27"
                    },
                    "section_type": "TEXT",
                    "format_type": "본문",
                    "is_article_title": true,
                    "article": 8,
                    "paragraph": null,
                    "subparagraph": null
                },
                "content": {
                    "content_labels": [
                        "신의성실"
                    ],
                    "description": "제8조 【신의성실 및 상호협조의무】"
                }
            },
            {
                "id": "28",
                "format": {
                    "position": {
                        "line": "28"
                    },
                    "section_type": "TEXT",
                    "format_type": "본문",
                    "is_article_title": false,
                    "article": 8,
                    "paragraph": null,
                    "subparagraph": null
                },
                "content": {
                    "content_labels": [
                        "신의성실"
                    ],
                    "description": "계약당사자들은 본 계약을 신의에 따라 성실하게 이행하여야 한다."
                }
            },
            {
                "id": "29",
                "format": {
                    "position": {
                        "line": "29"
                    },
                    "section_type": "TEXT",
                    "format_type": "본문",
                    "is_article_title": true,
                    "article": 9,
                    "paragraph": null,
                    "subparagraph": null
                },
                "content": {
                    "content_labels": [
                        "계약 변경에 대한 합의"
                    ],
                    "description": "제9조 【계약 변경】"
                }
            },
            {
                "id": "30",
                "format": {
                    "position": {
                        "line": "30"
                    },
                    "section_type": "TEXT",
                    "format_type": "본문",
                    "is_article_title": false,
                    "article": 9,
                    "paragraph": null,
                    "subparagraph": null
                },
                "content": {
                    "content_labels": [
                        "계약 변경에 대한 합의"
                    ],
                    "description": "계약당사들 전원의 서면 합의에 의하지 아니하고는 본 계약의 내용을 변경할 수 없다."
                }
            },
            {
                "id": "31",
                "format": {
                    "position": {
                        "line": "31"
                    },
                    "section_type": "TEXT",
                    "format_type": "본문",
                    "is_article_title": true,
                    "article": 10,
                    "paragraph": null,
                    "subparagraph": null
                },
                "content": {
                    "content_labels": [
                        "업무 수행을 위한 협조, 협의",
                        "관계법령준수"
                    ],
                    "description": "제10조 【브랜드의 준수 사항】"
                }
            },
            {
                "id": "32",
                "format": {
                    "position": {
                        "line": "32"
                    },
                    "section_type": "TEXT",
                    "format_type": "본문",
                    "is_article_title": false,
                    "article": 10,
                    "paragraph": 1,
                    "subparagraph": null
                },
                "content": {
                    "content_labels": [
                        "업무 수행을 위한 협조, 협의",
                        "관계법령준수"
                    ],
                    "description": "① ‘브랜드’는 계약서에 명시되고 사전에 ‘플랫폼’과 논의된 범위의 촬영만을 진행하며, 촬영 당일 합의되지 않은 내용의 촬영(예)위험을 동반하거나, 합의되지 않은 노출 등)을 진행하지 않는다."
                }
            },
            {
                "id": "33",
                "format": {
                    "position": {
                        "line": "33"
                    },
                    "section_type": "TEXT",
                    "format_type": "본문",
                    "is_article_title": false,
                    "article": 10,
                    "paragraph": 2,
                    "subparagraph": null
                },
                "content": {
                    "content_labels": [
                        "업무 수행을 위한 협조, 협의"
                    ],
                    "description": "② ‘브랜드’는 촬영 현장에서 ‘모델’에게 촬영 취지를 벗어난 무리한 요구를 강요하거나, 촬영 중 고압적인 태도로 지시하는 것을 지양한다."
                }
            },
            {
                "id": "34",
                "format": {
                    "position": {
                        "line": "34"
                    },
                    "section_type": "TEXT",
                    "format_type": "본문",
                    "is_article_title": true,
                    "article": 11,
                    "paragraph": null,
                    "subparagraph": null
                },
                "content": {
                    "content_labels": [
                        "관계법령준수"
                    ],
                    "description": "제11조 【을의 준수 사항】"
                }
            },
            {
                "id": "35",
                "format": {
                    "position": {
                        "line": "35"
                    },
                    "section_type": "TEXT",
                    "format_type": "본문",
                    "is_article_title": false,
                    "article": 11,
                    "paragraph": null,
                    "subparagraph": null
                },
                "content": {
                    "content_labels": [
                        "관계법령준수"
                    ],
                    "description": "‘플랫폼’은 온라인 중개 ‘플랫폼’으로서 관련 법령 및 가이드라인을 준수할 의무가 있다."
                }
            },
            {
                "id": "36",
                "format": {
                    "position": {
                        "line": "36"
                    },
                    "section_type": "TEXT",
                    "format_type": "본문",
                    "is_article_title": true,
                    "article": 12,
                    "paragraph": null,
                    "subparagraph": null
                },
                "content": {
                    "content_labels": [
                        "신의성실"
                    ],
                    "description": "제12조 【모델의 준수 사항】"
                }
            },
            {
                "id": "37",
                "format": {
                    "position": {
                        "line": "37"
                    },
                    "section_type": "TEXT",
                    "format_type": "본문",
                    "is_article_title": false,
                    "article": 12,
                    "paragraph": 1,
                    "subparagraph": null
                },
                "content": {
                    "content_labels": [
                        "신의성실"
                    ],
                    "description": "① ‘모델’은 ‘브랜드’이 지정한 촬영시각을 준수하며, 전문모델로서 자질과 품위를 유지할 의무가 있다."
                }
            },
            {
                "id": "38",
                "format": {
                    "position": {
                        "line": "38"
                    },
                    "section_type": "TEXT",
                    "format_type": "본문",
                    "is_article_title": false,
                    "article": 12,
                    "paragraph": 2,
                    "subparagraph": null
                },
                "content": {
                    "content_labels": [
                        "통지의무"
                    ],
                    "description": "② ‘모델’은 ‘브랜드’이 섭외를 결정할 당시의 피부나 모발상태, 촬영취지에 부합하는 체형 등의 외관을 유지하며, 예기치 못한 사고로 인해 이에 대한 변경이 있을 시 즉시 ‘플랫폼’에게 통보해야 한다."
                }
            },
            {
                "id": "39",
                "format": {
                    "position": {
                        "line": "39"
                    },
                    "section_type": "TEXT",
                    "format_type": "본문",
                    "is_article_title": false,
                    "article": 12,
                    "paragraph": 3,
                    "subparagraph": null
                },
                "content": {
                    "content_labels": [
                        "신의성실"
                    ],
                    "description": "③ ‘모델’은 ‘브랜드’이나 ‘브랜드’의 제품에 대하여 이미지를 손상시키거나 기업활동을 저해하는 일체의 활동을 해서는 안 된다."
                }
            },
            {
                "id": "40",
                "format": {
                    "position": {
                        "line": "40"
                    },
                    "section_type": "TEXT",
                    "format_type": "본문",
                    "is_article_title": false,
                    "article": 12,
                    "paragraph": 4,
                    "subparagraph": null
                },
                "content": {
                    "content_labels": [
                        "신의성실"
                    ],
                    "description": "④ ‘모델’은 ‘브랜드’가 지정한 촬영시각을 준수해야 한다."
                }
            },
            {
                "id": "41",
                "format": {
                    "position": {
                        "line": "41"
                    },
                    "section_type": "TEXT",
                    "format_type": "본문",
                    "is_article_title": true,
                    "article": 13,
                    "paragraph": null,
                    "subparagraph": null
                },
                "content": {
                    "content_labels": [
                        "비밀 유지"
                    ],
                    "description": "제13조 【기밀유지】"
                }
            },
            {
                "id": "42",
                "format": {
                    "position": {
                        "line": "42"
                    },
                    "section_type": "TEXT",
                    "format_type": "본문",
                    "is_article_title": false,
                    "article": 13,
                    "paragraph": null,
                    "subparagraph": null
                },
                "content": {
                    "content_labels": [
                        "비밀 유지"
                    ],
                    "description": "계약당사자들은 본 계약기간동안 본 계약에 관한 일체에 대한 사항을 기밀로 유지해야 한다."
                }
            },
            {
                "id": "43",
                "format": {
                    "position": {
                        "line": "43"
                    },
                    "section_type": "TEXT",
                    "format_type": "본문",
                    "is_article_title": true,
                    "article": 14,
                    "paragraph": null,
                    "subparagraph": null
                },
                "content": {
                    "content_labels": [
                        "계약의 해제, 해지"
                    ],
                    "description": "제14조 【계약의 해제 또는 해지】"
                }
            },
            {
                "id": "44",
                "format": {
                    "position": {
                        "line": "44"
                    },
                    "section_type": "TEXT",
                    "format_type": "본문",
                    "is_article_title": false,
                    "article": 14,
                    "paragraph": 1,
                    "subparagraph": null
                },
                "content": {
                    "content_labels": [
                        "계약의 해제, 해지"
                    ],
                    "description": "① 정당한 사유 없이 본 계약상의 의무를 위반한 경우 서면으로 통지한 후 계약을 즉시 해제 또는 해지할 수 있다."
                }
            },
            {
                "id": "45",
                "format": {
                    "position": {
                        "line": "45"
                    },
                    "section_type": "TEXT",
                    "format_type": "본문",
                    "is_article_title": false,
                    "article": 14,
                    "paragraph": 2,
                    "subparagraph": null
                },
                "content": {
                    "content_labels": [
                        "계약의 해제, 해지",
                        "지적재산권"
                    ],
                    "description": "② 제1항에 따른 사유로 계약이 해지되는 경우, 해지된 시점까지 발생한 광고물에 대한 저작권은 해지에 대한 귀책사유가 없는 일방에게 귀속된다."
                }
            },
            {
                "id": "46",
                "format": {
                    "position": {
                        "line": "46"
                    },
                    "section_type": "TEXT",
                    "format_type": "본문",
                    "is_article_title": false,
                    "article": 14,
                    "paragraph": 3,
                    "subparagraph": null
                },
                "content": {
                    "content_labels": [
                        "계약의 해제, 해지",
                        "비밀 유지"
                    ],
                    "description": "③ 본 계약이 해제 또는 해지된 후에도 제13조의 기밀유지의무조항은 해제 또는 해지된 시점으로부터 2년간 유효하다."
                }
            },
            {
                "id": "47",
                "format": {
                    "position": {
                        "line": "47"
                    },
                    "section_type": "TEXT",
                    "format_type": "본문",
                    "is_article_title": true,
                    "article": 15,
                    "paragraph": null,
                    "subparagraph": null
                },
                "content": {
                    "content_labels": [
                        "계약의 해제, 해지"
                    ],
                    "description": "제15조 【계약 해제 또는 해지의 효력】"
                }
            },
            {
                "id": "48",
                "format": {
                    "position": {
                        "line": "48"
                    },
                    "section_type": "TEXT",
                    "format_type": "본문",
                    "is_article_title": false,
                    "article": 15,
                    "paragraph": 1,
                    "subparagraph": null
                },
                "content": {
                    "content_labels": [
                        "계약의 해제, 해지",
                        "통지의무"
                    ],
                    "description": "① 계약 해제 또는 해지의 통보는 상대방에 도달한 날로부터 유효하다."
                }
            },
            {
                "id": "49",
                "format": {
                    "position": {
                        "line": "49"
                    },
                    "section_type": "TEXT",
                    "format_type": "본문",
                    "is_article_title": false,
                    "article": 15,
                    "paragraph": 2,
                    "subparagraph": null
                },
                "content": {
                    "content_labels": [
                        "계약의 해제, 해지"
                    ],
                    "description": "② 계약이 해제 또는 해지된 경우, 계약 당사자들은 본 계약에 따른 업무 수행을 중단하고 추가 비용 발생을 최소화하기 위해 즉각적으로 적절한 방책을 취해야 한다."
                }
            },
            {
                "id": "50",
                "format": {
                    "position": {
                        "line": "50"
                    },
                    "section_type": "TEXT",
                    "format_type": "본문",
                    "is_article_title": false,
                    "article": 15,
                    "paragraph": 3,
                    "subparagraph": null
                },
                "content": {
                    "content_labels": [
                        "계약의 해제, 해지"
                    ],
                    "description": "③ 본 계약의 일부 조항이 효력을 상실하거나 이행이 불가능하게 되더라도, 잔존 조항들은 그 효력을 유지한다."
                }
            },
            {
                "id": "51",
                "format": {
                    "position": {
                        "line": "51"
                    },
                    "section_type": "TEXT",
                    "format_type": "본문",
                    "is_article_title": true,
                    "article": 16,
                    "paragraph": null,
                    "subparagraph": null
                },
                "content": {
                    "content_labels": [
                        "손해배상의 예정"
                    ],
                    "description": "제16조 【손해배상】"
                }
            },
            {
                "id": "52",
                "format": {
                    "position": {
                        "line": "52"
                    },
                    "section_type": "TEXT",
                    "format_type": "본문",
                    "is_article_title": false,
                    "article": 16,
                    "paragraph": 1,
                    "subparagraph": null
                },
                "content": {
                    "content_labels": [
                        "손해배상의 예정"
                    ],
                    "description": "① 본 계약이나 관련 법령을 위반하여 상대방에게 손해가 발생할 경우, 계약을 위반한 당사자는 상대방이 입은 손해를 배상하여야 한다."
                }
            },
            {
                "id": "53",
                "format": {
                    "position": {
                        "line": "53"
                    },
                    "section_type": "TEXT",
                    "format_type": "본문",
                    "is_article_title": false,
                    "article": 16,
                    "paragraph": 2,
                    "subparagraph": null
                },
                "content": {
                    "content_labels": [
                        "면책"
                    ],
                    "description": "② 천재지변, 폭동, 전쟁 등과 같은 불가항력으로 인한 계약상 의무의 불이행이나 이행 지연으로 인한 손해에 대하여는 책임지지 아니한다."
                }
            },
            {
                "id": "54",
                "format": {
                    "position": {
                        "line": "54"
                    },
                    "section_type": "TEXT",
                    "format_type": "본문",
                    "is_article_title": false,
                    "article": 16,
                    "paragraph": 3,
                    "subparagraph": null
                },
                "content": {
                    "content_labels": [
                        "손해배상의 예정"
                    ],
                    "description": "③ 촬영 스케쥴 확정 이후 ‘브랜드’이 일방적으로 일정을 취소한 경우, ‘브랜드’는 ‘플랫폼’ 및 ‘모델’에게 아래의 출연료를 지급할 의무가 있다."
                }
            },
            {
                "id": "55",
                "format": {
                    "position": {
                        "line": "55"
                    },
                    "section_type": "TEXT",
                    "format_type": "본문",
                    "is_article_title": false,
                    "article": 16,
                    "paragraph": 3,
                    "subparagraph": null
                },
                "content": {
                    "content_labels": [
                        "손해배상의 예정"
                    ],
                    "description": "- 촬영예정일로부터 O일 전 취소 시: 전체 출연료의 O%\n- 촬영예정일로부터 O일 전 취소 시: 전체 출연료의 O %\n- 촬영예정일로부터 O일 전 취소 시: 전체 출연료의 O %"
                }
            },
            {
                "id": "56",
                "format": {
                    "position": {
                        "line": "56"
                    },
                    "section_type": "TEXT",
                    "format_type": "본문",
                    "is_article_title": false,
                    "article": 16,
                    "paragraph": 4,
                    "subparagraph": null
                },
                "content": {
                    "content_labels": [
                        "위약벌",
                        "손해배상의 예정"
                    ],
                    "description": "④ ‘모델’의 일방적인 사정으로 촬영 스케쥴에 지장을 주는 등의 손해가 ‘브랜드’에게 발생한 경우, ‘모델’은 본조 제①항의 손해배상과는 별도로 계약금의 2배에 해당하는 위약금을 별도로 지불해야 한다."
                }
            },
            {
                "id": "57",
                "format": {
                    "position": {
                        "line": "57"
                    },
                    "section_type": "TEXT",
                    "format_type": "본문",
                    "is_article_title": false,
                    "article": 16,
                    "paragraph": 5,
                    "subparagraph": null
                },
                "content": {
                    "content_labels": [
                        "손해배상의 예정",
                        "면책"
                    ],
                    "description": "⑤ ‘모델’이 용역수행과 관련하여 ‘브랜드’ 또는 제3자에게 손해배상 등의 청구를 당한 경우, ‘모델’이 자신의 비용으로 그 책임을 부담해야 한다."
                }
            },
            {
                "id": "58",
                "format": {
                    "position": {
                        "line": "58"
                    },
                    "section_type": "TEXT",
                    "format_type": "본문",
                    "is_article_title": true,
                    "article": 17,
                    "paragraph": null,
                    "subparagraph": null
                },
                "content": {
                    "content_labels": [
                        "준거법"
                    ],
                    "description": "제17조 【계약의 해석】"
                }
            },
            {
                "id": "59",
                "format": {
                    "position": {
                        "line": "59"
                    },
                    "section_type": "TEXT",
                    "format_type": "본문",
                    "is_article_title": false,
                    "article": 17,
                    "paragraph": null,
                    "subparagraph": null
                },
                "content": {
                    "content_labels": [
                        "준거법"
                    ],
                    "description": "본 계약의 내용 또는 본 계약에 기재되지 않은 사항에 관하여 해석에 이견이 있을 경우에는 계약당사자들이 상호 협의하여 정하며, 그 외의 사항은 민법규정에 따른다."
                }
            },
            {
                "id": "60",
                "format": {
                    "position": {
                        "line": "60"
                    },
                    "section_type": "TEXT",
                    "format_type": "본문",
                    "is_article_title": false,
                    "article": 18,
                    "paragraph": null,
                    "subparagraph": null
                },
                "content": {
                    "content_labels": [
                        "관할법원"
                    ],
                    "description": "제18조 【관할법원】"
                }
            },
            {
                "id": "61",
                "format": {
                    "position": {
                        "line": "61"
                    },
                    "section_type": "TEXT",
                    "format_type": "본문",
                    "is_article_title": false,
                    "article": 18,
                    "paragraph": null,
                    "subparagraph": null
                },
                "content": {
                    "content_labels": [
                        "관할법원"
                    ],
                    "description": "본 계약은 대한민국 법령에 따라 규율 되고 해석되며, 본 계약으로 또는 이로 인한 분쟁 발생시에는 지방법원을 그 관할 법원으로 한다."
                }
            },
            {
                "id": "62",
                "format": {
                    "position": {
                        "line": "62"
                    },
                    "section_type": "TEXT",
                    "format_type": "후문",
                    "is_article_title": false,
                    "article": null,
                    "paragraph": null,
                    "subparagraph": null
                },
                "content": {
                    "content_labels": [
                        "계약서의 교부"
                    ],
                    "description": "'브랜드'과 ‘플랫폼’과 ‘모델’은 위와 같이 계약을 체결하고 이를 증명하기 위해 계약서 2부를 작성하여 계약당사자들이 기명 날인한 후 각각 1부씩 보관한다."
                }
            },
            {
                "id": "63",
                "format": {
                    "position": {
                        "line": "63"
                    },
                    "section_type": "TEXT",
                    "format_type": "날짜",
                    "is_article_title": false,
                    "article": null,
                    "paragraph": null,
                    "subparagraph": null
                },
                "content": {
                    "content_labels": [
                        "계약 체결 일자"
                    ],
                    "description": "20 년 월 00일"
                }
            },
            {
                "id": "64",
                "format": {
                    "position": {
                        "line": "64"
                    },
                    "section_type": "TEXT",
                    "format_type": "기명날인",
                    "is_article_title": false,
                    "article": null,
                    "paragraph": null,
                    "subparagraph": null
                },
                "content": {
                    "content_labels": [
                        "회사의 인적사항"
                    ],
                    "description": "'브랜드'\n주 소 :\n상 호 :\n대 표 자 :\n날 짜 :"
                }
            },
            {
                "id": "65",
                "format": {
                    "position": {
                        "line": "65"
                    },
                    "section_type": "TEXT",
                    "format_type": "기명날인",
                    "is_article_title": false,
                    "article": null,
                    "paragraph": null,
                    "subparagraph": null
                },
                "content": {
                    "content_labels": [
                        "회사의 인적사항",
                        "회사의 기명날인"
                    ],
                    "description": "‘플랫폼’\n주 소 : (@주소)\n상 호 :주식회사 (@회사명)\n대 표 자 : (@성명) 【인】\n날 짜 : 20 년 월 일"
                }
            },
            {
                "id": "66",
                "format": {
                    "position": {
                        "line": "66"
                    },
                    "section_type": "TEXT",
                    "format_type": "기명날인",
                    "is_article_title": false,
                    "article": null,
                    "paragraph": null,
                    "subparagraph": null
                },
                "content": {
                    "content_labels": [
                        "피고용인의 인적사항",
                        "피고용인의 기명날인"
                    ],
                    "description": "'모델'\n주 소 :\n성 명 : 【인】\n날 짜 : 20 년 월 일"
                }
            }
        ]
    }
}