{
    "document": {
        "type": "계약 법률 문서",
        "metadata": {
            "file_info": {
                "document_name": "아르바이트계약서_0015",
                "document_size": "138kb",
                "document_page_count": "3",
                "document_total_ids": "38",
                "document_format": "pdf",
                "document_creation_date": "2024-10-29",
                "document_category": {
                    "main_category": "인사_고용_노무",
                    "sub_category": "고용계약",
                    "detail_category": "아르바이트계약서"
                },
                "additional_info": {
                    "related_law": "근로기준법, 근로기준법 시행령, 최저임금법",
                    "document_purpose": "단기고용 근로자와의 근로조건을 규율하고, 계약 이행을 보장하기 위함",
                    "document_use_case": "소매업, 요식업, 서비스업 등 다양한 산업 분야에서 단기 아르바이트 근로자와의 계약을 체결할 때 활용. 특히 단기 프로젝트, 시즌성 업무, 임시직 채용 시 근로자의 근로 조건을 명확히 하기 위해 사용됨.",
                    "public_domain_sources": null
                }
            }
        },
        "sections": [
            {
                "id": "1",
                "format": {
                    "position": {
                        "line": "1"
                    },
                    "section_type": "TEXT",
                    "format_type": "제목",
                    "is_article_title": false,
                    "article": null,
                    "paragraph": null,
                    "subparagraph": null
                },
                "content": {
                    "content_labels": [
                        "기타"
                    ],
                    "description": "아르바이트 계약서"
                }
            },
            {
                "id": "2",
                "format": {
                    "position": {
                        "line": "2"
                    },
                    "section_type": "TEXT",
                    "format_type": "서문",
                    "is_article_title": false,
                    "article": null,
                    "paragraph": null,
                    "subparagraph": null
                },
                "content": {
                    "content_labels": [
                        "계약의 당사자"
                    ],
                    "description": "(이하 ‘갑’이라 한다)와 (이하 ‘을’이라 한다)은 다음과 같은 조건으로 아르바이트(단기고용)에 대한 계약을 체결한다."
                }
            },
            {
                "id": "3",
                "format": {
                    "position": {
                        "line": "3"
                    },
                    "section_type": "TEXT",
                    "format_type": "본문",
                    "is_article_title": true,
                    "article": 1,
                    "paragraph": null,
                    "subparagraph": null
                },
                "content": {
                    "content_labels": [
                        "기타"
                    ],
                    "description": "제1조 (목적)"
                }
            },
            {
                "id": "4",
                "format": {
                    "position": {
                        "line": "4"
                    },
                    "section_type": "TEXT",
                    "format_type": "본문",
                    "is_article_title": false,
                    "article": 1,
                    "paragraph": null,
                    "subparagraph": null
                },
                "content": {
                    "content_labels": [
                        "기타"
                    ],
                    "description": "이 계약의 목적은 단기고용 근로자와의 근로조건을 규율하기 위함이며, 본 계약서에 명시된 이외의 사항은 단기계약직의 일반관례에 따른다."
                }
            },
            {
                "id": "5",
                "format": {
                    "position": {
                        "line": "5"
                    },
                    "section_type": "TEXT",
                    "format_type": "본문",
                    "is_article_title": true,
                    "article": 2,
                    "paragraph": null,
                    "subparagraph": null
                },
                "content": {
                    "content_labels": [
                        "담당 업무"
                    ],
                    "description": "제2조 (소속 및 업무)"
                }
            },
            {
                "id": "6",
                "format": {
                    "position": {
                        "line": "6"
                    },
                    "section_type": "TEXT",
                    "format_type": "본문",
                    "is_article_title": false,
                    "article": 2,
                    "paragraph": null,
                    "subparagraph": null
                },
                "content": {
                    "content_labels": [
                        "담당 업무"
                    ],
                    "description": "‘을’의 소속은 ‘갑’이며, 담당업무는 이다."
                }
            },
            {
                "id": "7",
                "format": {
                    "position": {
                        "line": "7"
                    },
                    "section_type": "TEXT",
                    "format_type": "본문",
                    "is_article_title": true,
                    "article": 3,
                    "paragraph": null,
                    "subparagraph": null
                },
                "content": {
                    "content_labels": [
                        "기타"
                    ],
                    "description": "제3조 (고용조건)"
                }
            },
            {
                "id": "8",
                "format": {
                    "position": {
                        "line": "8"
                    },
                    "section_type": "TEXT",
                    "format_type": "본문",
                    "is_article_title": false,
                    "article": 3,
                    "paragraph": 1,
                    "subparagraph": null
                },
                "content": {
                    "content_labels": [
                        "근로 계약 기간"
                    ],
                    "description": "① 근무기간은 01.   .   . ∼    .   .(총    개월)이다."
                }
            },
            {
                "id": "9",
                "format": {
                    "position": {
                        "line": "9"
                    },
                    "section_type": "TEXT",
                    "format_type": "본문",
                    "is_article_title": false,
                    "article": 3,
                    "paragraph": 2,
                    "subparagraph": null
                },
                "content": {
                    "content_labels": [
                        "근로 시간"
                    ],
                    "description": "② 근무시간은 1일 8시간으로 하되 ‘갑’ ‘을’ 합의하에 조정할 수 있다."
                }
            },
            {
                "id": "10",
                "format": {
                    "position": {
                        "line": "10"
                    },
                    "section_type": "TEXT",
                    "format_type": "본문",
                    "is_article_title": false,
                    "article": 3,
                    "paragraph": 3,
                    "subparagraph": null
                },
                "content": {
                    "content_labels": [
                        "근무 장소"
                    ],
                    "description": "③ 근무지는 ‘갑’이 지정하는 장소로 한다."
                }
            },
            {
                "id": "11",
                "format": {
                    "position": {
                        "line": "11"
                    },
                    "section_type": "TEXT",
                    "format_type": "본문",
                    "is_article_title": true,
                    "article": 4,
                    "paragraph": null,
                    "subparagraph": null
                },
                "content": {
                    "content_labels": [
                        "기타"
                    ],
                    "description": "제4조 (의무)"
                }
            },
            {
                "id": "12",
                "format": {
                    "position": {
                        "line": "12"
                    },
                    "section_type": "TEXT",
                    "format_type": "본문",
                    "is_article_title": false,
                    "article": 4,
                    "paragraph": 1,
                    "subparagraph": null
                },
                "content": {
                    "content_labels": [
                        "비밀 유지"
                    ],
                    "description": "① ‘을’은 교육 및 업무상 취득한 비밀을 누설하여서는 아니된다."
                }
            },
            {
                "id": "13",
                "format": {
                    "position": {
                        "line": "13"
                    },
                    "section_type": "TEXT",
                    "format_type": "본문",
                    "is_article_title": false,
                    "article": 4,
                    "paragraph": 2,
                    "subparagraph": null
                },
                "content": {
                    "content_labels": [
                        "기타"
                    ],
                    "description": "② ‘을’은 근무기간중 타직업을 겸해서는 안된다."
                }
            },
            {
                "id": "14",
                "format": {
                    "position": {
                        "line": "14"
                    },
                    "section_type": "TEXT",
                    "format_type": "본문",
                    "is_article_title": false,
                    "article": 4,
                    "paragraph": 3,
                    "subparagraph": null
                },
                "content": {
                    "content_labels": [
                        "기타"
                    ],
                    "description": "③ ‘을’은 근로계약기간중 맡은바 업무를 성실히 수행해야 한다."
                }
            },
            {
                "id": "15",
                "format": {
                    "position": {
                        "line": "15"
                    },
                    "section_type": "TEXT",
                    "format_type": "본문",
                    "is_article_title": true,
                    "article": 5,
                    "paragraph": null,
                    "subparagraph": null
                },
                "content": {
                    "content_labels": [
                        "기타"
                    ],
                    "description": "제5조 (분쟁해결)"
                }
            },
            {
                "id": "16",
                "format": {
                    "position": {
                        "line": "16"
                    },
                    "section_type": "TEXT",
                    "format_type": "본문",
                    "is_article_title": false,
                    "article": 5,
                    "paragraph": 1,
                    "subparagraph": null
                },
                "content": {
                    "content_labels": [
                        "기타"
                    ],
                    "description": "1. 본 계약과 관련하여 양 당사자 간의 분쟁이 발생한 경우, 원칙적으로 “갑”과 “을” 상호 간의 합의에 의해 해결한다."
                }
            },
            {
                "id": "17",
                "format": {
                    "position": {
                        "line": "17"
                    },
                    "section_type": "TEXT",
                    "format_type": "본문",
                    "is_article_title": false,
                    "article": 5,
                    "paragraph": 2,
                    "subparagraph": null
                },
                "content": {
                    "content_labels": [
                        "기타"
                    ],
                    "description": "2. 제2항에도 불구하고 분쟁이 해결되지 않을 경우 “갑”의 주소지 관할 지방법원을 그 관할로 하여 재판함으로써 해결한다."
                }
            },
            {
                "id": "18",
                "format": {
                    "position": {
                        "line": "18"
                    },
                    "section_type": "TEXT",
                    "format_type": "본문",
                    "is_article_title": true,
                    "article": 6,
                    "paragraph": null,
                    "subparagraph": null
                },
                "content": {
                    "content_labels": [
                        "임금액"
                    ],
                    "description": "제6조 (보수 및 감봉)"
                }
            },
            {
                "id": "19",
                "format": {
                    "position": {
                        "line": "19"
                    },
                    "section_type": "TEXT",
                    "format_type": "본문",
                    "is_article_title": false,
                    "article": 6,
                    "paragraph": 1,
                    "subparagraph": null
                },
                "content": {
                    "content_labels": [
                        "임금액"
                    ],
                    "description": "① 월 보수액은 [(근무일수×50,000원)+식대+교통비+활동비]로 한다."
                }
            },
            {
                "id": "20",
                "format": {
                    "position": {
                        "line": "20"
                    },
                    "section_type": "TEXT",
                    "format_type": "본문",
                    "is_article_title": false,
                    "article": 6,
                    "paragraph": 1,
                    "subparagraph": null
                },
                "content": {
                    "content_labels": [
                        "임금액"
                    ],
                    "description": "식대는 원/ 일, 교통비 원/ 일, 활동비 원/ 일으로 한다."
                }
            },
            {
                "id": "21",
                "format": {
                    "position": {
                        "line": "21"
                    },
                    "section_type": "TEXT",
                    "format_type": "본문",
                    "is_article_title": false,
                    "article": 6,
                    "paragraph": 2,
                    "subparagraph": null
                },
                "content": {
                    "content_labels": [
                        "임금 지급일"
                    ],
                    "description": "② 보수는 매월 1회씩 지급하며 첫 급여는 입사시점으로부터 30일이 되는 날에 지급하기로 한다."
                }
            },
            {
                "id": "22",
                "format": {
                    "position": {
                        "line": "22"
                    },
                    "section_type": "TEXT",
                    "format_type": "본문",
                    "is_article_title": false,
                    "article": 6,
                    "paragraph": null,
                    "subparagraph": null
                },
                "content": {
                    "content_labels": [
                        "임금액"
                    ],
                    "description": "③ 무단결근하는 경우       원을 급여에서 공제하며, 3회 이상 무단결근하는 경우 해고조치한다."
                }
            },
            {
                "id": "23",
                "format": {
                    "position": {
                        "line": "23"
                    },
                    "section_type": "TEXT",
                    "format_type": "본문",
                    "is_article_title": false,
                    "article": 6,
                    "paragraph": 4,
                    "subparagraph": null
                },
                "content": {
                    "content_labels": [
                        "기타"
                    ],
                    "description": "④ 사전통고 없이 근무지를 이탈하는 경우 해고조치 할 수 있다."
                }
            },
            {
                "id": "24",
                "format": {
                    "position": {
                        "line": "24"
                    },
                    "section_type": "TEXT",
                    "format_type": "본문",
                    "is_article_title": false,
                    "article": 6,
                    "paragraph": 5,
                    "subparagraph": null
                },
                "content": {
                    "content_labels": [
                        "임금액"
                    ],
                    "description": "⑤ 정해진 출근시간으로부터 지각하는 자는    원씩 급여에서 공제한다."
                }
            },
            {
                "id": "25",
                "format": {
                    "position": {
                        "line": "25"
                    },
                    "section_type": "TEXT",
                    "format_type": "본문",
                    "is_article_title": true,
                    "article": 7,
                    "paragraph": null,
                    "subparagraph": null
                },
                "content": {
                    "content_labels": [
                        "기타"
                    ],
                    "description": "제7조 (계약위반 및 해고사유)"
                }
            },
            {
                "id": "26",
                "format": {
                    "position": {
                        "line": "26"
                    },
                    "section_type": "TEXT",
                    "format_type": "본문",
                    "is_article_title": false,
                    "article": 7,
                    "paragraph": 1,
                    "subparagraph": null
                },
                "content": {
                    "content_labels": [
                        "기타"
                    ],
                    "description": "① ‘을’이 합당한 사유없이 업무에 불참할 경우 ‘갑’은 ‘을’을 해고할 수 있다."
                }
            },
            {
                "id": "27",
                "format": {
                    "position": {
                        "line": "27"
                    },
                    "section_type": "TEXT",
                    "format_type": "본문",
                    "is_article_title": false,
                    "article": 7,
                    "paragraph": 2,
                    "subparagraph": null
                },
                "content": {
                    "content_labels": [
                        "임금액"
                    ],
                    "description": "② ‘을’이 개인사정으로 근무시작일로부터 30일이전의 기간내에 업무를 수행할 수 없을 경우에는 보수의 50%를 지급한다."
                }
            },
            {
                "id": "28",
                "format": {
                    "position": {
                        "line": "28"
                    },
                    "section_type": "TEXT",
                    "format_type": "본문",
                    "is_article_title": false,
                    "article": 7,
                    "paragraph": 3,
                    "subparagraph": null
                },
                "content": {
                    "content_labels": [
                        "기타"
                    ],
                    "description": "③ ‘을’은 근로계약기간중 자신의 귀책사유에 의해 ‘갑’이 정한 근무수칙을 이행치 못할 경우 해고 등의 불이익을 받을 수 있다."
                }
            },
            {
                "id": "29",
                "format": {
                    "position": {
                        "line": "29"
                    },
                    "section_type": "TEXT",
                    "format_type": "본문",
                    "is_article_title": true,
                    "article": 8,
                    "paragraph": null,
                    "subparagraph": null
                },
                "content": {
                    "content_labels": [
                        "기타"
                    ],
                    "description": "제8조 (기타 사항)"
                }
            },
            {
                "id": "30",
                "format": {
                    "position": {
                        "line": "30"
                    },
                    "section_type": "TEXT",
                    "format_type": "본문",
                    "is_article_title": false,
                    "article": 8,
                    "paragraph": 1,
                    "subparagraph": null
                },
                "content": {
                    "content_labels": [
                        "근로 계약 기간"
                    ],
                    "description": "① 이 계약서는 ‘갑’‘을’ 합의하에 연장 및 갱신할 수 있다."
                }
            },
            {
                "id": "31",
                "format": {
                    "position": {
                        "line": "31"
                    },
                    "section_type": "TEXT",
                    "format_type": "본문",
                    "is_article_title": false,
                    "article": 8,
                    "paragraph": 2,
                    "subparagraph": null
                },
                "content": {
                    "content_labels": [
                        "기타"
                    ],
                    "description": "② ‘갑’이 회사사정등의 이유로 ‘을’과의 계약을 해지하고자 할 경우에는 15일전까지 통보하여야 한다."
                }
            },
            {
                "id": "32",
                "format": {
                    "position": {
                        "line": "32"
                    },
                    "section_type": "TEXT",
                    "format_type": "본문",
                    "is_article_title": false,
                    "article": 8,
                    "paragraph": 3,
                    "subparagraph": null
                },
                "content": {
                    "content_labels": [
                        "기타"
                    ],
                    "description": "③ ‘을’이 개인사정으로 업무를 수행할 수 없을 때에는 15일전까지 ‘갑’에게 통보하여야 한다."
                }
            },
            {
                "id": "33",
                "format": {
                    "position": {
                        "line": "33"
                    },
                    "section_type": "TEXT",
                    "format_type": "본문",
                    "is_article_title": false,
                    "article": 8,
                    "paragraph": 4,
                    "subparagraph": null
                },
                "content": {
                    "content_labels": [
                        "기타"
                    ],
                    "description": "④ ‘을’의 과실이나 고의로 인해 개인지급물품 및 기물을 훼손, 멸실시켰을 경우 ‘을’의 책임으로 원상복구 또는 변상하여야 한다."
                }
            },
            {
                "id": "34",
                "format": {
                    "position": {
                        "line": "34"
                    },
                    "section_type": "TEXT",
                    "format_type": "본문",
                    "is_article_title": false,
                    "article": 8,
                    "paragraph": 5,
                    "subparagraph": null
                },
                "content": {
                    "content_labels": [
                        "기타"
                    ],
                    "description": "⑤ ‘을’이 근무를 계속할 수 없을때 ‘을’은 ‘갑’으로부터 지급받은 모든 물품을 반납하여야 한다."
                }
            },
            {
                "id": "35",
                "format": {
                    "position": {
                        "line": "35"
                    },
                    "section_type": "TEXT",
                    "format_type": "후문",
                    "is_article_title": false,
                    "article": null,
                    "paragraph": null,
                    "subparagraph": null
                },
                "content": {
                    "content_labels": [
                        "기타"
                    ],
                    "description": "본 계약의 체결을 증빙하기 위해 계약서 2부를 작성하여, 이에 쌍방 기명날인하여"
                }
            },
            {
                "id": "36",
                "format": {
                    "position": {
                        "line": "36"
                    },
                    "section_type": "TEXT",
                    "format_type": "날짜",
                    "is_article_title": false,
                    "article": null,
                    "paragraph": null,
                    "subparagraph": null
                },
                "content": {
                    "content_labels": [
                        "계약 체결 일자"
                    ],
                    "description": "2005년   월   일"
                }
            },
            {
                "id": "37",
                "format": {
                    "position": {
                        "line": "37"
                    },
                    "section_type": "TEXT",
                    "format_type": "기명날인",
                    "is_article_title": false,
                    "article": null,
                    "paragraph": null,
                    "subparagraph": null
                },
                "content": {
                    "content_labels": [
                        "사용자의 인적사항"
                    ],
                    "description": "갑 : (주 소)\n(주민등록번호)\n(성 명)"
                }
            },
            {
                "id": "38",
                "format": {
                    "position": {
                        "line": "38"
                    },
                    "section_type": "TEXT",
                    "format_type": "기명날인",
                    "is_article_title": false,
                    "article": null,
                    "paragraph": null,
                    "subparagraph": null
                },
                "content": {
                    "content_labels": [
                        "근로자의 인적사항"
                    ],
                    "description": "을 : (주 소)\n(주민등록번호)\n(성 명)"
                }
            }
        ]
    }
}