{
    "document": {
        "doc_type": "1009",
        "title": null,
        "status": 4,
        "is_hold": null,
        "page_count": 6,
        "sub_document_count": 53,
        "created_time": "2024-10-28T12:52:18.442",
        "main_category": null,
        "sub_category": null,
        "detail_category": null,
        "related_law": null,
        "purpose": null,
        "use_case": null,
        "sub_documents": [
            {
                "id": 1,
                "type": "TEXT",
                "format_content": "1009AAA",
                "depth": 0,
                "sort_order": 1,
                "article": null,
                "paragraph": null,
                "subParagraph": null,
                "is_article_title": false,
                "content_labels": [
                    "1009025"
                ],
                "note": "",
                "name": null,
                "contents": [
                    {
                        "text": "정규직 근로계약서",
                        "type": null,
                        "rowId": null,
                        "cells": null
                    }
                ],
                "coordinate": null
            },
            {
                "id": 3,
                "type": "TEXT",
                "format_content": "1009AAC",
                "depth": 0,
                "sort_order": 2,
                "article": 1,
                "paragraph": null,
                "subParagraph": null,
                "is_article_title": true,
                "content_labels": [
                    "1009001"
                ],
                "note": "",
                "name": null,
                "contents": [
                    {
                        "text": "제 1 조 (계약당사자)",
                        "type": null,
                        "rowId": null,
                        "cells": null
                    }
                ],
                "coordinate": null
            },
            {
                "id": 2,
                "type": "TEXT",
                "format_content": "1009AAC",
                "depth": 0,
                "sort_order": 3,
                "article": 1,
                "paragraph": null,
                "subParagraph": null,
                "is_article_title": false,
                "content_labels": [
                    "1009001"
                ],
                "note": "",
                "name": null,
                "contents": [
                    {
                        "text": "주식회사 (@회사) (이하 “갑”이라함)과 (@성함1) (이하 “을”이라 함)은 다음과 같이 근로계약을 체결하고, 성실히 이행할 것을 약정한다.",
                        "type": null,
                        "rowId": null,
                        "cells": null
                    }
                ],
                "coordinate": null
            },
            {
                "id": 7,
                "type": "TEXT",
                "format_content": "1009AAC",
                "depth": 0,
                "sort_order": 4,
                "article": 2,
                "paragraph": null,
                "subParagraph": null,
                "is_article_title": true,
                "content_labels": [
                    "1009002"
                ],
                "note": "",
                "name": null,
                "contents": [
                    {
                        "text": "제 2 조 (근로개시일과 근로자의 의무) [필수규정]",
                        "type": null,
                        "rowId": null,
                        "cells": null
                    }
                ],
                "coordinate": null
            },
            {
                "id": 8,
                "type": "TEXT",
                "format_content": "1009AAC",
                "depth": 0,
                "sort_order": 5,
                "article": 2,
                "paragraph": 1,
                "subParagraph": null,
                "is_article_title": false,
                "content_labels": [
                    "1009002"
                ],
                "note": "",
                "name": null,
                "contents": [
                    {
                        "text": "① 근로개시일(입사일)은 (@날짜) 한다.",
                        "type": null,
                        "rowId": null,
                        "cells": null
                    }
                ],
                "coordinate": null
            },
            {
                "id": 9,
                "type": "TEXT",
                "format_content": "1009AAC",
                "depth": 0,
                "sort_order": 6,
                "article": 2,
                "paragraph": 2,
                "subParagraph": null,
                "is_article_title": false,
                "content_labels": [
                    "1009025"
                ],
                "note": "",
                "name": null,
                "contents": [
                    {
                        "text": "② 근로자는 근무기간 동안 사용자의 제규정 및 관계법령을 준수하며 사용자가 지시한 업무를 신의에 따라 성실히 수행하여야 한다.",
                        "type": null,
                        "rowId": null,
                        "cells": null
                    }
                ],
                "coordinate": null
            },
            {
                "id": 11,
                "type": "TEXT",
                "format_content": "1009AAC",
                "depth": 1,
                "sort_order": 7,
                "article": 3,
                "paragraph": null,
                "subParagraph": null,
                "is_article_title": true,
                "content_labels": [
                    "1009020"
                ],
                "note": "",
                "name": null,
                "contents": [
                    {
                        "text": "제3조 (겸업 및 경업 등 금지)",
                        "type": null,
                        "rowId": null,
                        "cells": null
                    }
                ],
                "coordinate": null
            },
            {
                "id": 12,
                "type": "TEXT",
                "format_content": "1009AAC",
                "depth": 2,
                "sort_order": 8,
                "article": 3,
                "paragraph": 1,
                "subParagraph": null,
                "is_article_title": false,
                "content_labels": [
                    "1009020"
                ],
                "note": "",
                "name": null,
                "contents": [
                    {
                        "text": "1. 본 계약에 따른 근로기간 동안 근로자는 회사의 경쟁업체나 경쟁업체의 계열사를 위해 용역을 제공하지 아니하며, 회사가 사전에 서면으로 동의하지 않는 한 회사의 이익에 반하는 어떠한 행위도 하지 아니한다.",
                        "type": null,
                        "rowId": null,
                        "cells": null
                    }
                ],
                "coordinate": null
            },
            {
                "id": 13,
                "type": "TEXT",
                "format_content": "1009AAC",
                "depth": 2,
                "sort_order": 9,
                "article": 3,
                "paragraph": 2,
                "subParagraph": null,
                "is_article_title": false,
                "content_labels": [
                    "1009020",
                    "1009019"
                ],
                "note": "",
                "name": null,
                "contents": [
                    {
                        "text": "2. 근로자는 퇴사 후 1년 간 회사에서 습득한 정보와 기술을 이용하여 동일한 사업 내용의 경쟁 업체에 취업하거나, 이를 기반으로 창업하여 회사에 손해를 끼치는 행위를 하지 않는다.",
                        "type": null,
                        "rowId": null,
                        "cells": null
                    }
                ],
                "coordinate": null
            },
            {
                "id": 14,
                "type": "TEXT",
                "format_content": "1009AAC",
                "depth": 3,
                "sort_order": 10,
                "article": 4,
                "paragraph": null,
                "subParagraph": null,
                "is_article_title": true,
                "content_labels": [
                    "1009003"
                ],
                "note": "",
                "name": null,
                "contents": [
                    {
                        "text": "제 4조 (수습기간)",
                        "type": null,
                        "rowId": null,
                        "cells": null
                    }
                ],
                "coordinate": null
            },
            {
                "id": 16,
                "type": "TEXT",
                "format_content": "1009AAC",
                "depth": 3,
                "sort_order": 11,
                "article": 4,
                "paragraph": 1,
                "subParagraph": null,
                "is_article_title": false,
                "content_labels": [
                    "1009003"
                ],
                "note": "",
                "name": null,
                "contents": [
                    {
                        "text": "① 사용자는 근로자의 업무수행능력, 업무적격성 등을 판단하기 위하여 3 개월간의 수습기간을 둔다.",
                        "type": null,
                        "rowId": null,
                        "cells": null
                    }
                ],
                "coordinate": null
            },
            {
                "id": 18,
                "type": "TEXT",
                "format_content": "1009AAC",
                "depth": 3,
                "sort_order": 12,
                "article": 4,
                "paragraph": 2,
                "subParagraph": null,
                "is_article_title": false,
                "content_labels": [
                    "1009003"
                ],
                "note": "",
                "name": null,
                "contents": [
                    {
                        "text": "② 사용자는 제1항의 수습기간 동안 근로자가 업무수행에 부적합하다고 판단하거나, 회사에 손해를 초래할 수 있는 문제를 유발한 경우 본채용을 거부할 수 있다.",
                        "type": null,
                        "rowId": null,
                        "cells": null
                    }
                ],
                "coordinate": null
            },
            {
                "id": 20,
                "type": "TEXT",
                "format_content": "1009AAC",
                "depth": 4,
                "sort_order": 13,
                "article": 5,
                "paragraph": null,
                "subParagraph": null,
                "is_article_title": true,
                "content_labels": [
                    "1009006",
                    "1009007"
                ],
                "note": "",
                "name": null,
                "contents": [
                    {
                        "text": "제 5 조 (근로시간 및 휴게시간) [필수규정]",
                        "type": null,
                        "rowId": null,
                        "cells": null
                    }
                ],
                "coordinate": null
            },
            {
                "id": 22,
                "type": "TEXT",
                "format_content": "1009AAC",
                "depth": 4,
                "sort_order": 14,
                "article": 5,
                "paragraph": 1,
                "subParagraph": null,
                "is_article_title": false,
                "content_labels": [
                    "1009006",
                    "1009007"
                ],
                "note": "",
                "name": null,
                "contents": [
                    {
                        "text": "① 근로시간 및 휴게시간은 다음과 같이 적용한다. 단, 사용자는 업무의 특성 또는 사업장 사정에 따라 필요한 경우 이를 변경할 수 있다.",
                        "type": null,
                        "rowId": null,
                        "cells": null
                    }
                ],
                "coordinate": null
            },
            {
                "id": 24,
                "type": "TEXT",
                "format_content": "1009AAC",
                "depth": 5,
                "sort_order": 15,
                "article": 5,
                "paragraph": 1,
                "subParagraph": null,
                "is_article_title": false,
                "content_labels": [
                    "1009006",
                    "1009007"
                ],
                "note": "",
                "name": null,
                "contents": [
                    {
                        "text": "소정근로일 : 월요일 ~ 금요일 (주 5일)\n출퇴근시간 : 09:00 ~ 18:00\n휴게시간 : 12:00 ~ 13:00",
                        "type": null,
                        "rowId": null,
                        "cells": null
                    }
                ],
                "coordinate": null
            },
            {
                "id": 25,
                "type": "TEXT",
                "format_content": "1009AAC",
                "depth": 4,
                "sort_order": 16,
                "article": 5,
                "paragraph": 2,
                "subParagraph": null,
                "is_article_title": false,
                "content_labels": [
                    "1009008",
                    "1009006"
                ],
                "note": "",
                "name": null,
                "contents": [
                    {
                        "text": "② 제 ①항에 명시된 시간 외에 “갑”은 “을”에게 업무상의 필요에 의하여 연장근로, 야간근로 및 휴일근로를 명할 수 있으며 “을”은 이에 포괄적으로 합의한 것으로 본다.",
                        "type": null,
                        "rowId": null,
                        "cells": null
                    }
                ],
                "coordinate": null
            },
            {
                "id": 27,
                "type": "TEXT",
                "format_content": "1009AAC",
                "depth": 4,
                "sort_order": 17,
                "article": 5,
                "paragraph": 3,
                "subParagraph": null,
                "is_article_title": false,
                "content_labels": [
                    "1009006",
                    "1009008",
                    "1009015",
                    "1009033"
                ],
                "note": "",
                "name": null,
                "contents": [
                    {
                        "text": "③ 사용자는 제1항의 소정근로시간 외 연장, 야간 및 휴일근로가 발생한 경우 근로기준법 제57조(보상휴가제)에 따라 근로자대표와의 서면합의를 통해 임금을 지급하는 것을 갈음하여 휴가를 조(보상휴가제)에 따라 근로자대표와의 서면합의를 통해 임금을 지급하는 것을 갈음하여 휴가를 줄 수 있다.",
                        "type": null,
                        "rowId": null,
                        "cells": null
                    }
                ],
                "coordinate": null
            },
            {
                "id": 30,
                "type": "TEXT",
                "format_content": "1009AAC",
                "depth": 5,
                "sort_order": 18,
                "article": 6,
                "paragraph": null,
                "subParagraph": null,
                "is_article_title": true,
                "content_labels": [
                    "1009014"
                ],
                "note": "",
                "name": null,
                "contents": [
                    {
                        "text": "제 6 조 (휴일) [필수규정]",
                        "type": null,
                        "rowId": null,
                        "cells": null
                    }
                ],
                "coordinate": null
            },
            {
                "id": 32,
                "type": "TEXT",
                "format_content": "1009AAC",
                "depth": 5,
                "sort_order": 19,
                "article": 6,
                "paragraph": 1,
                "subParagraph": null,
                "is_article_title": false,
                "content_labels": [
                    "1009014"
                ],
                "note": "",
                "name": null,
                "contents": [
                    {
                        "text": "① 주휴일과 근로자의 날(5월 1일)은 유급휴일로 한다.",
                        "type": null,
                        "rowId": null,
                        "cells": null
                    }
                ],
                "coordinate": null
            },
            {
                "id": 33,
                "type": "TEXT",
                "format_content": "1009AAC",
                "depth": 5,
                "sort_order": 20,
                "article": 6,
                "paragraph": 2,
                "subParagraph": null,
                "is_article_title": false,
                "content_labels": [
                    "1009014"
                ],
                "note": "",
                "name": null,
                "contents": [
                    {
                        "text": "② 주휴일은 일요일로 한다. 단, 근로자가 1주 동안 제4조 제1항의 소정근로일을 개근한 경우에 한하여 주휴일을 유급으로 부여한다.",
                        "type": null,
                        "rowId": null,
                        "cells": null
                    }
                ],
                "coordinate": null
            },
            {
                "id": 35,
                "type": "TEXT",
                "format_content": "1009AAC",
                "depth": 5,
                "sort_order": 21,
                "article": 6,
                "paragraph": 3,
                "subParagraph": null,
                "is_article_title": false,
                "content_labels": [
                    "1009014",
                    "1009008"
                ],
                "note": "",
                "name": null,
                "contents": [
                    {
                        "text": "③ 제1항의 주휴일은 회사의 운영상황 및 업무 스케쥴을 고려하여 조정할 수 있으며, 조정 시에는 사전에 공지한다.",
                        "type": null,
                        "rowId": null,
                        "cells": null
                    }
                ],
                "coordinate": null
            },
            {
                "id": 37,
                "type": "TEXT",
                "format_content": "1009AAC",
                "depth": 5,
                "sort_order": 22,
                "article": 6,
                "paragraph": 4,
                "subParagraph": null,
                "is_article_title": false,
                "content_labels": [
                    "1009014"
                ],
                "note": "",
                "name": null,
                "contents": [
                    {
                        "text": "④ 주휴일과 근로자의 날이 중복되는 경우 1일의 휴일로 처리한다.",
                        "type": null,
                        "rowId": null,
                        "cells": null
                    }
                ],
                "coordinate": null
            },
            {
                "id": 38,
                "type": "TEXT",
                "format_content": "1009AAC",
                "depth": 5,
                "sort_order": 23,
                "article": 6,
                "paragraph": 5,
                "subParagraph": null,
                "is_article_title": false,
                "content_labels": [
                    "1009014"
                ],
                "note": "",
                "name": null,
                "contents": [
                    {
                        "text": "⑤ 기타 직장이 직종별로 업무사정을 고려하여 휴일을 부여할 수 있다.",
                        "type": null,
                        "rowId": null,
                        "cells": null
                    }
                ],
                "coordinate": null
            },
            {
                "id": 39,
                "type": "TEXT",
                "format_content": "1009AAC",
                "depth": 6,
                "sort_order": 24,
                "article": 7,
                "paragraph": null,
                "subParagraph": null,
                "is_article_title": true,
                "content_labels": [
                    "1009015"
                ],
                "note": "",
                "name": null,
                "contents": [
                    {
                        "text": "제 7 조 (연차유급휴가) [필수규정]",
                        "type": null,
                        "rowId": null,
                        "cells": null
                    }
                ],
                "coordinate": null
            },
            {
                "id": 41,
                "type": "TEXT",
                "format_content": "1009AAC",
                "depth": 6,
                "sort_order": 25,
                "article": 7,
                "paragraph": 1,
                "subParagraph": null,
                "is_article_title": false,
                "content_labels": [
                    "1009015",
                    "1009033"
                ],
                "note": "",
                "name": null,
                "contents": [
                    {
                        "text": "① 연차유급휴가는 근로기준법에 따라 부여한다.",
                        "type": null,
                        "rowId": null,
                        "cells": null
                    }
                ],
                "coordinate": null
            },
            {
                "id": 42,
                "type": "TEXT",
                "format_content": "1009AAC",
                "depth": 6,
                "sort_order": 26,
                "article": 7,
                "paragraph": 2,
                "subParagraph": null,
                "is_article_title": false,
                "content_labels": [
                    "1009015",
                    "1009033"
                ],
                "note": "",
                "name": null,
                "contents": [
                    {
                        "text": "② 제1항의 연차유급휴가와 관련하여 사용자는 근로기준법 제61조(연차유급휴가 사용촉진)과 근로기준법 제62조(유급휴가의 대체)를 실시할 수 있다.",
                        "type": null,
                        "rowId": null,
                        "cells": null
                    }
                ],
                "coordinate": null
            },
            {
                "id": 44,
                "type": "TEXT",
                "format_content": "1009AAC",
                "depth": 7,
                "sort_order": 27,
                "article": 8,
                "paragraph": null,
                "subParagraph": null,
                "is_article_title": true,
                "content_labels": [
                    "1009009"
                ],
                "note": "",
                "name": null,
                "contents": [
                    {
                        "text": "제 8 조 (임금) [필수규정]",
                        "type": null,
                        "rowId": null,
                        "cells": null
                    }
                ],
                "coordinate": null
            },
            {
                "id": 46,
                "type": "TEXT",
                "format_content": "1009AAC",
                "depth": 7,
                "sort_order": 28,
                "article": 8,
                "paragraph": 1,
                "subParagraph": null,
                "is_article_title": false,
                "content_labels": [
                    "1009009"
                ],
                "note": "",
                "name": null,
                "contents": [
                    {
                        "text": "① 월 급여는 각종 보험료, 제세금 등을 공제한 금액을 금 (@금액) 원(KRW)으로 한다.",
                        "type": null,
                        "rowId": null,
                        "cells": null
                    }
                ],
                "coordinate": null
            },
            {
                "id": 47,
                "type": "TEXT",
                "format_content": "1009AAC",
                "depth": 7,
                "sort_order": 29,
                "article": 8,
                "paragraph": 2,
                "subParagraph": null,
                "is_article_title": false,
                "content_labels": [
                    "1009011"
                ],
                "note": "",
                "name": null,
                "contents": [
                    {
                        "text": "②임금의 지급은 매월 1일부터 말일까지 기산하여 20일에 근로자 명의의 금융계좌로 지급하며 지급일이 휴일인 경우에는 순차적으로 그 전일에 지급함을 원칙으로 한다. 단, 근로자가 원하는 경우 직접 지급할 수 있다.",
                        "type": null,
                        "rowId": null,
                        "cells": null
                    }
                ],
                "coordinate": null
            },
            {
                "id": 50,
                "type": "TEXT",
                "format_content": "1009AAC",
                "depth": 8,
                "sort_order": 30,
                "article": 8,
                "paragraph": 3,
                "subParagraph": null,
                "is_article_title": false,
                "content_labels": [
                    "1009009",
                    "1009021"
                ],
                "note": "",
                "name": null,
                "contents": [
                    {
                        "text": "③근로자는 본인 및 타인의 임금에 관한 사항에 대하여 동료 등 타인에게 누설하여서는 아니된다.",
                        "type": null,
                        "rowId": null,
                        "cells": null
                    }
                ],
                "coordinate": null
            },
            {
                "id": 51,
                "type": "TEXT",
                "format_content": "1009AAC",
                "depth": 7,
                "sort_order": 31,
                "article": 8,
                "paragraph": 4,
                "subParagraph": null,
                "is_article_title": false,
                "content_labels": [
                    "1009017",
                    "1009009"
                ],
                "note": "",
                "name": null,
                "contents": [
                    {
                        "text": "④ 퇴직금은 지급 임금 액에 포함되지 않는다.",
                        "type": null,
                        "rowId": null,
                        "cells": null
                    }
                ],
                "coordinate": null
            },
            {
                "id": 52,
                "type": "TEXT",
                "format_content": "1009AAC",
                "depth": 7,
                "sort_order": 32,
                "article": null,
                "paragraph": null,
                "subParagraph": null,
                "is_article_title": true,
                "content_labels": [
                    "1009017",
                    "1009016"
                ],
                "note": "",
                "name": null,
                "contents": [
                    {
                        "text": "제 9 조 (퇴직 및 퇴직 급여)",
                        "type": null,
                        "rowId": null,
                        "cells": null
                    }
                ],
                "coordinate": null
            },
            {
                "id": 54,
                "type": "TEXT",
                "format_content": "1009AAC",
                "depth": 8,
                "sort_order": 33,
                "article": 9,
                "paragraph": 1,
                "subParagraph": null,
                "is_article_title": false,
                "content_labels": [
                    "1009016"
                ],
                "note": "",
                "name": null,
                "contents": [
                    {
                        "text": "① 근로자가 퇴직하고자 할 때에는 퇴직예정일 30일 이전까지 사용자에게 통보하여야 하며 퇴직일까지 업무 인수인계를 충실히 거쳐야 한다.",
                        "type": null,
                        "rowId": null,
                        "cells": null
                    }
                ],
                "coordinate": null
            },
            {
                "id": 56,
                "type": "TEXT",
                "format_content": "1009AAC",
                "depth": 8,
                "sort_order": 34,
                "article": 9,
                "paragraph": 2,
                "subParagraph": null,
                "is_article_title": false,
                "content_labels": [
                    "1009016",
                    "1009019"
                ],
                "note": "",
                "name": null,
                "contents": [
                    {
                        "text": "② 근로자는 제1항의 기간을 위반한 일방적 퇴직 혹은 불성실한 업무 인수인계 등으로 인하여 사용자에게 손해를 끼친 경우에는 근로자는 민ㆍ형사상의 책임을 진다.",
                        "type": null,
                        "rowId": null,
                        "cells": null
                    }
                ],
                "coordinate": null
            },
            {
                "id": 58,
                "type": "TEXT",
                "format_content": "1009AAC",
                "depth": 8,
                "sort_order": 35,
                "article": 9,
                "paragraph": 3,
                "subParagraph": null,
                "is_article_title": false,
                "content_labels": [
                    "1009017"
                ],
                "note": "",
                "name": null,
                "contents": [
                    {
                        "text": "③ 사용자는 근로자 퇴직 시 계속근로연수 1년에 대하여 30일분의 평균임금을 퇴직금으로 지급 한다. 단, 사용자는 퇴직급여제도 중 하나로 퇴직연금제도를 도입할 수 있으며 이 경우 퇴직급여와 관련된 사항은 퇴직연금규약에 따른다.",
                        "type": null,
                        "rowId": null,
                        "cells": null
                    }
                ],
                "coordinate": null
            },
            {
                "id": 61,
                "type": "TEXT",
                "format_content": "1009AAC",
                "depth": 9,
                "sort_order": 36,
                "article": 10,
                "paragraph": null,
                "subParagraph": null,
                "is_article_title": true,
                "content_labels": [
                    "1009021"
                ],
                "note": "",
                "name": null,
                "contents": [
                    {
                        "text": "제 10 조 (비밀유지의무)",
                        "type": null,
                        "rowId": null,
                        "cells": null
                    }
                ],
                "coordinate": null
            },
            {
                "id": 63,
                "type": "TEXT",
                "format_content": "1009AAC",
                "depth": 9,
                "sort_order": 37,
                "article": 10,
                "paragraph": 1,
                "subParagraph": null,
                "is_article_title": false,
                "content_labels": [
                    "1009021",
                    "1009018"
                ],
                "note": "",
                "name": null,
                "contents": [
                    {
                        "text": "① 근로자는 재직 중이나 퇴직 후라도 업무상 취득한 비밀을 누설하여서는 아니된다.",
                        "type": null,
                        "rowId": null,
                        "cells": null
                    }
                ],
                "coordinate": null
            },
            {
                "id": 64,
                "type": "TEXT",
                "format_content": "1009AAC",
                "depth": 9,
                "sort_order": 38,
                "article": 10,
                "paragraph": 2,
                "subParagraph": null,
                "is_article_title": false,
                "content_labels": [
                    "1009018",
                    "1009021"
                ],
                "note": "",
                "name": null,
                "contents": [
                    {
                        "text": "② 근로자는 재직 중이나 퇴직 후라도 업무상 취득한 회사 및 고객에 대한 정보 및 비밀을 누설 하거나 개인적인 용도로 사용하여서는 아니된다.",
                        "type": null,
                        "rowId": null,
                        "cells": null
                    }
                ],
                "coordinate": null
            },
            {
                "id": 66,
                "type": "TEXT",
                "format_content": "1009AAC",
                "depth": 9,
                "sort_order": 39,
                "article": 10,
                "paragraph": 3,
                "subParagraph": null,
                "is_article_title": false,
                "content_labels": [
                    "1009021",
                    "1009019"
                ],
                "note": "",
                "name": null,
                "contents": [
                    {
                        "text": "③ 근로자가 고의 또는 과실로 제1항 내지 제2항을 위반하여 사용자에게 손해를 끼친 경우에는 민ㆍ형사상의 책임을 진다.",
                        "type": null,
                        "rowId": null,
                        "cells": null
                    }
                ],
                "coordinate": null
            },
            {
                "id": 68,
                "type": "TEXT",
                "format_content": "1009AAC",
                "depth": 10,
                "sort_order": 40,
                "article": 11,
                "paragraph": null,
                "subParagraph": null,
                "is_article_title": true,
                "content_labels": [
                    "1009018"
                ],
                "note": "",
                "name": null,
                "contents": [
                    {
                        "text": "제 11 조 (근로계약 해지사유)",
                        "type": null,
                        "rowId": null,
                        "cells": null
                    }
                ],
                "coordinate": null
            },
            {
                "id": 70,
                "type": "TEXT",
                "format_content": "1009AAC",
                "depth": 10,
                "sort_order": 41,
                "article": 11,
                "paragraph": null,
                "subParagraph": null,
                "is_article_title": false,
                "content_labels": [
                    "1009018"
                ],
                "note": "",
                "name": null,
                "contents": [
                    {
                        "text": "사용자는 다음 각 호의 사유가 있을 때에는 근로자와의 근로계약을 해지할 수 있다.",
                        "type": null,
                        "rowId": null,
                        "cells": null
                    }
                ],
                "coordinate": null
            },
            {
                "id": 71,
                "type": "TEXT",
                "format_content": "1009AAC",
                "depth": 10,
                "sort_order": 42,
                "article": 11,
                "paragraph": 1,
                "subParagraph": null,
                "is_article_title": false,
                "content_labels": [
                    "1009018"
                ],
                "note": "",
                "name": null,
                "contents": [
                    {
                        "text": "1. 취업규칙 또는 정당한 업무명령을 위반하여 해고된 경우",
                        "type": null,
                        "rowId": null,
                        "cells": null
                    }
                ],
                "coordinate": null
            },
            {
                "id": 72,
                "type": "TEXT",
                "format_content": "1009AAC",
                "depth": 10,
                "sort_order": 43,
                "article": 11,
                "paragraph": 2,
                "subParagraph": null,
                "is_article_title": false,
                "content_labels": [
                    "1009018"
                ],
                "note": "",
                "name": null,
                "contents": [
                    {
                        "text": "2. 학력, 경력을 위조하여 허위로 입사한 경우",
                        "type": null,
                        "rowId": null,
                        "cells": null
                    }
                ],
                "coordinate": null
            },
            {
                "id": 73,
                "type": "TEXT",
                "format_content": "1009AAC",
                "depth": 10,
                "sort_order": 44,
                "article": 11,
                "paragraph": 3,
                "subParagraph": null,
                "is_article_title": false,
                "content_labels": [
                    "1009018"
                ],
                "note": "",
                "name": null,
                "contents": [
                    {
                        "text": "3. 정당한 사유 없이 무단으로 조퇴 또는 외출, 결근을 지속적으로 반복하는 경우",
                        "type": null,
                        "rowId": null,
                        "cells": null
                    }
                ],
                "coordinate": null
            },
            {
                "id": 74,
                "type": "TEXT",
                "format_content": "1009AAC",
                "depth": 10,
                "sort_order": 45,
                "article": 11,
                "paragraph": 4,
                "subParagraph": null,
                "is_article_title": false,
                "content_labels": [
                    "1009018"
                ],
                "note": "",
                "name": null,
                "contents": [
                    {
                        "text": "4. 근로자의 일신상의 사유로 정상적인 근로제공이 불가능한 경우",
                        "type": null,
                        "rowId": null,
                        "cells": null
                    }
                ],
                "coordinate": null
            },
            {
                "id": 75,
                "type": "TEXT",
                "format_content": "1009AAC",
                "depth": 10,
                "sort_order": 46,
                "article": 11,
                "paragraph": 5,
                "subParagraph": null,
                "is_article_title": false,
                "content_labels": [
                    "1009018"
                ],
                "note": "",
                "name": null,
                "contents": [
                    {
                        "text": "5. 기타 법령 및 사회상규를 위반하여 사회통념상 계속적으로 근로관계를 유지하기 어려운 경우",
                        "type": null,
                        "rowId": null,
                        "cells": null
                    }
                ],
                "coordinate": null
            },
            {
                "id": 76,
                "type": "TEXT",
                "format_content": "1009AAC",
                "depth": 10,
                "sort_order": 47,
                "article": 12,
                "paragraph": null,
                "subParagraph": null,
                "is_article_title": true,
                "content_labels": [
                    "1009025"
                ],
                "note": "",
                "name": null,
                "contents": [
                    {
                        "text": "제 11 조 (기타)",
                        "type": null,
                        "rowId": null,
                        "cells": null
                    }
                ],
                "coordinate": null
            },
            {
                "id": 78,
                "type": "TEXT",
                "format_content": "1009AAC",
                "depth": 11,
                "sort_order": 48,
                "article": 12,
                "paragraph": null,
                "subParagraph": null,
                "is_article_title": false,
                "content_labels": [
                    "1009033"
                ],
                "note": "",
                "name": null,
                "contents": [
                    {
                        "text": "기타 본 계약에 명시되지 않은 사항은 근로기준법 등 노동관계법령, 취업규칙, 기타 제규정이 정하는 바에 따른다.",
                        "type": null,
                        "rowId": null,
                        "cells": null
                    }
                ],
                "coordinate": null
            },
            {
                "id": 80,
                "type": "TEXT",
                "format_content": "1009AAC",
                "depth": 11,
                "sort_order": 49,
                "article": 13,
                "paragraph": null,
                "subParagraph": null,
                "is_article_title": true,
                "content_labels": [
                    "1009023"
                ],
                "note": "",
                "name": null,
                "contents": [
                    {
                        "text": "제 13 조 (근로계약서의 교부)",
                        "type": null,
                        "rowId": null,
                        "cells": null
                    }
                ],
                "coordinate": null
            },
            {
                "id": 82,
                "type": "TEXT",
                "format_content": "1009AAC",
                "depth": 11,
                "sort_order": 50,
                "article": 13,
                "paragraph": null,
                "subParagraph": null,
                "is_article_title": false,
                "content_labels": [
                    "1009023"
                ],
                "note": "",
                "name": null,
                "contents": [
                    {
                        "text": "사용자는 근로자와 본 근로계약을 체결함과 동시에 근로계약서 2부를 작성하여 1부를 근로자에게 교부한다.",
                        "type": null,
                        "rowId": null,
                        "cells": null
                    }
                ],
                "coordinate": null
            },
            {
                "id": 84,
                "type": "TEXT",
                "format_content": "1009AAD",
                "depth": 11,
                "sort_order": 51,
                "article": null,
                "paragraph": null,
                "subParagraph": null,
                "is_article_title": false,
                "content_labels": [
                    "1009025"
                ],
                "note": "",
                "name": null,
                "contents": [
                    {
                        "text": "(근로자 (@성함1) 은(는) 본 근로계약서를 교부받았음을 확인합니다.)",
                        "type": null,
                        "rowId": null,
                        "cells": null
                    }
                ],
                "coordinate": null
            },
            {
                "id": 85,
                "type": "TEXT",
                "format_content": "1009AAF",
                "depth": 11,
                "sort_order": 52,
                "article": null,
                "paragraph": null,
                "subParagraph": null,
                "is_article_title": false,
                "content_labels": [
                    "1009027",
                    "1009028"
                ],
                "note": "",
                "name": null,
                "contents": [
                    {
                        "text": "사용자(회사)\n주식회사 (@회사)\n대표자  (@성함2) (인)",
                        "type": null,
                        "rowId": null,
                        "cells": null
                    }
                ],
                "coordinate": null
            },
            {
                "id": 86,
                "type": "TEXT",
                "format_content": "1009AAF",
                "depth": 11,
                "sort_order": 53,
                "article": null,
                "paragraph": null,
                "subParagraph": null,
                "is_article_title": false,
                "content_labels": [
                    "1009030"
                ],
                "note": "",
                "name": null,
                "contents": [
                    {
                        "text": "근로자\n성명 : (@성함1) (인)",
                        "type": null,
                        "rowId": null,
                        "cells": null
                    }
                ],
                "coordinate": null
            }
        ]
    }
}