{
    "document": {
        "doc_type": "1009",
        "title": null,
        "status": 4,
        "is_hold": null,
        "page_count": 4,
        "sub_document_count": 47,
        "created_time": "2024-10-29T16:13:13.311",
        "main_category": null,
        "sub_category": null,
        "detail_category": null,
        "related_law": null,
        "purpose": null,
        "use_case": null,
        "sub_documents": [
            {
                "id": 1,
                "type": "TEXT",
                "format_content": "1009AAA",
                "depth": 0,
                "sort_order": 1,
                "article": null,
                "paragraph": null,
                "subParagraph": null,
                "is_article_title": false,
                "content_labels": [
                    "1009025"
                ],
                "note": "",
                "name": null,
                "contents": [
                    {
                        "text": "요리사 근로계약서",
                        "type": null,
                        "rowId": null,
                        "cells": null
                    }
                ],
                "coordinate": null
            },
            {
                "id": 2,
                "type": "TEXT",
                "format_content": "1009AAB",
                "depth": 0,
                "sort_order": 2,
                "article": null,
                "paragraph": null,
                "subParagraph": null,
                "is_article_title": false,
                "content_labels": [
                    "1009001"
                ],
                "note": "",
                "name": null,
                "contents": [
                    {
                        "text": "대한민국의 (대표 - 이하 “갑”)와 중화인민공화국의 ( - 이하 “을”)은/는 평등호례의 기초상에서 “을”은 “갑”의 요구에 따라 한국에 입국하여 요리사 직무를 담당함에 대하여 동의하므로 우호 협상을 거쳐 다음과 같이 고용계약을 체결한다.",
                        "type": null,
                        "rowId": null,
                        "cells": null
                    }
                ],
                "coordinate": null
            },
            {
                "id": 3,
                "type": "TEXT",
                "format_content": "1009AAC",
                "depth": 0,
                "sort_order": 3,
                "article": 1,
                "paragraph": null,
                "subParagraph": null,
                "is_article_title": true,
                "content_labels": [
                    "1009009"
                ],
                "note": "",
                "name": null,
                "contents": [
                    {
                        "text": "제1조 (급여 수준)",
                        "type": null,
                        "rowId": null,
                        "cells": null
                    }
                ],
                "coordinate": null
            },
            {
                "id": 4,
                "type": "TEXT",
                "format_content": "1009AAC",
                "depth": 1,
                "sort_order": 4,
                "article": 1,
                "paragraph": 1,
                "subParagraph": null,
                "is_article_title": false,
                "content_labels": [
                    "1009009"
                ],
                "note": "",
                "name": null,
                "contents": [
                    {
                        "text": "1) 갑은 을에게 매월 한화 (@금액)원으로 한다.",
                        "type": null,
                        "rowId": null,
                        "cells": null
                    }
                ],
                "coordinate": null
            },
            {
                "id": 5,
                "type": "TEXT",
                "format_content": "1009AAC",
                "depth": 1,
                "sort_order": 5,
                "article": 1,
                "paragraph": 2,
                "subParagraph": null,
                "is_article_title": false,
                "content_labels": [
                    "1009009"
                ],
                "note": "",
                "name": null,
                "contents": [
                    {
                        "text": "2) 1년 근무가 종료할 때 마다 월 급여는 갑과 을이 합의하여 조정할 수 있다.",
                        "type": null,
                        "rowId": null,
                        "cells": null
                    }
                ],
                "coordinate": null
            },
            {
                "id": 6,
                "type": "TEXT",
                "format_content": "1009AAC",
                "depth": 0,
                "sort_order": 6,
                "article": 2,
                "paragraph": null,
                "subParagraph": null,
                "is_article_title": true,
                "content_labels": [
                    "1009023"
                ],
                "note": "",
                "name": null,
                "contents": [
                    {
                        "text": "제2조 (근로계약서의 교부)",
                        "type": null,
                        "rowId": null,
                        "cells": null
                    }
                ],
                "coordinate": null
            },
            {
                "id": 7,
                "type": "TEXT",
                "format_content": "1009AAC",
                "depth": 1,
                "sort_order": 7,
                "article": 2,
                "paragraph": null,
                "subParagraph": null,
                "is_article_title": false,
                "content_labels": [
                    "1009023"
                ],
                "note": "",
                "name": null,
                "contents": [
                    {
                        "text": "“갑”은 “을”과 본 근로계약을 체결함과 동시에 근로계약서 2부를 작성하여 1부를 “을”에게 교부한다.",
                        "type": null,
                        "rowId": null,
                        "cells": null
                    }
                ],
                "coordinate": null
            },
            {
                "id": 8,
                "type": "TEXT",
                "format_content": "1009AAC",
                "depth": 0,
                "sort_order": 8,
                "article": 3,
                "paragraph": null,
                "subParagraph": null,
                "is_article_title": true,
                "content_labels": [
                    "1009006",
                    "1009015"
                ],
                "note": "",
                "name": null,
                "contents": [
                    {
                        "text": "제3조 (근무시간, 휴가 및 연장 근무)",
                        "type": null,
                        "rowId": null,
                        "cells": null
                    }
                ],
                "coordinate": null
            },
            {
                "id": 9,
                "type": "TEXT",
                "format_content": "1009AAC",
                "depth": 1,
                "sort_order": 9,
                "article": 3,
                "paragraph": 1,
                "subParagraph": null,
                "is_article_title": false,
                "content_labels": [
                    "1009006",
                    "1009014"
                ],
                "note": "",
                "name": null,
                "contents": [
                    {
                        "text": "1) 을의 규정된 일 근무 시간은 12시간으로 하며 1개월에 2일은 휴무일로 한다.",
                        "type": null,
                        "rowId": null,
                        "cells": null
                    }
                ],
                "coordinate": null
            },
            {
                "id": 10,
                "type": "TEXT",
                "format_content": "1009AAC",
                "depth": 1,
                "sort_order": 10,
                "article": 3,
                "paragraph": 2,
                "subParagraph": null,
                "is_article_title": false,
                "content_labels": [
                    "1009015"
                ],
                "note": "",
                "name": null,
                "contents": [
                    {
                        "text": "2) 갑은 을에게 유급휴가일로 1년 휴가는 회사 규정에 따른다.",
                        "type": null,
                        "rowId": null,
                        "cells": null
                    }
                ],
                "coordinate": null
            },
            {
                "id": 11,
                "type": "TEXT",
                "format_content": "1009AAC",
                "depth": 0,
                "sort_order": 11,
                "article": 4,
                "paragraph": null,
                "subParagraph": null,
                "is_article_title": true,
                "content_labels": [
                    "1009025"
                ],
                "note": "",
                "name": null,
                "contents": [
                    {
                        "text": "제4조 (숙소 및 식사)",
                        "type": null,
                        "rowId": null,
                        "cells": null
                    }
                ],
                "coordinate": null
            },
            {
                "id": 12,
                "type": "TEXT",
                "format_content": "1009AAC",
                "depth": 1,
                "sort_order": 12,
                "article": 4,
                "paragraph": null,
                "subParagraph": null,
                "is_article_title": false,
                "content_labels": [
                    "1009025"
                ],
                "note": "",
                "name": null,
                "contents": [
                    {
                        "text": "갑은 을에 대하여 침식 일체를 제공하며 상시 건강관리에 책임을 다한다.",
                        "type": null,
                        "rowId": null,
                        "cells": null
                    }
                ],
                "coordinate": null
            },
            {
                "id": 13,
                "type": "TEXT",
                "format_content": "1009AAC",
                "depth": 0,
                "sort_order": 13,
                "article": 5,
                "paragraph": null,
                "subParagraph": null,
                "is_article_title": true,
                "content_labels": [
                    "1009002"
                ],
                "note": "",
                "name": null,
                "contents": [
                    {
                        "text": "제5조 (계약기간)",
                        "type": null,
                        "rowId": null,
                        "cells": null
                    }
                ],
                "coordinate": null
            },
            {
                "id": 14,
                "type": "TEXT",
                "format_content": "1009AAC",
                "depth": 1,
                "sort_order": 14,
                "article": 5,
                "paragraph": 1,
                "subParagraph": null,
                "is_article_title": false,
                "content_labels": [
                    "1009002"
                ],
                "note": "",
                "name": null,
                "contents": [
                    {
                        "text": "1) 한국 내 계약기간은 1년으로 한다.",
                        "type": null,
                        "rowId": null,
                        "cells": null
                    }
                ],
                "coordinate": null
            },
            {
                "id": 15,
                "type": "TEXT",
                "format_content": "1009AAC",
                "depth": 1,
                "sort_order": 15,
                "article": 5,
                "paragraph": 2,
                "subParagraph": null,
                "is_article_title": false,
                "content_labels": [
                    "1009002"
                ],
                "note": "",
                "name": null,
                "contents": [
                    {
                        "text": "2) 양자간의 이의가 없을 경우 1년 단위로 기간을 연장할 수 있다.",
                        "type": null,
                        "rowId": null,
                        "cells": null
                    }
                ],
                "coordinate": null
            },
            {
                "id": 16,
                "type": "TEXT",
                "format_content": "1009AAC",
                "depth": 1,
                "sort_order": 16,
                "article": 5,
                "paragraph": 3,
                "subParagraph": null,
                "is_article_title": false,
                "content_labels": [
                    "1009018"
                ],
                "note": "",
                "name": null,
                "contents": [
                    {
                        "text": "3) 계약기간 중이라도 “갑”과 “을”이 합의하거나 천재지변이 발생할 경우 계약기간을 즉시 중단할 수 있다.",
                        "type": null,
                        "rowId": null,
                        "cells": null
                    }
                ],
                "coordinate": null
            },
            {
                "id": 17,
                "type": "TEXT",
                "format_content": "1009AAC",
                "depth": 1,
                "sort_order": 17,
                "article": 5,
                "paragraph": 4,
                "subParagraph": null,
                "is_article_title": false,
                "content_labels": [
                    "1009018",
                    "1009011"
                ],
                "note": "",
                "name": null,
                "contents": [
                    {
                        "text": "4) “갑”의 사정으로 계약이 종료 될 경우 갑은 “을”의 귀국 항공료와 2개월 분의 급여를 “을”에게 지불한다.",
                        "type": null,
                        "rowId": null,
                        "cells": null
                    }
                ],
                "coordinate": null
            },
            {
                "id": 19,
                "type": "TEXT",
                "format_content": "1009AAC",
                "depth": 1,
                "sort_order": 18,
                "article": 5,
                "paragraph": 5,
                "subParagraph": null,
                "is_article_title": false,
                "content_labels": [
                    "1009020",
                    "1009018"
                ],
                "note": "",
                "name": null,
                "contents": [
                    {
                        "text": "5) “을”은 한국에서 근무하는 동안 갑에 대하여 성실하게 책임을 다해야 하며, 전력을 다해 맡은 바 직무를 이행할 것이며, 개인적 사유로 “갑”에게 업무를 바꾸도록 요구하거나 사내 질서를 혼란 시킬 수 없다. “을”은 “갑”의 동의 없이 겸직할 수 없으며, 만약 그런 일이 발견되면 “갑”은 계약을 해제할 수 있으며, 이에 대한 모든 책임은 “을”이 진다.",
                        "type": null,
                        "rowId": null,
                        "cells": null
                    }
                ],
                "coordinate": null
            },
            {
                "id": 20,
                "type": "TEXT",
                "format_content": "1009AAC",
                "depth": 1,
                "sort_order": 19,
                "article": 5,
                "paragraph": 6,
                "subParagraph": null,
                "is_article_title": false,
                "content_labels": [
                    "1009019"
                ],
                "note": "",
                "name": null,
                "contents": [
                    {
                        "text": "6) “을”의 사정(신체의 중요한 질병 혹은 기타 예상치 못한 중대한 사건 발생시)으로인하여 귀국할 시에는 “을”은 최소 2개월 전에 “갑”에게 알리고, 2개월 분의 급여를 “갑”에게 배상하여야 하며, “을”이 귀국 항공료를 부담해야 한다.",
                        "type": null,
                        "rowId": null,
                        "cells": null
                    }
                ],
                "coordinate": null
            },
            {
                "id": 21,
                "type": "TEXT",
                "format_content": "1009AAC",
                "depth": 0,
                "sort_order": 20,
                "article": 6,
                "paragraph": null,
                "subParagraph": null,
                "is_article_title": true,
                "content_labels": [
                    "1009025"
                ],
                "note": "",
                "name": null,
                "contents": [
                    {
                        "text": "제6조 (쌍방의 책임과 의무)",
                        "type": null,
                        "rowId": null,
                        "cells": null
                    }
                ],
                "coordinate": null
            },
            {
                "id": 22,
                "type": "TEXT",
                "format_content": "1009AAC",
                "depth": 1,
                "sort_order": 21,
                "article": 6,
                "paragraph": null,
                "subParagraph": null,
                "is_article_title": false,
                "content_labels": [
                    "1009025"
                ],
                "note": "",
                "name": null,
                "contents": [
                    {
                        "text": "“갑”의 책임과 의무",
                        "type": null,
                        "rowId": null,
                        "cells": null
                    }
                ],
                "coordinate": null
            },
            {
                "id": 23,
                "type": "TEXT",
                "format_content": "1009AAC",
                "depth": 1,
                "sort_order": 22,
                "article": 6,
                "paragraph": 1,
                "subParagraph": null,
                "is_article_title": false,
                "content_labels": [
                    "1009025"
                ],
                "note": "",
                "name": null,
                "contents": [
                    {
                        "text": "1) “을”의 한국 입국수속과 근무자리 안배. 거류증 등을 책임지고 안배한다.",
                        "type": null,
                        "rowId": null,
                        "cells": null
                    }
                ],
                "coordinate": null
            },
            {
                "id": 24,
                "type": "TEXT",
                "format_content": "1009AAC",
                "depth": 1,
                "sort_order": 23,
                "article": 6,
                "paragraph": 2,
                "subParagraph": null,
                "is_article_title": false,
                "content_labels": [
                    "1009025"
                ],
                "note": "",
                "name": null,
                "contents": [
                    {
                        "text": "2) “갑”은 “을”의 종교와 미풍양속을 존중해 줄 것을 원칙으로 한다.",
                        "type": null,
                        "rowId": null,
                        "cells": null
                    }
                ],
                "coordinate": null
            },
            {
                "id": 25,
                "type": "TEXT",
                "format_content": "1009AAC",
                "depth": 1,
                "sort_order": 24,
                "article": 6,
                "paragraph": null,
                "subParagraph": null,
                "is_article_title": false,
                "content_labels": [
                    "1009025"
                ],
                "note": "",
                "name": null,
                "contents": [
                    {
                        "text": "3) “갑”은 내국인과 동일하게”을”을 처우, 개선하여야 한다.",
                        "type": null,
                        "rowId": null,
                        "cells": null
                    }
                ],
                "coordinate": null
            },
            {
                "id": 26,
                "type": "TEXT",
                "format_content": "1009AAC",
                "depth": 1,
                "sort_order": 25,
                "article": 6,
                "paragraph": null,
                "subParagraph": null,
                "is_article_title": false,
                "content_labels": [
                    "1009025"
                ],
                "note": "",
                "name": null,
                "contents": [
                    {
                        "text": "“을”의 책임과 책무",
                        "type": null,
                        "rowId": null,
                        "cells": null
                    }
                ],
                "coordinate": null
            },
            {
                "id": 27,
                "type": "TEXT",
                "format_content": "1009AAC",
                "depth": 2,
                "sort_order": 26,
                "article": 6,
                "paragraph": 1,
                "subParagraph": null,
                "is_article_title": false,
                "content_labels": [
                    "1009020"
                ],
                "note": "",
                "name": null,
                "contents": [
                    {
                        "text": "1) “을”은 근무지를 “갑”의 허가 없이 이동해서는 안되며 “갑”의 허가 없이 타 업소에서 근무해서는 안 된다.",
                        "type": null,
                        "rowId": null,
                        "cells": null
                    }
                ],
                "coordinate": null
            },
            {
                "id": 28,
                "type": "TEXT",
                "format_content": "1009AAC",
                "depth": 2,
                "sort_order": 27,
                "article": 6,
                "paragraph": 2,
                "subParagraph": null,
                "is_article_title": false,
                "content_labels": [
                    "1009018"
                ],
                "note": "",
                "name": null,
                "contents": [
                    {
                        "text": "2) “을”이 파업에 가담하거나 노동 쟁의를 할 경우 본 계약은 자동 해약되며 어떠한 권리도 포기한다.",
                        "type": null,
                        "rowId": null,
                        "cells": null
                    }
                ],
                "coordinate": null
            },
            {
                "id": 29,
                "type": "TEXT",
                "format_content": "1009AAC",
                "depth": 2,
                "sort_order": 28,
                "article": 6,
                "paragraph": 3,
                "subParagraph": null,
                "is_article_title": false,
                "content_labels": [
                    "1009025"
                ],
                "note": "",
                "name": null,
                "contents": [
                    {
                        "text": "3) “을”은 한국 법률과 갑의 규정제도를 위반하여서는 안 된다.",
                        "type": null,
                        "rowId": null,
                        "cells": null
                    }
                ],
                "coordinate": null
            },
            {
                "id": 30,
                "type": "TEXT",
                "format_content": "1009AAC",
                "depth": 0,
                "sort_order": 29,
                "article": 7,
                "paragraph": null,
                "subParagraph": null,
                "is_article_title": true,
                "content_labels": [
                    "1009025"
                ],
                "note": "",
                "name": null,
                "contents": [
                    {
                        "text": "제7조 (왕복 항공료)",
                        "type": null,
                        "rowId": null,
                        "cells": null
                    }
                ],
                "coordinate": null
            },
            {
                "id": 31,
                "type": "TEXT",
                "format_content": "1009AAC",
                "depth": 1,
                "sort_order": 30,
                "article": 7,
                "paragraph": null,
                "subParagraph": null,
                "is_article_title": false,
                "content_labels": [
                    "1009025"
                ],
                "note": "",
                "name": null,
                "contents": [
                    {
                        "text": "“을”은 한국의 입국과 출국에 필요한 항공료를 자부담하는 것을 원칙으로 하며, “을”은 중국내의 모든 수속비용을 자부담한다.",
                        "type": null,
                        "rowId": null,
                        "cells": null
                    }
                ],
                "coordinate": null
            },
            {
                "id": 32,
                "type": "TEXT",
                "format_content": "1009AAC",
                "depth": 0,
                "sort_order": 31,
                "article": 8,
                "paragraph": null,
                "subParagraph": null,
                "is_article_title": true,
                "content_labels": [
                    "1009025"
                ],
                "note": "",
                "name": null,
                "contents": [
                    {
                        "text": "제8조 (노동 복지와 대우)",
                        "type": null,
                        "rowId": null,
                        "cells": null
                    }
                ],
                "coordinate": null
            },
            {
                "id": 33,
                "type": "TEXT",
                "format_content": "1009AAC",
                "depth": 1,
                "sort_order": 32,
                "article": 8,
                "paragraph": 1,
                "subParagraph": null,
                "is_article_title": false,
                "content_labels": [
                    "1009025"
                ],
                "note": "",
                "name": null,
                "contents": [
                    {
                        "text": "1) “갑”은 “을”의 근무 기간에 수요되는 주방용구, 복장 등 조리에 유관되는 물품을 면비로 제공한다.",
                        "type": null,
                        "rowId": null,
                        "cells": null
                    }
                ],
                "coordinate": null
            },
            {
                "id": 34,
                "type": "TEXT",
                "format_content": "1009AAC",
                "depth": 1,
                "sort_order": 33,
                "article": 8,
                "paragraph": 2,
                "subParagraph": null,
                "is_article_title": false,
                "content_labels": [
                    "1009019"
                ],
                "note": "",
                "name": null,
                "contents": [
                    {
                        "text": "2) “을”이 근무기간에 업무상 사고가 발생할 경우 갑은 반드시 상관 법률에 따라 보험회사에 배상책임을 받도록 협조해야 하며 “을”이 업무상 사고로 사망되었을 경우 “갑”은 한국 상관 법규에 따라 처리하여야 한다.",
                        "type": null,
                        "rowId": null,
                        "cells": null
                    }
                ],
                "coordinate": null
            },
            {
                "id": 36,
                "type": "TEXT",
                "format_content": "1009AAC",
                "depth": 1,
                "sort_order": 34,
                "article": 8,
                "paragraph": 3,
                "subParagraph": null,
                "is_article_title": false,
                "content_labels": [
                    "1009022"
                ],
                "note": "",
                "name": null,
                "contents": [
                    {
                        "text": "3) “갑”은 한국 법규에 따라 “을”에게 의료보험과 기타 보험에 들어 주어야 하고 한국 법규에 따라 상관되는 비용을 공동으로 부담하여야 한다.",
                        "type": null,
                        "rowId": null,
                        "cells": null
                    }
                ],
                "coordinate": null
            },
            {
                "id": 37,
                "type": "TEXT",
                "format_content": "1009AAC",
                "depth": 0,
                "sort_order": 35,
                "article": 9,
                "paragraph": null,
                "subParagraph": null,
                "is_article_title": true,
                "content_labels": [
                    "1009021"
                ],
                "note": "",
                "name": null,
                "contents": [
                    {
                        "text": "제9조 (회사 기밀)",
                        "type": null,
                        "rowId": null,
                        "cells": null
                    }
                ],
                "coordinate": null
            },
            {
                "id": 38,
                "type": "TEXT",
                "format_content": "1009AAC",
                "depth": 1,
                "sort_order": 36,
                "article": 9,
                "paragraph": 1,
                "subParagraph": null,
                "is_article_title": false,
                "content_labels": [
                    "1009021"
                ],
                "note": "",
                "name": null,
                "contents": [
                    {
                        "text": "1) “을”은 근무 중 취득한 식당 기밀 사항을 제3자에게 누설해서는 안 된다.",
                        "type": null,
                        "rowId": null,
                        "cells": null
                    }
                ],
                "coordinate": null
            },
            {
                "id": 39,
                "type": "TEXT",
                "format_content": "1009AAC",
                "depth": 1,
                "sort_order": 37,
                "article": 9,
                "paragraph": 2,
                "subParagraph": null,
                "is_article_title": false,
                "content_labels": [
                    "1009021"
                ],
                "note": "",
                "name": null,
                "contents": [
                    {
                        "text": "2) “을”은 “갑”에게 근무 중 획득한 지적 재산권은 갑의 것으로 한다.",
                        "type": null,
                        "rowId": null,
                        "cells": null
                    }
                ],
                "coordinate": null
            },
            {
                "id": 40,
                "type": "TEXT",
                "format_content": "1009AAC",
                "depth": 1,
                "sort_order": 38,
                "article": 9,
                "paragraph": 3,
                "subParagraph": null,
                "is_article_title": false,
                "content_labels": [
                    "1009021",
                    "1009019"
                ],
                "note": "",
                "name": null,
                "contents": [
                    {
                        "text": "3) “을”은 퇴직 후에도 “갑”의 근무 중 취득한 특수 조리기법이나 연구 성과를 사용해서는 안 되며 “갑”의 허락 없이 사용할 경우 민, 형사상의 배상을 해야 한다.",
                        "type": null,
                        "rowId": null,
                        "cells": null
                    }
                ],
                "coordinate": null
            },
            {
                "id": 41,
                "type": "TEXT",
                "format_content": "1009AAC",
                "depth": 0,
                "sort_order": 39,
                "article": 10,
                "paragraph": null,
                "subParagraph": null,
                "is_article_title": true,
                "content_labels": [
                    "1009024"
                ],
                "note": "",
                "name": null,
                "contents": [
                    {
                        "text": "제10조 (분쟁해결)",
                        "type": null,
                        "rowId": null,
                        "cells": null
                    }
                ],
                "coordinate": null
            },
            {
                "id": 42,
                "type": "TEXT",
                "format_content": "1009AAC",
                "depth": 1,
                "sort_order": 40,
                "article": 10,
                "paragraph": 1,
                "subParagraph": null,
                "is_article_title": false,
                "content_labels": [
                    "1009024"
                ],
                "note": "",
                "name": null,
                "contents": [
                    {
                        "text": "1) “갑”과 “을”은 분쟁이 생긴 경우 재판관할권은 갑의 관할 법원으로 행사한다.",
                        "type": null,
                        "rowId": null,
                        "cells": null
                    }
                ],
                "coordinate": null
            },
            {
                "id": 43,
                "type": "TEXT",
                "format_content": "1009AAC",
                "depth": 1,
                "sort_order": 41,
                "article": 10,
                "paragraph": 2,
                "subParagraph": null,
                "is_article_title": false,
                "content_labels": [
                    "1009024"
                ],
                "note": "",
                "name": null,
                "contents": [
                    {
                        "text": "2) 분쟁은 평화적이고 건설적으로 해결함을 원칙으로 한다.",
                        "type": null,
                        "rowId": null,
                        "cells": null
                    }
                ],
                "coordinate": null
            },
            {
                "id": 44,
                "type": "TEXT",
                "format_content": "1009AAC",
                "depth": 0,
                "sort_order": 42,
                "article": 11,
                "paragraph": null,
                "subParagraph": null,
                "is_article_title": true,
                "content_labels": [
                    "1009025"
                ],
                "note": "",
                "name": null,
                "contents": [
                    {
                        "text": "제11조 (계약의 효력과 기타)",
                        "type": null,
                        "rowId": null,
                        "cells": null
                    }
                ],
                "coordinate": null
            },
            {
                "id": 45,
                "type": "TEXT",
                "format_content": "1009AAC",
                "depth": 1,
                "sort_order": 43,
                "article": 11,
                "paragraph": 1,
                "subParagraph": null,
                "is_article_title": false,
                "content_labels": [
                    "1009023"
                ],
                "note": "",
                "name": null,
                "contents": [
                    {
                        "text": "1) 본 계약서는 작성되어 “갑”과 “을”이 각각 보관하며 동등한 법률적 효력을 발생한다.",
                        "type": null,
                        "rowId": null,
                        "cells": null
                    }
                ],
                "coordinate": null
            },
            {
                "id": 46,
                "type": "TEXT",
                "format_content": "1009AAC",
                "depth": 1,
                "sort_order": 44,
                "article": 11,
                "paragraph": 2,
                "subParagraph": null,
                "is_article_title": false,
                "content_labels": [
                    "1009026"
                ],
                "note": "",
                "name": null,
                "contents": [
                    {
                        "text": "2) 본 계약서는 “갑” ”을” 쌍방이 싸인 후 효력을 발생한다.",
                        "type": null,
                        "rowId": null,
                        "cells": null
                    }
                ],
                "coordinate": null
            },
            {
                "id": 47,
                "type": "TEXT",
                "format_content": "1009AAE",
                "depth": 1,
                "sort_order": 45,
                "article": null,
                "paragraph": null,
                "subParagraph": null,
                "is_article_title": false,
                "content_labels": [
                    "1009026"
                ],
                "note": "",
                "name": null,
                "contents": [
                    {
                        "text": "(@날짜)",
                        "type": null,
                        "rowId": null,
                        "cells": null
                    }
                ],
                "coordinate": null
            },
            {
                "id": 48,
                "type": "TEXT",
                "format_content": "1009AAF",
                "depth": 2,
                "sort_order": 46,
                "article": null,
                "paragraph": null,
                "subParagraph": null,
                "is_article_title": false,
                "content_labels": [
                    "1009027"
                ],
                "note": "",
                "name": null,
                "contents": [
                    {
                        "text": "(갑) :\n주소 :\n상호 :\n성명 :",
                        "type": null,
                        "rowId": null,
                        "cells": null
                    }
                ],
                "coordinate": null
            },
            {
                "id": 49,
                "type": "TEXT",
                "format_content": "1009AAF",
                "depth": 2,
                "sort_order": 47,
                "article": null,
                "paragraph": null,
                "subParagraph": null,
                "is_article_title": false,
                "content_labels": [
                    "1009029"
                ],
                "note": "",
                "name": null,
                "contents": [
                    {
                        "text": "(을) :\n주소 :\n성명 :\n주민등록번호 :",
                        "type": null,
                        "rowId": null,
                        "cells": null
                    }
                ],
                "coordinate": null
            }
        ]
    }
}