{
    "document": {
        "doc_type": "1009",
        "title": null,
        "status": 4,
        "is_hold": null,
        "page_count": 6,
        "sub_document_count": 72,
        "created_time": "2024-11-07T09:43:48.996",
        "main_category": null,
        "sub_category": null,
        "detail_category": null,
        "related_law": null,
        "purpose": null,
        "use_case": null,
        "sub_documents": [
            {
                "id": 1,
                "type": "TEXT",
                "format_content": "1009AAA",
                "depth": 0,
                "sort_order": 1,
                "article": null,
                "paragraph": null,
                "subParagraph": null,
                "is_article_title": false,
                "content_labels": [
                    "1009025"
                ],
                "note": "",
                "name": null,
                "contents": [
                    {
                        "text": "근로계약서",
                        "type": null,
                        "rowId": null,
                        "cells": null
                    }
                ],
                "coordinate": null
            },
            {
                "id": 108,
                "type": "TEXT",
                "format_content": "1009AAB",
                "depth": null,
                "sort_order": 2,
                "article": null,
                "paragraph": null,
                "subParagraph": null,
                "is_article_title": false,
                "content_labels": [
                    "1009001",
                    "1009027"
                ],
                "note": "",
                "name": null,
                "contents": [
                    {
                        "text": "“사업주” \n상호: (@회사) 주식회사 \n법인등록번호: (@고유번호) \n주소: (@주소1)",
                        "type": null,
                        "rowId": null,
                        "cells": null
                    }
                ],
                "coordinate": null
            },
            {
                "id": 109,
                "type": "TEXT",
                "format_content": "1009AAB",
                "depth": null,
                "sort_order": 3,
                "article": null,
                "paragraph": null,
                "subParagraph": null,
                "is_article_title": false,
                "content_labels": [
                    "1009001",
                    "1009029"
                ],
                "note": "",
                "name": null,
                "contents": [
                    {
                        "text": "“근로자” \n성명: (@성명1) \n생년월일: (@식별번호) \n주소: (@주소2) ",
                        "type": null,
                        "rowId": null,
                        "cells": null
                    }
                ],
                "coordinate": null
            },
            {
                "id": 3,
                "type": "TEXT",
                "format_content": "1009AAB",
                "depth": 0,
                "sort_order": 4,
                "article": null,
                "paragraph": null,
                "subParagraph": null,
                "is_article_title": false,
                "content_labels": [
                    "1009001"
                ],
                "note": "",
                "name": null,
                "contents": [
                    {
                        "text": "“사업주”와 “근로자”는 다음과 같이 근로 및 연봉계약을 체결하고 성실히 이행할 것을 약정한다.",
                        "type": null,
                        "rowId": null,
                        "cells": null
                    }
                ],
                "coordinate": null
            },
            {
                "id": 5,
                "type": "TEXT",
                "format_content": "1009AAC",
                "depth": 0,
                "sort_order": 5,
                "article": 1,
                "paragraph": null,
                "subParagraph": null,
                "is_article_title": true,
                "content_labels": [
                    "1009031"
                ],
                "note": "",
                "name": null,
                "contents": [
                    {
                        "text": "제1조 【계약의 목적】",
                        "type": null,
                        "rowId": null,
                        "cells": null
                    }
                ],
                "coordinate": null
            },
            {
                "id": 6,
                "type": "TEXT",
                "format_content": "1009AAC",
                "depth": 1,
                "sort_order": 6,
                "article": 1,
                "paragraph": null,
                "subParagraph": null,
                "is_article_title": false,
                "content_labels": [
                    "1009031"
                ],
                "note": "",
                "name": null,
                "contents": [
                    {
                        "text": "“사업주”는 “근로자”의 사업을 영위하기 위해 “근로자”를 고용하여 제7조에서 정한 보수를 지급하고, “근로자”는 “사업주”를 위하여 필요한 기술 및 근로를 제공함에 있어 이에 관한 의무를 규정함을 목적으로 한다.",
                        "type": null,
                        "rowId": null,
                        "cells": null
                    }
                ],
                "coordinate": null
            },
            {
                "id": 9,
                "type": "TEXT",
                "format_content": "1009AAC",
                "depth": 0,
                "sort_order": 7,
                "article": 2,
                "paragraph": null,
                "subParagraph": null,
                "is_article_title": true,
                "content_labels": [
                    "1009003"
                ],
                "note": "",
                "name": null,
                "contents": [
                    {
                        "text": "제2조 【시험기간】",
                        "type": null,
                        "rowId": null,
                        "cells": null
                    }
                ],
                "coordinate": null
            },
            {
                "id": 10,
                "type": "TEXT",
                "format_content": "1009AAC",
                "depth": 1,
                "sort_order": 8,
                "article": 2,
                "paragraph": 1,
                "subParagraph": null,
                "is_article_title": false,
                "content_labels": [
                    "1009003",
                    "1009009"
                ],
                "note": "",
                "name": null,
                "contents": [
                    {
                        "text": "1. 회사는 근로자의 업무수행능력, 업무적격성 등을 판단하기 위하여 3개월의 시용기간을 두며, 이 기간 중 월급여는 본 근로계약 제9조와 동일하다.",
                        "type": null,
                        "rowId": null,
                        "cells": null
                    }
                ],
                "coordinate": null
            },
            {
                "id": 12,
                "type": "TEXT",
                "format_content": "1009AAC",
                "depth": 1,
                "sort_order": 9,
                "article": 2,
                "paragraph": 2,
                "subParagraph": null,
                "is_article_title": false,
                "content_labels": [
                    "1009003",
                    "1009018"
                ],
                "note": "",
                "name": null,
                "contents": [
                    {
                        "text": "2. 회사는 제1항의 시용기간 동안 근로자가 업무수행에 부적합하다고 판단하거나, 회사에 손해를 초래할 수 있는 문제를 유발한 경우 본 채용을 거부할 수 있다.",
                        "type": null,
                        "rowId": null,
                        "cells": null
                    }
                ],
                "coordinate": null
            },
            {
                "id": 14,
                "type": "TEXT",
                "format_content": "1009AAC",
                "depth": 0,
                "sort_order": 10,
                "article": 3,
                "paragraph": null,
                "subParagraph": null,
                "is_article_title": true,
                "content_labels": [
                    "1009002"
                ],
                "note": "",
                "name": null,
                "contents": [
                    {
                        "text": "제3조 【근로 개시일】",
                        "type": null,
                        "rowId": null,
                        "cells": null
                    }
                ],
                "coordinate": null
            },
            {
                "id": 15,
                "type": "TEXT",
                "format_content": "1009AAC",
                "depth": 1,
                "sort_order": 11,
                "article": 3,
                "paragraph": null,
                "subParagraph": null,
                "is_article_title": false,
                "content_labels": [
                    "1009002"
                ],
                "note": "",
                "name": null,
                "contents": [
                    {
                        "text": "근로자는 (@날짜)부터 본 근로계약서에 따라 근로를 개시하며, (@날짜)에 재계약을 진행한다.",
                        "type": null,
                        "rowId": null,
                        "cells": null
                    }
                ],
                "coordinate": null
            },
            {
                "id": 17,
                "type": "TEXT",
                "format_content": "1009AAC",
                "depth": 0,
                "sort_order": 12,
                "article": 4,
                "paragraph": null,
                "subParagraph": null,
                "is_article_title": true,
                "content_labels": [
                    "1009025"
                ],
                "note": "",
                "name": null,
                "contents": [
                    {
                        "text": "제4조 【근로자의 의무】",
                        "type": null,
                        "rowId": null,
                        "cells": null
                    }
                ],
                "coordinate": null
            },
            {
                "id": 18,
                "type": "TEXT",
                "format_content": "1009AAC",
                "depth": 1,
                "sort_order": 13,
                "article": 4,
                "paragraph": 1,
                "subParagraph": null,
                "is_article_title": false,
                "content_labels": [
                    "1009025"
                ],
                "note": "",
                "name": null,
                "contents": [
                    {
                        "text": "①  “근로자”는 “사업주”의 피고용인으로서 품위를 지키며 “사업주”의 제반규칙을 준수하여야 한다.",
                        "type": null,
                        "rowId": null,
                        "cells": null
                    }
                ],
                "coordinate": null
            },
            {
                "id": 20,
                "type": "TEXT",
                "format_content": "1009AAC",
                "depth": 1,
                "sort_order": 14,
                "article": 4,
                "paragraph": 2,
                "subParagraph": null,
                "is_article_title": false,
                "content_labels": [
                    "1009025"
                ],
                "note": "",
                "name": null,
                "contents": [
                    {
                        "text": "②  “근로자”는 최선을 다하여 “사업주”의 업무지시에 응하며 본 계약 때문에 부과된 업무를 성실히 수행하여야 한다.",
                        "type": null,
                        "rowId": null,
                        "cells": null
                    }
                ],
                "coordinate": null
            },
            {
                "id": 22,
                "type": "TEXT",
                "format_content": "1009AAC",
                "depth": 0,
                "sort_order": 15,
                "article": 5,
                "paragraph": null,
                "subParagraph": null,
                "is_article_title": true,
                "content_labels": [
                    "1009020"
                ],
                "note": "",
                "name": null,
                "contents": [
                    {
                        "text": "제5조 (겸업 및 경업 등 금지)",
                        "type": null,
                        "rowId": null,
                        "cells": null
                    }
                ],
                "coordinate": null
            },
            {
                "id": 23,
                "type": "TEXT",
                "format_content": "1009AAC",
                "depth": 1,
                "sort_order": 16,
                "article": 5,
                "paragraph": 1,
                "subParagraph": null,
                "is_article_title": false,
                "content_labels": [
                    "1009020"
                ],
                "note": "",
                "name": null,
                "contents": [
                    {
                        "text": "1. 본 계약에 따른 근로기간 동안 근로자는 회사의 경쟁업체나 경쟁업체의 계열사를 위해 용역을 제공하지 아니하며, 회사가 사전에 서면으로 동의하지 않는 한 회사의 이익에 반하는 어떠한 행위도 하지 아니한다.",
                        "type": null,
                        "rowId": null,
                        "cells": null
                    }
                ],
                "coordinate": null
            },
            {
                "id": 26,
                "type": "TEXT",
                "format_content": "1009AAC",
                "depth": 1,
                "sort_order": 17,
                "article": 5,
                "paragraph": 2,
                "subParagraph": null,
                "is_article_title": false,
                "content_labels": [
                    "1009021"
                ],
                "note": "",
                "name": null,
                "contents": [
                    {
                        "text": "2. 근로자는 퇴사 후 1년 간 회사에서 습득한 정보와 기술을 이용하여 동일한 사업 내용의 경쟁업체에 취업하거나, 이를 기반으로 창업하여 회사에 손해를 끼치는 행위를 하지 않는다.",
                        "type": null,
                        "rowId": null,
                        "cells": null
                    }
                ],
                "coordinate": null
            },
            {
                "id": 28,
                "type": "TEXT",
                "format_content": "1009AAC",
                "depth": 0,
                "sort_order": 18,
                "article": 6,
                "paragraph": null,
                "subParagraph": null,
                "is_article_title": true,
                "content_labels": [
                    "1009004"
                ],
                "note": "",
                "name": null,
                "contents": [
                    {
                        "text": "제6조 【근무부서 및 업무】",
                        "type": null,
                        "rowId": null,
                        "cells": null
                    }
                ],
                "coordinate": null
            },
            {
                "id": 29,
                "type": "TEXT",
                "format_content": "1009AAC",
                "depth": 1,
                "sort_order": 19,
                "article": 6,
                "paragraph": 1,
                "subParagraph": null,
                "is_article_title": false,
                "content_labels": [
                    "1009005"
                ],
                "note": "",
                "name": null,
                "contents": [
                    {
                        "text": "①  근무장소 : 회사 정책에 따름",
                        "type": null,
                        "rowId": null,
                        "cells": null
                    }
                ],
                "coordinate": null
            },
            {
                "id": 30,
                "type": "TEXT",
                "format_content": "1009AAC",
                "depth": 1,
                "sort_order": 20,
                "article": 6,
                "paragraph": 2,
                "subParagraph": null,
                "is_article_title": false,
                "content_labels": [
                    "1009004"
                ],
                "note": "",
                "name": null,
                "contents": [
                    {
                        "text": "②  근무부서 및 직책 : 회사 정책에 따름",
                        "type": null,
                        "rowId": null,
                        "cells": null
                    }
                ],
                "coordinate": null
            },
            {
                "id": 31,
                "type": "TEXT",
                "format_content": "1009AAC",
                "depth": 1,
                "sort_order": 21,
                "article": 6,
                "paragraph": 3,
                "subParagraph": null,
                "is_article_title": false,
                "content_labels": [
                    "1009004"
                ],
                "note": "",
                "name": null,
                "contents": [
                    {
                        "text": "③  업무내용 : (@구체적 사실)",
                        "type": null,
                        "rowId": null,
                        "cells": null
                    }
                ],
                "coordinate": null
            },
            {
                "id": 32,
                "type": "TEXT",
                "format_content": "1009AAC",
                "depth": 1,
                "sort_order": 22,
                "article": 6,
                "paragraph": 4,
                "subParagraph": null,
                "is_article_title": false,
                "content_labels": [
                    "1009004"
                ],
                "note": "",
                "name": null,
                "contents": [
                    {
                        "text": "④  “사업주”는 업무상 필요하다고 인정되는 경우 근무부서 또는 업무를 변경할 수 있다. 이 경우 “근로자”는 정당한 이유 없이 이를 거부할 수 없다.",
                        "type": null,
                        "rowId": null,
                        "cells": null
                    }
                ],
                "coordinate": null
            },
            {
                "id": 34,
                "type": "TEXT",
                "format_content": "1009AAC",
                "depth": 0,
                "sort_order": 23,
                "article": null,
                "paragraph": null,
                "subParagraph": null,
                "is_article_title": true,
                "content_labels": [
                    "1009006"
                ],
                "note": "",
                "name": null,
                "contents": [
                    {
                        "text": "제7조 【근로시간】",
                        "type": null,
                        "rowId": null,
                        "cells": null
                    }
                ],
                "coordinate": null
            },
            {
                "id": 35,
                "type": "TEXT",
                "format_content": "1009AAC",
                "depth": 1,
                "sort_order": 24,
                "article": 7,
                "paragraph": 1,
                "subParagraph": null,
                "is_article_title": false,
                "content_labels": [
                    "1009006"
                ],
                "note": "",
                "name": null,
                "contents": [
                    {
                        "text": "①  근로시간 : 주5일, 1일 8시간 주 40시간 근무를 원칙으로 한다. 단, 필요하면 시간 외 근무를 할 수 있다.",
                        "type": null,
                        "rowId": null,
                        "cells": null
                    }
                ],
                "coordinate": null
            },
            {
                "id": 37,
                "type": "TEXT",
                "format_content": "1009AAC",
                "depth": 1,
                "sort_order": 25,
                "article": 7,
                "paragraph": 2,
                "subParagraph": null,
                "is_article_title": false,
                "content_labels": [
                    "1009006"
                ],
                "note": "",
                "name": null,
                "contents": [
                    {
                        "text": "②  시업 및 종업시간 : 09시 00분부터 17시 00분까지로 한다. 다만, 직무의 내용 또는 특수한 사정으로 필요한 경우 “회사”는 상기 근무시간을 변경할 수 있으며, 교대근무 또는 시 차근무 등으로 이를 조정할 수 있다.",
                        "type": null,
                        "rowId": null,
                        "cells": null
                    }
                ],
                "coordinate": null
            },
            {
                "id": 40,
                "type": "TEXT",
                "format_content": "1009AAC",
                "depth": 1,
                "sort_order": 26,
                "article": 7,
                "paragraph": 3,
                "subParagraph": null,
                "is_article_title": false,
                "content_labels": [
                    "1009007"
                ],
                "note": "",
                "name": null,
                "contents": [
                    {
                        "text": "③  휴게시간 : 12시 00분부터13시 00분 까지(점심시간 포함)",
                        "type": null,
                        "rowId": null,
                        "cells": null
                    }
                ],
                "coordinate": null
            },
            {
                "id": 41,
                "type": "TEXT",
                "format_content": "1009AAC",
                "depth": 0,
                "sort_order": 27,
                "article": 8,
                "paragraph": null,
                "subParagraph": null,
                "is_article_title": true,
                "content_labels": [
                    "1009014",
                    "1009015"
                ],
                "note": "",
                "name": null,
                "contents": [
                    {
                        "text": "제8조 【휴일 및 휴가】",
                        "type": null,
                        "rowId": null,
                        "cells": null
                    }
                ],
                "coordinate": null
            },
            {
                "id": 42,
                "type": "TEXT",
                "format_content": "1009AAC",
                "depth": 1,
                "sort_order": 28,
                "article": 8,
                "paragraph": 1,
                "subParagraph": null,
                "is_article_title": false,
                "content_labels": [
                    "1009014"
                ],
                "note": "",
                "name": null,
                "contents": [
                    {
                        "text": "①  주휴일: 일요일",
                        "type": null,
                        "rowId": null,
                        "cells": null
                    }
                ],
                "coordinate": null
            },
            {
                "id": 43,
                "type": "TEXT",
                "format_content": "1009AAC",
                "depth": 1,
                "sort_order": 29,
                "article": 8,
                "paragraph": null,
                "subParagraph": null,
                "is_article_title": false,
                "content_labels": [
                    "1009015",
                    "1009014"
                ],
                "note": "",
                "name": null,
                "contents": [
                    {
                        "text": "②  “사업주”는 “근로자”에게 근로기준법이 정하는 바에 따른 휴가 일수를 부여한다.",
                        "type": null,
                        "rowId": null,
                        "cells": null
                    }
                ],
                "coordinate": null
            },
            {
                "id": 44,
                "type": "TEXT",
                "format_content": "1009AAC",
                "depth": 1,
                "sort_order": 30,
                "article": 8,
                "paragraph": 3,
                "subParagraph": null,
                "is_article_title": false,
                "content_labels": [
                    "1009015",
                    "1009014"
                ],
                "note": "",
                "name": null,
                "contents": [
                    {
                        "text": "③  “근로자”가 휴가를 사용하기 위하여는 “사업주”에 사전 신청해야 하며 이를 “사업주”는 필요 시 휴가일시를 조정할 수 있다.",
                        "type": null,
                        "rowId": null,
                        "cells": null
                    }
                ],
                "coordinate": null
            },
            {
                "id": 46,
                "type": "TEXT",
                "format_content": "1009AAC",
                "depth": 0,
                "sort_order": 31,
                "article": 9,
                "paragraph": null,
                "subParagraph": null,
                "is_article_title": true,
                "content_labels": [
                    "1009009"
                ],
                "note": "",
                "name": null,
                "contents": [
                    {
                        "text": "제9조 【보수】",
                        "type": null,
                        "rowId": null,
                        "cells": null
                    }
                ],
                "coordinate": null
            },
            {
                "id": 47,
                "type": "TEXT",
                "format_content": "1009AAC",
                "depth": 1,
                "sort_order": 32,
                "article": 9,
                "paragraph": 1,
                "subParagraph": null,
                "is_article_title": false,
                "content_labels": [
                    "1009009",
                    "1009010"
                ],
                "note": "",
                "name": null,
                "contents": [
                    {
                        "text": "① 사업자가 지급하는 보수는 다음과 같은 내용으로 정한다.",
                        "type": null,
                        "rowId": null,
                        "cells": null
                    }
                ],
                "coordinate": null
            },
            {
                "id": 48,
                "type": "TEXT",
                "format_content": "1009AAC",
                "depth": 2,
                "sort_order": 33,
                "article": 9,
                "paragraph": 1,
                "subParagraph": null,
                "is_article_title": false,
                "content_labels": [
                    "1009010"
                ],
                "note": "",
                "name": null,
                "contents": [
                    {
                        "text": "(@날짜)",
                        "type": null,
                        "rowId": null,
                        "cells": null
                    }
                ],
                "coordinate": null
            },
            {
                "id": 49,
                "type": "TABLE",
                "format_content": "1009AAC",
                "depth": 2,
                "sort_order": 34,
                "article": 9,
                "paragraph": 1,
                "subParagraph": null,
                "is_article_title": false,
                "content_labels": [
                    "1009009"
                ],
                "note": "",
                "name": null,
                "contents": [
                    {
                        "text": "|구분|금액|산출근거|\n|연봉총액|\n|(@금액)|3개월 수습기간 (@금액)만원 계산|\n|기본급|\n|(@금액)|(@금액)* 12개월|\n",
                        "type": null,
                        "rowId": null,
                        "cells": null
                    }
                ],
                "coordinate": null
            },
            {
                "id": 50,
                "type": "TEXT",
                "format_content": "1009AAC",
                "depth": 1,
                "sort_order": 35,
                "article": 9,
                "paragraph": 2,
                "subParagraph": null,
                "is_article_title": false,
                "content_labels": [
                    "1009010"
                ],
                "note": "",
                "name": null,
                "contents": [
                    {
                        "text": "② 지급일: 매월 25일 (휴일일 경우에는 전일 지급)",
                        "type": null,
                        "rowId": null,
                        "cells": null
                    }
                ],
                "coordinate": null
            },
            {
                "id": 51,
                "type": "TEXT",
                "format_content": "1009AAC",
                "depth": 1,
                "sort_order": 36,
                "article": 9,
                "paragraph": 3,
                "subParagraph": null,
                "is_article_title": false,
                "content_labels": [
                    "1009011"
                ],
                "note": "",
                "name": null,
                "contents": [
                    {
                        "text": "③ 지급방법: “근로자”의 은행계좌로 송금\n은행 (@계좌번호) (예금주: (@성명1))",
                        "type": null,
                        "rowId": null,
                        "cells": null
                    }
                ],
                "coordinate": null
            },
            {
                "id": 53,
                "type": "TEXT",
                "format_content": "1009AAC",
                "depth": 0,
                "sort_order": 37,
                "article": 10,
                "paragraph": null,
                "subParagraph": null,
                "is_article_title": true,
                "content_labels": [
                    "1009022"
                ],
                "note": "",
                "name": null,
                "contents": [
                    {
                        "text": "제10조 【사회보험】",
                        "type": null,
                        "rowId": null,
                        "cells": null
                    }
                ],
                "coordinate": null
            },
            {
                "id": 54,
                "type": "TEXT",
                "format_content": "1009AAC",
                "depth": 1,
                "sort_order": 38,
                "article": 10,
                "paragraph": null,
                "subParagraph": null,
                "is_article_title": false,
                "content_labels": [
                    "1009022"
                ],
                "note": "",
                "name": null,
                "contents": [
                    {
                        "text": "본 근로계약에는 다음의 사회보험이 적용된다.",
                        "type": null,
                        "rowId": null,
                        "cells": null
                    }
                ],
                "coordinate": null
            },
            {
                "id": 55,
                "type": "TEXT",
                "format_content": "1009AAC",
                "depth": 1,
                "sort_order": 39,
                "article": 10,
                "paragraph": 1,
                "subParagraph": null,
                "is_article_title": false,
                "content_labels": [
                    "1009022"
                ],
                "note": "",
                "name": null,
                "contents": [
                    {
                        "text": "1.  고용보험",
                        "type": null,
                        "rowId": null,
                        "cells": null
                    }
                ],
                "coordinate": null
            },
            {
                "id": 56,
                "type": "TEXT",
                "format_content": "1009AAC",
                "depth": 1,
                "sort_order": 40,
                "article": 10,
                "paragraph": 2,
                "subParagraph": null,
                "is_article_title": false,
                "content_labels": [
                    "1009022"
                ],
                "note": "",
                "name": null,
                "contents": [
                    {
                        "text": "2.  산재보험",
                        "type": null,
                        "rowId": null,
                        "cells": null
                    }
                ],
                "coordinate": null
            },
            {
                "id": 57,
                "type": "TEXT",
                "format_content": "1009AAC",
                "depth": 1,
                "sort_order": 41,
                "article": 10,
                "paragraph": 3,
                "subParagraph": null,
                "is_article_title": false,
                "content_labels": [
                    "1009022"
                ],
                "note": "",
                "name": null,
                "contents": [
                    {
                        "text": "3.  국민연금",
                        "type": null,
                        "rowId": null,
                        "cells": null
                    }
                ],
                "coordinate": null
            },
            {
                "id": 58,
                "type": "TEXT",
                "format_content": "1009AAC",
                "depth": 1,
                "sort_order": 42,
                "article": 10,
                "paragraph": 4,
                "subParagraph": null,
                "is_article_title": false,
                "content_labels": [
                    "1009022"
                ],
                "note": "",
                "name": null,
                "contents": [
                    {
                        "text": "4.  건강보험",
                        "type": null,
                        "rowId": null,
                        "cells": null
                    }
                ],
                "coordinate": null
            },
            {
                "id": 59,
                "type": "TEXT",
                "format_content": "1009AAC",
                "depth": 0,
                "sort_order": 43,
                "article": 11,
                "paragraph": null,
                "subParagraph": null,
                "is_article_title": true,
                "content_labels": [
                    "1009025"
                ],
                "note": "",
                "name": null,
                "contents": [
                    {
                        "text": "제11조 【근태사항】",
                        "type": null,
                        "rowId": null,
                        "cells": null
                    }
                ],
                "coordinate": null
            },
            {
                "id": 60,
                "type": "TEXT",
                "format_content": "1009AAC",
                "depth": 1,
                "sort_order": 44,
                "article": 11,
                "paragraph": null,
                "subParagraph": null,
                "is_article_title": false,
                "content_labels": [
                    "1009009"
                ],
                "note": "",
                "name": null,
                "contents": [
                    {
                        "text": "다음 각 호의 사유가 있는 경우에는 취업규칙상 관련 규정을 적용하여 연봉을 지급한다.",
                        "type": null,
                        "rowId": null,
                        "cells": null
                    }
                ],
                "coordinate": null
            },
            {
                "id": 61,
                "type": "TEXT",
                "format_content": "1009AAC",
                "depth": 1,
                "sort_order": 45,
                "article": 11,
                "paragraph": 1,
                "subParagraph": null,
                "is_article_title": false,
                "content_labels": [
                    "1009009"
                ],
                "note": "",
                "name": null,
                "contents": [
                    {
                        "text": "1. 휴직",
                        "type": null,
                        "rowId": null,
                        "cells": null
                    }
                ],
                "coordinate": null
            },
            {
                "id": 62,
                "type": "TEXT",
                "format_content": "1009AAC",
                "depth": 1,
                "sort_order": 46,
                "article": 11,
                "paragraph": 2,
                "subParagraph": null,
                "is_article_title": false,
                "content_labels": [
                    "1009009"
                ],
                "note": "",
                "name": null,
                "contents": [
                    {
                        "text": "2. 결근",
                        "type": null,
                        "rowId": null,
                        "cells": null
                    }
                ],
                "coordinate": null
            },
            {
                "id": 63,
                "type": "TEXT",
                "format_content": "1009AAC",
                "depth": 1,
                "sort_order": 47,
                "article": 11,
                "paragraph": 3,
                "subParagraph": null,
                "is_article_title": false,
                "content_labels": [
                    "1009009"
                ],
                "note": "",
                "name": null,
                "contents": [
                    {
                        "text": "3. 감급, 정직",
                        "type": null,
                        "rowId": null,
                        "cells": null
                    }
                ],
                "coordinate": null
            },
            {
                "id": 64,
                "type": "TEXT",
                "format_content": "1009AAC",
                "depth": 0,
                "sort_order": 48,
                "article": 12,
                "paragraph": null,
                "subParagraph": null,
                "is_article_title": true,
                "content_labels": [
                    "1009017"
                ],
                "note": "",
                "name": null,
                "contents": [
                    {
                        "text": "제12조 【퇴직금】",
                        "type": null,
                        "rowId": null,
                        "cells": null
                    }
                ],
                "coordinate": null
            },
            {
                "id": 65,
                "type": "TEXT",
                "format_content": "1009AAC",
                "depth": 1,
                "sort_order": 49,
                "article": 12,
                "paragraph": 1,
                "subParagraph": null,
                "is_article_title": false,
                "content_labels": [
                    "1009017",
                    "1009033"
                ],
                "note": "",
                "name": null,
                "contents": [
                    {
                        "text": "① “사업주”는 “근로자”의 퇴직 시 근로연수 1년에 대하여 근로기준법 및 단체협약에 따른 퇴직금을 지급한다.",
                        "type": null,
                        "rowId": null,
                        "cells": null
                    }
                ],
                "coordinate": null
            },
            {
                "id": 67,
                "type": "TEXT",
                "format_content": "1009AAC",
                "depth": 1,
                "sort_order": 50,
                "article": 12,
                "paragraph": 2,
                "subParagraph": null,
                "is_article_title": false,
                "content_labels": [
                    "1009025"
                ],
                "note": "",
                "name": null,
                "contents": [
                    {
                        "text": "② 회사는 근로자의 안정적인 노후생활 보장을 위하여 퇴직연금제도를 설정하며 퇴직연금 제도에 관한 세부사항은 퇴직연금규약에서 별도로 정한 바에 따른다.",
                        "type": null,
                        "rowId": null,
                        "cells": null
                    }
                ],
                "coordinate": null
            },
            {
                "id": 69,
                "type": "TEXT",
                "format_content": "1009AAC",
                "depth": 0,
                "sort_order": 51,
                "article": 13,
                "paragraph": null,
                "subParagraph": null,
                "is_article_title": true,
                "content_labels": [
                    "1009016"
                ],
                "note": "",
                "name": null,
                "contents": [
                    {
                        "text": "제13조 【퇴직절차】",
                        "type": null,
                        "rowId": null,
                        "cells": null
                    }
                ],
                "coordinate": null
            },
            {
                "id": 70,
                "type": "TEXT",
                "format_content": "1009AAC",
                "depth": 1,
                "sort_order": 52,
                "article": 13,
                "paragraph": null,
                "subParagraph": null,
                "is_article_title": false,
                "content_labels": [
                    "1009016"
                ],
                "note": "",
                "name": null,
                "contents": [
                    {
                        "text": "“근로자”는 퇴직하고자 할 경우 사직희망일 30일 전에 사직원을 제출하여야 하며 업무인계 및 후임자를 선임할 때까지 성실하게 근무하여야 한다.",
                        "type": null,
                        "rowId": null,
                        "cells": null
                    }
                ],
                "coordinate": null
            },
            {
                "id": 72,
                "type": "TEXT",
                "format_content": "1009AAC",
                "depth": 0,
                "sort_order": 53,
                "article": 14,
                "paragraph": null,
                "subParagraph": null,
                "is_article_title": true,
                "content_labels": [
                    "1009021"
                ],
                "note": "",
                "name": null,
                "contents": [
                    {
                        "text": "제14조 【비밀준수 의무】",
                        "type": null,
                        "rowId": null,
                        "cells": null
                    }
                ],
                "coordinate": null
            },
            {
                "id": 73,
                "type": "TEXT",
                "format_content": "1009AAC",
                "depth": 1,
                "sort_order": 54,
                "article": 14,
                "paragraph": 1,
                "subParagraph": null,
                "is_article_title": false,
                "content_labels": [
                    "1009021"
                ],
                "note": "",
                "name": null,
                "contents": [
                    {
                        "text": "① “근로자”는 계약기간 동안 본인이 직접 또는 간접적으로 관련되어 지득한 회사의 영업 비밀 보호를 위하여 신의성실의 원칙에 입각하여 최선을 다하여야 하며, 재직 중 또는 퇴직 후에라도 “근로자”가 날인하여 “사업주”에게 제출한 “비밀유지서약서”의 비밀유지의무 사항을 회사의 사전 허가 없이 사용, 복제, 누설해서는 아니 된다.",
                        "type": null,
                        "rowId": null,
                        "cells": null
                    }
                ],
                "coordinate": null
            },
            {
                "id": 77,
                "type": "TEXT",
                "format_content": "1009AAC",
                "depth": 1,
                "sort_order": 55,
                "article": 14,
                "paragraph": 2,
                "subParagraph": null,
                "is_article_title": false,
                "content_labels": [
                    "1009021",
                    "1009033",
                    "1009019"
                ],
                "note": "",
                "name": null,
                "contents": [
                    {
                        "text": "②  전항을 위반하여 “근로자”의 고의 또는 과실로 “사업주”에게 손실을 입힌 경우, 부정경쟁방지 및 영업비밀보호에 관한 법률 등 관련 조항 또는 회사 내규에 의해 그 손실액을 배상하여야 한다.",
                        "type": null,
                        "rowId": null,
                        "cells": null
                    }
                ],
                "coordinate": null
            },
            {
                "id": 80,
                "type": "TEXT",
                "format_content": "1009AAC",
                "depth": 0,
                "sort_order": 56,
                "article": 15,
                "paragraph": null,
                "subParagraph": null,
                "is_article_title": true,
                "content_labels": [
                    "1009018"
                ],
                "note": "",
                "name": null,
                "contents": [
                    {
                        "text": "제15조 【계약해지 사유】",
                        "type": null,
                        "rowId": null,
                        "cells": null
                    }
                ],
                "coordinate": null
            },
            {
                "id": 81,
                "type": "TEXT",
                "format_content": "1009AAC",
                "depth": 1,
                "sort_order": 57,
                "article": 15,
                "paragraph": 1,
                "subParagraph": null,
                "is_article_title": false,
                "content_labels": [
                    "1009018"
                ],
                "note": "",
                "name": null,
                "contents": [
                    {
                        "text": "① 무단으로 계속하여 5일 이상 또는 월간 7일 이상 결근한 경우",
                        "type": null,
                        "rowId": null,
                        "cells": null
                    }
                ],
                "coordinate": null
            },
            {
                "id": 82,
                "type": "TEXT",
                "format_content": "1009AAC",
                "depth": 1,
                "sort_order": 58,
                "article": 15,
                "paragraph": 2,
                "subParagraph": null,
                "is_article_title": false,
                "content_labels": [
                    "1009018"
                ],
                "note": "",
                "name": null,
                "contents": [
                    {
                        "text": "② 취업규칙 또는 “사업주”의 정당한 업무명령을 위반하여 해고 결정이 있는 경우",
                        "type": null,
                        "rowId": null,
                        "cells": null
                    }
                ],
                "coordinate": null
            },
            {
                "id": 83,
                "type": "TEXT",
                "format_content": "1009AAC",
                "depth": 1,
                "sort_order": 59,
                "article": 15,
                "paragraph": 3,
                "subParagraph": null,
                "is_article_title": false,
                "content_labels": [
                    "1009018"
                ],
                "note": "",
                "name": null,
                "contents": [
                    {
                        "text": "③ 이력, 경력을 위조하여 허위로 입사하였을 경우",
                        "type": null,
                        "rowId": null,
                        "cells": null
                    }
                ],
                "coordinate": null
            },
            {
                "id": 84,
                "type": "TEXT",
                "format_content": "1009AAC",
                "depth": 1,
                "sort_order": 60,
                "article": 15,
                "paragraph": 4,
                "subParagraph": null,
                "is_article_title": false,
                "content_labels": [
                    "1009018"
                ],
                "note": "",
                "name": null,
                "contents": [
                    {
                        "text": "④ “근로자”의 일신상의 사유로 계속적 근로가 불가능한 경우",
                        "type": null,
                        "rowId": null,
                        "cells": null
                    }
                ],
                "coordinate": null
            },
            {
                "id": 85,
                "type": "TEXT",
                "format_content": "1009AAC",
                "depth": 1,
                "sort_order": 61,
                "article": 15,
                "paragraph": 5,
                "subParagraph": null,
                "is_article_title": false,
                "content_labels": [
                    "1009018"
                ],
                "note": "",
                "name": null,
                "contents": [
                    {
                        "text": "⑤ 기타 사회상규를 위반하여 계속적으로 근로계약을 유지할 수 없다고 판단된 경우",
                        "type": null,
                        "rowId": null,
                        "cells": null
                    }
                ],
                "coordinate": null
            },
            {
                "id": 86,
                "type": "TEXT",
                "format_content": "1009AAC",
                "depth": 0,
                "sort_order": 62,
                "article": 16,
                "paragraph": null,
                "subParagraph": null,
                "is_article_title": true,
                "content_labels": [
                    "1009019"
                ],
                "note": "",
                "name": null,
                "contents": [
                    {
                        "text": "제16조 【손해배상】",
                        "type": null,
                        "rowId": null,
                        "cells": null
                    }
                ],
                "coordinate": null
            },
            {
                "id": 87,
                "type": "TEXT",
                "format_content": "1009AAC",
                "depth": 1,
                "sort_order": 63,
                "article": 16,
                "paragraph": null,
                "subParagraph": null,
                "is_article_title": false,
                "content_labels": [
                    "1009019"
                ],
                "note": "",
                "name": null,
                "contents": [
                    {
                        "text": "“근로자”의 귀책사유로 인해 계약기간 중 또는 계약해지 후 “사업주”에게 손해를 입힐 경우 “근로자”는 “사업주”에게 실손해액을 배상하여야 한다.",
                        "type": null,
                        "rowId": null,
                        "cells": null
                    }
                ],
                "coordinate": null
            },
            {
                "id": 89,
                "type": "TEXT",
                "format_content": "1009AAC",
                "depth": 0,
                "sort_order": 64,
                "article": 17,
                "paragraph": null,
                "subParagraph": null,
                "is_article_title": true,
                "content_labels": [
                    "1009025"
                ],
                "note": "",
                "name": null,
                "contents": [
                    {
                        "text": "제17조 【기타사항】",
                        "type": null,
                        "rowId": null,
                        "cells": null
                    }
                ],
                "coordinate": null
            },
            {
                "id": 90,
                "type": "TEXT",
                "format_content": "1009AAC",
                "depth": 1,
                "sort_order": 65,
                "article": 17,
                "paragraph": 1,
                "subParagraph": null,
                "is_article_title": false,
                "content_labels": [
                    "1009033"
                ],
                "note": "",
                "name": null,
                "contents": [
                    {
                        "text": "① 기타 본 계약서에 명시되지 않은 사항은 “사업주”의 취업규칙 등 제 규정과 기타 노동관계법령이 정하는 바에 따른다.",
                        "type": null,
                        "rowId": null,
                        "cells": null
                    }
                ],
                "coordinate": null
            },
            {
                "id": 92,
                "type": "TEXT",
                "format_content": "1009AAC",
                "depth": 1,
                "sort_order": 66,
                "article": 17,
                "paragraph": 2,
                "subParagraph": null,
                "is_article_title": false,
                "content_labels": [
                    "1009025"
                ],
                "note": "",
                "name": null,
                "contents": [
                    {
                        "text": "② 본 계약은 “사업주”와 “근로자”의 서명 또는 기명날인으로 효력이 발생된다.",
                        "type": null,
                        "rowId": null,
                        "cells": null
                    }
                ],
                "coordinate": null
            },
            {
                "id": 93,
                "type": "TEXT",
                "format_content": "1009AAC",
                "depth": 1,
                "sort_order": 67,
                "article": 17,
                "paragraph": 3,
                "subParagraph": null,
                "is_article_title": false,
                "content_labels": [
                    "1009025"
                ],
                "note": "",
                "name": null,
                "contents": [
                    {
                        "text": "③ 본 계약은 반드시 서면에 의하여만 변경될 수 있다.",
                        "type": null,
                        "rowId": null,
                        "cells": null
                    }
                ],
                "coordinate": null
            },
            {
                "id": 94,
                "type": "TEXT",
                "format_content": "1009AAD",
                "depth": 2,
                "sort_order": 68,
                "article": null,
                "paragraph": null,
                "subParagraph": null,
                "is_article_title": false,
                "content_labels": [
                    "1009023"
                ],
                "note": "",
                "name": null,
                "contents": [
                    {
                        "text": "위와 같이 연봉 및 근로계약을 체결하였음을 확인하며, 본 계약서 2통을 작성하여, 각각 서명 날인 후 “사업주”와 “근로자”가 1통씩 보관한다.",
                        "type": null,
                        "rowId": null,
                        "cells": null
                    }
                ],
                "coordinate": null
            },
            {
                "id": 96,
                "type": "TEXT",
                "format_content": "1009AAE",
                "depth": 2,
                "sort_order": 69,
                "article": null,
                "paragraph": null,
                "subParagraph": null,
                "is_article_title": false,
                "content_labels": [
                    "1009026"
                ],
                "note": "",
                "name": null,
                "contents": [
                    {
                        "text": "(@날짜)",
                        "type": null,
                        "rowId": null,
                        "cells": null
                    }
                ],
                "coordinate": null
            },
            {
                "id": 97,
                "type": "TEXT",
                "format_content": "1009AAF",
                "depth": 2,
                "sort_order": 70,
                "article": null,
                "paragraph": null,
                "subParagraph": null,
                "is_article_title": false,
                "content_labels": [
                    "1009027",
                    "1009028"
                ],
                "note": "",
                "name": null,
                "contents": [
                    {
                        "text": "“사업주”\n사업체명 : (@회사) \n주     소 : (@주소1) \n대 표 자 :  (@성명2)                \n(서명 또는 인)",
                        "type": null,
                        "rowId": null,
                        "cells": null
                    }
                ],
                "coordinate": null
            },
            {
                "id": 110,
                "type": "TEXT",
                "format_content": "1009AAG",
                "depth": null,
                "sort_order": 71,
                "article": null,
                "paragraph": null,
                "subParagraph": null,
                "is_article_title": false,
                "content_labels": [
                    "1009025"
                ],
                "note": "",
                "name": null,
                "contents": [
                    {
                        "text": "본인은 본 근로계약조건 및 관련된 규정에 대하여 확인하였습니다. ",
                        "type": null,
                        "rowId": null,
                        "cells": null
                    }
                ],
                "coordinate": null
            },
            {
                "id": 111,
                "type": "TEXT",
                "format_content": "1009AAF",
                "depth": null,
                "sort_order": 72,
                "article": null,
                "paragraph": null,
                "subParagraph": null,
                "is_article_title": false,
                "content_labels": [
                    "1009029",
                    "1009030"
                ],
                "note": "",
                "name": null,
                "contents": [
                    {
                        "text": "“근로자” \n주민등록번호 : (@식별번호) \n주     소 : (@주소) \n성     명 :  (@성명1)                \n(서명 또는 인)",
                        "type": null,
                        "rowId": null,
                        "cells": null
                    }
                ],
                "coordinate": null
            }
        ]
    }
}