{
    "document": {
        "doc_type": "1009",
        "title": null,
        "status": 4,
        "is_hold": null,
        "page_count": 8,
        "sub_document_count": 75,
        "created_time": "2024-10-28T11:18:54.755",
        "main_category": null,
        "sub_category": null,
        "detail_category": null,
        "related_law": null,
        "purpose": null,
        "use_case": null,
        "sub_documents": [
            {
                "id": 1,
                "type": "TEXT",
                "format_content": "1009AAA",
                "depth": 0,
                "sort_order": 1,
                "article": null,
                "paragraph": null,
                "subParagraph": null,
                "is_article_title": false,
                "content_labels": [
                    "1009025"
                ],
                "note": "",
                "name": null,
                "contents": [
                    {
                        "text": "임 원 선 임 계 약 서",
                        "type": null,
                        "rowId": null,
                        "cells": null
                    }
                ],
                "coordinate": null
            },
            {
                "id": 131,
                "type": "TEXT",
                "format_content": "1009AAB",
                "depth": 0,
                "sort_order": 2,
                "article": null,
                "paragraph": null,
                "subParagraph": null,
                "is_article_title": false,
                "content_labels": [
                    "1009001"
                ],
                "note": "",
                "name": null,
                "contents": [
                    {
                        "text": "@회사명)(이하 “갑”)와 이관홍(이하 “을”), “갑”의 대주주 [ ](이하 “병”)은 근로관계 및 당사자간 임원선임계약상 권리와 의무를 설정하기 위하여 본 계약을 체결한다",
                        "type": null,
                        "rowId": null,
                        "cells": null
                    }
                ],
                "coordinate": null
            },
            {
                "id": 4,
                "type": "TEXT",
                "format_content": "1009AAC",
                "depth": 0,
                "sort_order": 3,
                "article": 1,
                "paragraph": null,
                "subParagraph": null,
                "is_article_title": true,
                "content_labels": [
                    "1009031"
                ],
                "note": "",
                "name": null,
                "contents": [
                    {
                        "text": "제1조 (목적)",
                        "type": null,
                        "rowId": null,
                        "cells": null
                    }
                ],
                "coordinate": null
            },
            {
                "id": 5,
                "type": "TEXT",
                "format_content": "1009AAC",
                "depth": 1,
                "sort_order": 4,
                "article": 1,
                "paragraph": null,
                "subParagraph": null,
                "is_article_title": false,
                "content_labels": [
                    "1009031"
                ],
                "note": "",
                "name": null,
                "contents": [
                    {
                        "text": "본 계약은 “갑”과 “을”사이의 임원 위임관계에서 “을”의 역할, 근무시간 및 “갑”이 발행한 주식 중 “을”에게 양도할 주식 수를 정하는 등 “갑”과 “을”, “병” 사이에 임원선임계약상 권리 의무 및 기타 제반사항을 규정함을 목적으로 한다.",
                        "type": null,
                        "rowId": null,
                        "cells": null
                    }
                ],
                "coordinate": null
            },
            {
                "id": 8,
                "type": "TEXT",
                "format_content": "1009AAC",
                "depth": 0,
                "sort_order": 5,
                "article": 2,
                "paragraph": null,
                "subParagraph": null,
                "is_article_title": true,
                "content_labels": [
                    "1009003"
                ],
                "note": "",
                "name": null,
                "contents": [
                    {
                        "text": "제2조 (수습기간) 미적용",
                        "type": null,
                        "rowId": null,
                        "cells": null
                    }
                ],
                "coordinate": null
            },
            {
                "id": 9,
                "type": "TEXT",
                "format_content": "1009AAC",
                "depth": 1,
                "sort_order": 6,
                "article": 2,
                "paragraph": 1,
                "subParagraph": null,
                "is_article_title": false,
                "content_labels": [
                    "1009003"
                ],
                "note": "",
                "name": null,
                "contents": [
                    {
                        "text": "1. ‘회사’는 ‘근로자’의 업무 적격성, 근무 태도, 사업장 내 인화의 정도 등을 판단하기 위하여 최초 입사일로부터 3개월을 수습기간으로 하며, 수습기간 동안은 제5조 임금의 90%를 지급한다. (단, 수습기간 동안의 급여가 최저임금의 90%에 미달하는 경우 최저임금의 90%를 지급함)",
                        "type": null,
                        "rowId": null,
                        "cells": null
                    }
                ],
                "coordinate": null
            },
            {
                "id": 11,
                "type": "TEXT",
                "format_content": "1009AAC",
                "depth": 2,
                "sort_order": 7,
                "article": 2,
                "paragraph": 2,
                "subParagraph": null,
                "is_article_title": false,
                "content_labels": [
                    "1009003"
                ],
                "note": "",
                "name": null,
                "contents": [
                    {
                        "text": "② 회사는 수습기간 중 또는 수습기간 만료 시 ‘근로자’의 업무 수행 태도와 능력, 근무 태도, 적성, 근무 성적 등을 종합 평가하여 직무 수행 능력과 자질, 태도 등을 갖추었는지를 평가하고, 계속 근무가 어렵다고 인정될 때에는 본 채용을 거부할 수 있다.",
                        "type": null,
                        "rowId": null,
                        "cells": null
                    }
                ],
                "coordinate": null
            },
            {
                "id": 12,
                "type": "TEXT",
                "format_content": "1009AAC",
                "depth": 1,
                "sort_order": 8,
                "article": 2,
                "paragraph": 3,
                "subParagraph": null,
                "is_article_title": false,
                "content_labels": [
                    "1009003",
                    "1009033"
                ],
                "note": "",
                "name": null,
                "contents": [
                    {
                        "text": "3. 수습기간은 근속기간에 포함되며, 기타 수습에 관한 사항은 취업규칙이 정하는 바에 따른다.",
                        "type": null,
                        "rowId": null,
                        "cells": null
                    }
                ],
                "coordinate": null
            },
            {
                "id": 13,
                "type": "TEXT",
                "format_content": "1009AAC",
                "depth": 0,
                "sort_order": 9,
                "article": 3,
                "paragraph": null,
                "subParagraph": null,
                "is_article_title": true,
                "content_labels": [
                    "1009004"
                ],
                "note": "",
                "name": null,
                "contents": [
                    {
                        "text": "제3조 (업무범위)",
                        "type": null,
                        "rowId": null,
                        "cells": null
                    }
                ],
                "coordinate": null
            },
            {
                "id": 14,
                "type": "TEXT",
                "format_content": "1009AAC",
                "depth": 1,
                "sort_order": 10,
                "article": 3,
                "paragraph": 1,
                "subParagraph": null,
                "is_article_title": false,
                "content_labels": [
                    "1009004"
                ],
                "note": "",
                "name": null,
                "contents": [
                    {
                        "text": "① “을”은 별도의 약정이나 합의가 없는 한, 다음 각 호의 업무를 수행한다.",
                        "type": null,
                        "rowId": null,
                        "cells": null
                    }
                ],
                "coordinate": null
            },
            {
                "id": 15,
                "type": "TEXT",
                "format_content": "1009AAC",
                "depth": 1,
                "sort_order": 11,
                "article": 3,
                "paragraph": 1,
                "subParagraph": 1,
                "is_article_title": false,
                "content_labels": [
                    "1009004"
                ],
                "note": "",
                "name": null,
                "contents": [
                    {
                        "text": "1. “갑”의 신규 개발자 채용 인터뷰 및 개발팀 구축",
                        "type": null,
                        "rowId": null,
                        "cells": null
                    }
                ],
                "coordinate": null
            },
            {
                "id": 16,
                "type": "TEXT",
                "format_content": "1009AAC",
                "depth": 2,
                "sort_order": 12,
                "article": 3,
                "paragraph": 1,
                "subParagraph": 2,
                "is_article_title": false,
                "content_labels": [
                    "1009004"
                ],
                "note": "",
                "name": null,
                "contents": [
                    {
                        "text": "2. 개발 로드맵에 대한 총괄",
                        "type": null,
                        "rowId": null,
                        "cells": null
                    }
                ],
                "coordinate": null
            },
            {
                "id": 17,
                "type": "TEXT",
                "format_content": "1009AAC",
                "depth": 2,
                "sort_order": 13,
                "article": 3,
                "paragraph": 1,
                "subParagraph": 3,
                "is_article_title": false,
                "content_labels": [
                    "1009004"
                ],
                "note": "",
                "name": null,
                "contents": [
                    {
                        "text": "3. 개발 진행에 따른 기술자문",
                        "type": null,
                        "rowId": null,
                        "cells": null
                    }
                ],
                "coordinate": null
            },
            {
                "id": 18,
                "type": "TEXT",
                "format_content": "1009AAC",
                "depth": 2,
                "sort_order": 14,
                "article": 3,
                "paragraph": 1,
                "subParagraph": 4,
                "is_article_title": false,
                "content_labels": [
                    "1009004"
                ],
                "note": "",
                "name": null,
                "contents": [
                    {
                        "text": "4. 기타 위 각호 업무의 진행에 필요한 업무",
                        "type": null,
                        "rowId": null,
                        "cells": null
                    }
                ],
                "coordinate": null
            },
            {
                "id": 19,
                "type": "TEXT",
                "format_content": "1009AAC",
                "depth": 1,
                "sort_order": 15,
                "article": 3,
                "paragraph": 2,
                "subParagraph": null,
                "is_article_title": false,
                "content_labels": [
                    "1009004"
                ],
                "note": "",
                "name": null,
                "contents": [
                    {
                        "text": "② “을”은 “갑”과 협의하여 제1항 각호 외의 업무를 수행할 수 있다.",
                        "type": null,
                        "rowId": null,
                        "cells": null
                    }
                ],
                "coordinate": null
            },
            {
                "id": 20,
                "type": "TEXT",
                "format_content": "1009AAC",
                "depth": 0,
                "sort_order": 16,
                "article": 4,
                "paragraph": null,
                "subParagraph": null,
                "is_article_title": true,
                "content_labels": [
                    "1009004",
                    "1009009"
                ],
                "note": "",
                "name": null,
                "contents": [
                    {
                        "text": "제4조 (직위와 보수)",
                        "type": null,
                        "rowId": null,
                        "cells": null
                    }
                ],
                "coordinate": null
            },
            {
                "id": 21,
                "type": "TEXT",
                "format_content": "1009AAC",
                "depth": 1,
                "sort_order": 17,
                "article": 4,
                "paragraph": 1,
                "subParagraph": null,
                "is_article_title": false,
                "content_labels": [
                    "1009004"
                ],
                "note": "",
                "name": null,
                "contents": [
                    {
                        "text": "① “을”은 “갑”의 비등기 임원으로서 본 계약상의 업무를 수행하면서 다음의 직을 담당한다.",
                        "type": null,
                        "rowId": null,
                        "cells": null
                    }
                ],
                "coordinate": null
            },
            {
                "id": 23,
                "type": "TEXT",
                "format_content": "1009AAC",
                "depth": 2,
                "sort_order": 18,
                "article": 4,
                "paragraph": 1,
                "subParagraph": 1,
                "is_article_title": false,
                "content_labels": [
                    "1009004",
                    "1009005"
                ],
                "note": "",
                "name": null,
                "contents": [
                    {
                        "text": "1. 부 서:",
                        "type": null,
                        "rowId": null,
                        "cells": null
                    }
                ],
                "coordinate": null
            },
            {
                "id": 24,
                "type": "TEXT",
                "format_content": "1009AAC",
                "depth": 2,
                "sort_order": 19,
                "article": 4,
                "paragraph": 1,
                "subParagraph": 2,
                "is_article_title": false,
                "content_labels": [
                    "1009004"
                ],
                "note": "",
                "name": null,
                "contents": [
                    {
                        "text": "2. 직 위:",
                        "type": null,
                        "rowId": null,
                        "cells": null
                    }
                ],
                "coordinate": null
            },
            {
                "id": 25,
                "type": "TEXT",
                "format_content": "1009AAC",
                "depth": 1,
                "sort_order": 20,
                "article": 4,
                "paragraph": 2,
                "subParagraph": null,
                "is_article_title": false,
                "content_labels": [
                    "1009009"
                ],
                "note": "",
                "name": null,
                "contents": [
                    {
                        "text": "② “갑”은 “을”에게 다음의 각 보수를 각 지급한다.",
                        "type": null,
                        "rowId": null,
                        "cells": null
                    }
                ],
                "coordinate": null
            },
            {
                "id": 26,
                "type": "TEXT",
                "format_content": "1009AAC",
                "depth": 2,
                "sort_order": 21,
                "article": 4,
                "paragraph": 2,
                "subParagraph": 1,
                "is_article_title": false,
                "content_labels": [
                    "1009009"
                ],
                "note": "",
                "name": null,
                "contents": [
                    {
                        "text": "1. 연 봉: 금 원(\\: /제세공과 포함) 정",
                        "type": null,
                        "rowId": null,
                        "cells": null
                    }
                ],
                "coordinate": null
            },
            {
                "id": 29,
                "type": "TEXT",
                "format_content": "1009AAC",
                "depth": 2,
                "sort_order": 22,
                "article": 4,
                "paragraph": 2,
                "subParagraph": 2,
                "is_article_title": false,
                "content_labels": [
                    "1009009"
                ],
                "note": "",
                "name": null,
                "contents": [
                    {
                        "text": "2. 인 센 티 브: 금 원(\\: /제세공과 포함) 정",
                        "type": null,
                        "rowId": null,
                        "cells": null
                    }
                ],
                "coordinate": null
            },
            {
                "id": 32,
                "type": "TEXT",
                "format_content": "1009AAC",
                "depth": 3,
                "sort_order": 23,
                "article": 4,
                "paragraph": 2,
                "subParagraph": 3,
                "is_article_title": false,
                "content_labels": [
                    "1009009"
                ],
                "note": "",
                "name": null,
                "contents": [
                    {
                        "text": "3. 기 타: 금 원(\\: /제세공과 포함) 정",
                        "type": null,
                        "rowId": null,
                        "cells": null
                    }
                ],
                "coordinate": null
            },
            {
                "id": 37,
                "type": "TEXT",
                "format_content": "1009AAC",
                "depth": 1,
                "sort_order": 24,
                "article": 4,
                "paragraph": 3,
                "subParagraph": null,
                "is_article_title": false,
                "content_labels": [
                    "1009010"
                ],
                "note": "",
                "name": null,
                "contents": [
                    {
                        "text": "③ 제2항의 보수는 다음 각 호에 따라 지급한다.",
                        "type": null,
                        "rowId": null,
                        "cells": null
                    }
                ],
                "coordinate": null
            },
            {
                "id": 38,
                "type": "TEXT",
                "format_content": "1009AAC",
                "depth": 2,
                "sort_order": 25,
                "article": 4,
                "paragraph": 3,
                "subParagraph": 1,
                "is_article_title": false,
                "content_labels": [
                    "1009010"
                ],
                "note": "",
                "name": null,
                "contents": [
                    {
                        "text": "1. 연봉의 1/12 매월 00일지급",
                        "type": null,
                        "rowId": null,
                        "cells": null
                    }
                ],
                "coordinate": null
            },
            {
                "id": 39,
                "type": "TEXT",
                "format_content": "1009AAC",
                "depth": 3,
                "sort_order": 26,
                "article": 4,
                "paragraph": 3,
                "subParagraph": 2,
                "is_article_title": false,
                "content_labels": [
                    "1009010",
                    "1009012"
                ],
                "note": "",
                "name": null,
                "contents": [
                    {
                        "text": "2. 인센티브는 지급하기로 결정된 후 00 일 이내 지급",
                        "type": null,
                        "rowId": null,
                        "cells": null
                    }
                ],
                "coordinate": null
            },
            {
                "id": 40,
                "type": "TEXT",
                "format_content": "1009AAC",
                "depth": 1,
                "sort_order": 27,
                "article": 4,
                "paragraph": 4,
                "subParagraph": null,
                "is_article_title": false,
                "content_labels": [
                    "1009009"
                ],
                "note": "",
                "name": null,
                "contents": [
                    {
                        "text": "④ 제2항의 보수는 당사자 협의를 통하여 서면으로 달리 정할 수 있다.",
                        "type": null,
                        "rowId": null,
                        "cells": null
                    }
                ],
                "coordinate": null
            },
            {
                "id": 41,
                "type": "TEXT",
                "format_content": "1009AAC",
                "depth": 2,
                "sort_order": 28,
                "article": 5,
                "paragraph": null,
                "subParagraph": null,
                "is_article_title": true,
                "content_labels": [
                    "1009020"
                ],
                "note": "",
                "name": null,
                "contents": [
                    {
                        "text": "제5조 (겸업 및 경업 등 금지)",
                        "type": null,
                        "rowId": null,
                        "cells": null
                    }
                ],
                "coordinate": null
            },
            {
                "id": 42,
                "type": "TEXT",
                "format_content": "1009AAC",
                "depth": 3,
                "sort_order": 29,
                "article": 5,
                "paragraph": 1,
                "subParagraph": null,
                "is_article_title": false,
                "content_labels": [
                    "1009020"
                ],
                "note": "",
                "name": null,
                "contents": [
                    {
                        "text": "1. 본 계약에 따른 근로기간 동안 근로자는 회사의 경쟁업체나 경쟁업체의 계열사를 위해 용역을 제공하지 아니하며, 회사가 사전에 서면으로 동의하지 않는 한 회사의 이익에 반하는 어떠한 행위도 하지 아니한다.",
                        "type": null,
                        "rowId": null,
                        "cells": null
                    }
                ],
                "coordinate": null
            },
            {
                "id": 43,
                "type": "TEXT",
                "format_content": "1009AAC",
                "depth": 3,
                "sort_order": 30,
                "article": 5,
                "paragraph": 2,
                "subParagraph": null,
                "is_article_title": false,
                "content_labels": [
                    "1009020"
                ],
                "note": "",
                "name": null,
                "contents": [
                    {
                        "text": "2. 근로자는 퇴사 후 1년 간 회사에서 습득한 정보와 기술을 이용하여 동일한 사업 내용의 경쟁업체에 취업하거나, 이를 기반으로 창업하여 회사에 손해를 끼치는 행위를 하지 않는다.",
                        "type": null,
                        "rowId": null,
                        "cells": null
                    }
                ],
                "coordinate": null
            },
            {
                "id": 44,
                "type": "TEXT",
                "format_content": "1009AAC",
                "depth": 2,
                "sort_order": 31,
                "article": 6,
                "paragraph": null,
                "subParagraph": null,
                "is_article_title": true,
                "content_labels": [
                    "1009025"
                ],
                "note": "",
                "name": null,
                "contents": [
                    {
                        "text": "제6조 (지분의 부여) ",
                        "type": null,
                        "rowId": null,
                        "cells": null
                    }
                ],
                "coordinate": null
            },
            {
                "id": 45,
                "type": "TEXT",
                "format_content": "1009AAC",
                "depth": 3,
                "sort_order": 32,
                "article": 6,
                "paragraph": 1,
                "subParagraph": null,
                "is_article_title": false,
                "content_labels": [
                    "1009025"
                ],
                "note": "",
                "name": null,
                "contents": [
                    {
                        "text": "① “갑”과 “병”은 본 계약 체결일로부터 상당기간내에 “을”에게 총 [ ]주를 지급하기로 한다. 구체적인 지급 시기와 수량은 다음 각호와 같이 정한다.",
                        "type": null,
                        "rowId": null,
                        "cells": null
                    }
                ],
                "coordinate": null
            },
            {
                "id": 47,
                "type": "TEXT",
                "format_content": "1009AAC",
                "depth": 4,
                "sort_order": 33,
                "article": 6,
                "paragraph": 1,
                "subParagraph": 1,
                "is_article_title": false,
                "content_labels": [
                    "1009025"
                ],
                "note": "",
                "name": null,
                "contents": [
                    {
                        "text": "1. 계약체결시 : [    ]주",
                        "type": null,
                        "rowId": null,
                        "cells": null
                    }
                ],
                "coordinate": null
            },
            {
                "id": 48,
                "type": "TEXT",
                "format_content": "1009AAC",
                "depth": 4,
                "sort_order": 34,
                "article": 6,
                "paragraph": 1,
                "subParagraph": 2,
                "is_article_title": false,
                "content_labels": [
                    "1009025"
                ],
                "note": "",
                "name": null,
                "contents": [
                    {
                        "text": "2. 계약체결일로부터 1년 6개월 : [    ]주",
                        "type": null,
                        "rowId": null,
                        "cells": null
                    }
                ],
                "coordinate": null
            },
            {
                "id": 49,
                "type": "TEXT",
                "format_content": "1009AAC",
                "depth": 4,
                "sort_order": 35,
                "article": 6,
                "paragraph": 1,
                "subParagraph": 3,
                "is_article_title": false,
                "content_labels": [
                    "1009025"
                ],
                "note": "",
                "name": null,
                "contents": [
                    {
                        "text": "3. 제1호에 규정된 날로부터 1년 6개월 : [    ]주",
                        "type": null,
                        "rowId": null,
                        "cells": null
                    }
                ],
                "coordinate": null
            },
            {
                "id": 50,
                "type": "TEXT",
                "format_content": "1009AAC",
                "depth": 4,
                "sort_order": 36,
                "article": 6,
                "paragraph": 1,
                "subParagraph": 4,
                "is_article_title": false,
                "content_labels": [
                    "1009025"
                ],
                "note": "",
                "name": null,
                "contents": [
                    {
                        "text": "4. 제2호에 규정된 날로부터 1년 : [    ]주",
                        "type": null,
                        "rowId": null,
                        "cells": null
                    }
                ],
                "coordinate": null
            },
            {
                "id": 51,
                "type": "TEXT",
                "format_content": "1009AAC",
                "depth": 3,
                "sort_order": 37,
                "article": 6,
                "paragraph": 2,
                "subParagraph": null,
                "is_article_title": false,
                "content_labels": [
                    "1009025"
                ],
                "note": "",
                "name": null,
                "contents": [
                    {
                        "text": "② 제1항의 주식 지급은 “갑”과 “을”의 임원선임계약이 계속 중일 것을 요한다.",
                        "type": null,
                        "rowId": null,
                        "cells": null
                    }
                ],
                "coordinate": null
            },
            {
                "id": 52,
                "type": "TEXT",
                "format_content": "1009AAC",
                "depth": 3,
                "sort_order": 38,
                "article": 6,
                "paragraph": 3,
                "subParagraph": null,
                "is_article_title": false,
                "content_labels": [
                    "1009025"
                ],
                "note": "",
                "name": null,
                "contents": [
                    {
                        "text": "③ “갑”, “을”, “병”은 본 조에 따른 주식의 지급방법(신주발행 또는 “병” 보유 주식의 양도) 에 대해서 별도 협의를 거친 후 정한다.",
                        "type": null,
                        "rowId": null,
                        "cells": null
                    }
                ],
                "coordinate": null
            },
            {
                "id": 132,
                "type": "TEXT",
                "format_content": "1009AAC",
                "depth": 3,
                "sort_order": 39,
                "article": 7,
                "paragraph": null,
                "subParagraph": null,
                "is_article_title": true,
                "content_labels": [
                    "1009006"
                ],
                "note": "",
                "name": null,
                "contents": [
                    {
                        "text": "제7조 (근로시간)",
                        "type": null,
                        "rowId": null,
                        "cells": null
                    }
                ],
                "coordinate": null
            },
            {
                "id": 55,
                "type": "TEXT",
                "format_content": "1009AAC",
                "depth": 4,
                "sort_order": 40,
                "article": 7,
                "paragraph": 1,
                "subParagraph": null,
                "is_article_title": false,
                "content_labels": [
                    "1009006"
                ],
                "note": "",
                "name": null,
                "contents": [
                    {
                        "text": "① “을”의 업무시간은 월 20시간으로 한다.",
                        "type": null,
                        "rowId": null,
                        "cells": null
                    }
                ],
                "coordinate": null
            },
            {
                "id": 56,
                "type": "TEXT",
                "format_content": "1009AAC",
                "depth": 4,
                "sort_order": 41,
                "article": 7,
                "paragraph": 2,
                "subParagraph": null,
                "is_article_title": false,
                "content_labels": [
                    "1009006"
                ],
                "note": "",
                "name": null,
                "contents": [
                    {
                        "text": "② 제1항의 업무시간은 당사자간 협의를 통하여 서면으로 달리 정할 수 있다.",
                        "type": null,
                        "rowId": null,
                        "cells": null
                    }
                ],
                "coordinate": null
            },
            {
                "id": 57,
                "type": "TEXT",
                "format_content": "1009AAC",
                "depth": 2,
                "sort_order": 42,
                "article": 8,
                "paragraph": null,
                "subParagraph": null,
                "is_article_title": true,
                "content_labels": [
                    "1009002"
                ],
                "note": "",
                "name": null,
                "contents": [
                    {
                        "text": "제8조 (계약기간)",
                        "type": null,
                        "rowId": null,
                        "cells": null
                    }
                ],
                "coordinate": null
            },
            {
                "id": 58,
                "type": "TEXT",
                "format_content": "1009AAC",
                "depth": 3,
                "sort_order": 43,
                "article": 8,
                "paragraph": 1,
                "subParagraph": null,
                "is_article_title": false,
                "content_labels": [
                    "1009002"
                ],
                "note": "",
                "name": null,
                "contents": [
                    {
                        "text": "① 본 계약은 2023년 00월 00일터 202X 00월 00일지로 한다.",
                        "type": null,
                        "rowId": null,
                        "cells": null
                    }
                ],
                "coordinate": null
            },
            {
                "id": 59,
                "type": "TEXT",
                "format_content": "1009AAC",
                "depth": 3,
                "sort_order": 44,
                "article": 8,
                "paragraph": 2,
                "subParagraph": null,
                "is_article_title": false,
                "content_labels": [
                    "1009018",
                    "1009033"
                ],
                "note": "",
                "name": null,
                "contents": [
                    {
                        "text": "② 계약기간의 종료와 관련하여 민법상 위임계약의 법리에 따르도록 한다.",
                        "type": null,
                        "rowId": null,
                        "cells": null
                    }
                ],
                "coordinate": null
            },
            {
                "id": 60,
                "type": "TEXT",
                "format_content": "1009AAC",
                "depth": 3,
                "sort_order": 45,
                "article": 8,
                "paragraph": 3,
                "subParagraph": null,
                "is_article_title": false,
                "content_labels": [
                    "1009018"
                ],
                "note": "",
                "name": null,
                "contents": [
                    {
                        "text": "③ 계약만료일 30 일 전까지 새로운 계약이 체결되지 않은 경우 본 계약은 합의해지 된 것으로 본다",
                        "type": null,
                        "rowId": null,
                        "cells": null
                    }
                ],
                "coordinate": null
            },
            {
                "id": 62,
                "type": "TEXT",
                "format_content": "1009AAC",
                "depth": 2,
                "sort_order": 46,
                "article": 9,
                "paragraph": null,
                "subParagraph": null,
                "is_article_title": true,
                "content_labels": [
                    "1009015",
                    "1009014"
                ],
                "note": "",
                "name": null,
                "contents": [
                    {
                        "text": "제9조 (유급휴일 및 연차유급휴가)",
                        "type": null,
                        "rowId": null,
                        "cells": null
                    }
                ],
                "coordinate": null
            },
            {
                "id": 63,
                "type": "TEXT",
                "format_content": "1009AAC",
                "depth": 3,
                "sort_order": 47,
                "article": 9,
                "paragraph": null,
                "subParagraph": null,
                "is_article_title": false,
                "content_labels": [
                    "1009015",
                    "1009014"
                ],
                "note": "",
                "name": null,
                "contents": [
                    {
                        "text": "“을”은 비등기 임원으로서 유급휴일이나 연차유급휴가와 관련하여 근로기준법의 적용이 없음을 확인한다.",
                        "type": null,
                        "rowId": null,
                        "cells": null
                    }
                ],
                "coordinate": null
            },
            {
                "id": 65,
                "type": "TEXT",
                "format_content": "1009AAC",
                "depth": 2,
                "sort_order": 48,
                "article": 10,
                "paragraph": null,
                "subParagraph": null,
                "is_article_title": true,
                "content_labels": [
                    "1009016",
                    "1009017"
                ],
                "note": "",
                "name": null,
                "contents": [
                    {
                        "text": "제10조  (퇴직 및 퇴직급여)",
                        "type": null,
                        "rowId": null,
                        "cells": null
                    }
                ],
                "coordinate": null
            },
            {
                "id": 66,
                "type": "TEXT",
                "format_content": "1009AAC",
                "depth": 3,
                "sort_order": 49,
                "article": 10,
                "paragraph": 1,
                "subParagraph": null,
                "is_article_title": false,
                "content_labels": [
                    "1009016"
                ],
                "note": "",
                "name": null,
                "contents": [
                    {
                        "text": "① “을”이 퇴직하고자 할 때에는 퇴직예정일 [ ]일 이전까지 “갑”에게 서면으로 통보하여야 하며 퇴직일까지 업무 인수인계를 충실히 거쳐야 한다.",
                        "type": null,
                        "rowId": null,
                        "cells": null
                    }
                ],
                "coordinate": null
            },
            {
                "id": 68,
                "type": "TEXT",
                "format_content": "1009AAC",
                "depth": 3,
                "sort_order": 50,
                "article": 10,
                "paragraph": 2,
                "subParagraph": null,
                "is_article_title": false,
                "content_labels": [
                    "1009019"
                ],
                "note": "",
                "name": null,
                "contents": [
                    {
                        "text": "② “을”이 제 1 항의 기간을 위반하여 일방적으로 퇴직하거나 불성실한 업무 인수인계 등으로 인하여 회사에게 손해를 끼친 경우에는 민·형사상의 책임을 진다.",
                        "type": null,
                        "rowId": null,
                        "cells": null
                    }
                ],
                "coordinate": null
            },
            {
                "id": 70,
                "type": "TEXT",
                "format_content": "1009AAC",
                "depth": 4,
                "sort_order": 51,
                "article": 10,
                "paragraph": 3,
                "subParagraph": null,
                "is_article_title": false,
                "content_labels": [
                    "1009017"
                ],
                "note": "",
                "name": null,
                "contents": [
                    {
                        "text": "③ “을”의 퇴직시 퇴직급여는 임원퇴직급여규정에 따른다. 임원퇴직급여규정이 없는 경우 지급을 할 수 없다",
                        "type": null,
                        "rowId": null,
                        "cells": null
                    }
                ],
                "coordinate": null
            },
            {
                "id": 72,
                "type": "TEXT",
                "format_content": "1009AAC",
                "depth": 2,
                "sort_order": 52,
                "article": 11,
                "paragraph": null,
                "subParagraph": null,
                "is_article_title": true,
                "content_labels": [
                    "1009021"
                ],
                "note": "",
                "name": null,
                "contents": [
                    {
                        "text": "제11조 (비밀유지의무 및 개인정보보호의무)",
                        "type": null,
                        "rowId": null,
                        "cells": null
                    }
                ],
                "coordinate": null
            },
            {
                "id": 73,
                "type": "TEXT",
                "format_content": "1009AAC",
                "depth": 3,
                "sort_order": 53,
                "article": 11,
                "paragraph": 1,
                "subParagraph": null,
                "is_article_title": false,
                "content_labels": [
                    "1009021"
                ],
                "note": "",
                "name": null,
                "contents": [
                    {
                        "text": "① “을”은 재직 중 “갑”의 허락없이 업무상 취득한 비밀 및 “갑”의 영업상 정보를 누설하거나 반출하여서는 아니된다.",
                        "type": null,
                        "rowId": null,
                        "cells": null
                    }
                ],
                "coordinate": null
            },
            {
                "id": 75,
                "type": "TEXT",
                "format_content": "1009AAC",
                "depth": 3,
                "sort_order": 54,
                "article": 11,
                "paragraph": 2,
                "subParagraph": null,
                "is_article_title": false,
                "content_labels": [
                    "1009021"
                ],
                "note": "",
                "name": null,
                "contents": [
                    {
                        "text": "② “을”의 퇴직 후에도 제1항의 의무는 유효하다.",
                        "type": null,
                        "rowId": null,
                        "cells": null
                    }
                ],
                "coordinate": null
            },
            {
                "id": 76,
                "type": "TEXT",
                "format_content": "1009AAC",
                "depth": 3,
                "sort_order": 55,
                "article": 11,
                "paragraph": 3,
                "subParagraph": null,
                "is_article_title": false,
                "content_labels": [
                    "1009019",
                    "1009021"
                ],
                "note": "",
                "name": null,
                "contents": [
                    {
                        "text": "③ “을”이 고의 또는 과실로 제 1 항 내지 제 2 항을 위반하여 “갑”에게 손해를 끼친 경우에는 민·형사상의 책임을 부담한다.",
                        "type": null,
                        "rowId": null,
                        "cells": null
                    }
                ],
                "coordinate": null
            },
            {
                "id": 78,
                "type": "TEXT",
                "format_content": "1009AAC",
                "depth": 0,
                "sort_order": 56,
                "article": 12,
                "paragraph": null,
                "subParagraph": null,
                "is_article_title": true,
                "content_labels": [
                    "1009018"
                ],
                "note": "",
                "name": null,
                "contents": [
                    {
                        "text": "제12조 (근로계약 해지사유)",
                        "type": null,
                        "rowId": null,
                        "cells": null
                    }
                ],
                "coordinate": null
            },
            {
                "id": 79,
                "type": "TEXT",
                "format_content": "1009AAC",
                "depth": 1,
                "sort_order": 57,
                "article": 12,
                "paragraph": null,
                "subParagraph": null,
                "is_article_title": false,
                "content_labels": [
                    "1009018"
                ],
                "note": "",
                "name": null,
                "contents": [
                    {
                        "text": "다음 각 호의 사유가 있을 때에는 “갑”은 “을”과의 임원선임계약을 해지할 수 있다.",
                        "type": null,
                        "rowId": null,
                        "cells": null
                    }
                ],
                "coordinate": null
            },
            {
                "id": 80,
                "type": "TEXT",
                "format_content": "1009AAC",
                "depth": 1,
                "sort_order": 58,
                "article": 12,
                "paragraph": 1,
                "subParagraph": null,
                "is_article_title": false,
                "content_labels": [
                    "1009018"
                ],
                "note": "",
                "name": null,
                "contents": [
                    {
                        "text": "1. 사규 또는 정당한 업무명령을 위반하여 해고된 경우",
                        "type": null,
                        "rowId": null,
                        "cells": null
                    }
                ],
                "coordinate": null
            },
            {
                "id": 81,
                "type": "TEXT",
                "format_content": "1009AAC",
                "depth": 1,
                "sort_order": 59,
                "article": 12,
                "paragraph": 2,
                "subParagraph": null,
                "is_article_title": false,
                "content_labels": [
                    "1009018"
                ],
                "note": "",
                "name": null,
                "contents": [
                    {
                        "text": "2. 학력, 경력을 위조하여 허위로 임원선임계약을 체결한 경우",
                        "type": null,
                        "rowId": null,
                        "cells": null
                    }
                ],
                "coordinate": null
            },
            {
                "id": 82,
                "type": "TEXT",
                "format_content": "1009AAC",
                "depth": 1,
                "sort_order": 60,
                "article": 12,
                "paragraph": 3,
                "subParagraph": null,
                "is_article_title": false,
                "content_labels": [
                    "1009018"
                ],
                "note": "",
                "name": null,
                "contents": [
                    {
                        "text": "3. 정당한 사유 없이 무단으로 조퇴 또는 외출, 결근을 2회 이상 반복하는 경우",
                        "type": null,
                        "rowId": null,
                        "cells": null
                    }
                ],
                "coordinate": null
            },
            {
                "id": 83,
                "type": "TEXT",
                "format_content": "1009AAC",
                "depth": 1,
                "sort_order": 61,
                "article": 12,
                "paragraph": 4,
                "subParagraph": null,
                "is_article_title": false,
                "content_labels": [
                    "1009018"
                ],
                "note": "",
                "name": null,
                "contents": [
                    {
                        "text": "4. 근로자의 일신상의 사유로 정상적인 근로제공이 불가능한 경우",
                        "type": null,
                        "rowId": null,
                        "cells": null
                    }
                ],
                "coordinate": null
            },
            {
                "id": 84,
                "type": "TEXT",
                "format_content": "1009AAC",
                "depth": 1,
                "sort_order": 62,
                "article": 12,
                "paragraph": 5,
                "subParagraph": null,
                "is_article_title": false,
                "content_labels": [
                    "1009018"
                ],
                "note": "",
                "name": null,
                "contents": [
                    {
                        "text": "5. 기타 법령 및 사회상규를 위반하여 사회통념상 계속적으로 위임관계를 유지하기 어려운 경우",
                        "type": null,
                        "rowId": null,
                        "cells": null
                    }
                ],
                "coordinate": null
            },
            {
                "id": 86,
                "type": "TEXT",
                "format_content": "1009AAC",
                "depth": 2,
                "sort_order": 63,
                "article": 13,
                "paragraph": null,
                "subParagraph": null,
                "is_article_title": true,
                "content_labels": [
                    "1009019"
                ],
                "note": "",
                "name": null,
                "contents": [
                    {
                        "text": "제13조 (손해배상) ",
                        "type": null,
                        "rowId": null,
                        "cells": null
                    }
                ],
                "coordinate": null
            },
            {
                "id": 88,
                "type": "TEXT",
                "format_content": "1009AAC",
                "depth": 2,
                "sort_order": 64,
                "article": 13,
                "paragraph": null,
                "subParagraph": null,
                "is_article_title": false,
                "content_labels": [
                    "1009019"
                ],
                "note": "",
                "name": null,
                "contents": [
                    {
                        "text": "“을”의 귀책사유로 인해 본 계약기간 중 또는 계약해지 후 사용자에게 손해를 입힌 경우에 “을”은 “갑”에게 그로 인한 일체의 손해를 배상하여야 한다. ",
                        "type": null,
                        "rowId": null,
                        "cells": null
                    }
                ],
                "coordinate": null
            },
            {
                "id": 89,
                "type": "TEXT",
                "format_content": "1009AAC",
                "depth": 0,
                "sort_order": 65,
                "article": 14,
                "paragraph": null,
                "subParagraph": null,
                "is_article_title": true,
                "content_labels": [
                    "1009033"
                ],
                "note": "",
                "name": null,
                "contents": [
                    {
                        "text": "제14조 (보충규정)",
                        "type": null,
                        "rowId": null,
                        "cells": null
                    }
                ],
                "coordinate": null
            },
            {
                "id": 90,
                "type": "TEXT",
                "format_content": "1009AAC",
                "depth": 1,
                "sort_order": 66,
                "article": 14,
                "paragraph": null,
                "subParagraph": null,
                "is_article_title": false,
                "content_labels": [
                    "1009033"
                ],
                "note": "",
                "name": null,
                "contents": [
                    {
                        "text": "본 계약은 임원 선임에 대한 것으로 근로기준법 등 노동관계법령, 취업규칙이 적용되지않음을 확인한다. 본 계약에 정하지 않은 사항에 대해서는 민법상 위임의 법리 또는 상법의 이사에 대한 법리에 의한다",
                        "type": null,
                        "rowId": null,
                        "cells": null
                    }
                ],
                "coordinate": null
            },
            {
                "id": 93,
                "type": "TEXT",
                "format_content": "1009AAC",
                "depth": 0,
                "sort_order": 67,
                "article": 15,
                "paragraph": null,
                "subParagraph": null,
                "is_article_title": true,
                "content_labels": [
                    "1009023"
                ],
                "note": "",
                "name": null,
                "contents": [
                    {
                        "text": "제15조 (임원선임계약서의 교부)",
                        "type": null,
                        "rowId": null,
                        "cells": null
                    }
                ],
                "coordinate": null
            },
            {
                "id": 94,
                "type": "TEXT",
                "format_content": "1009AAC",
                "depth": 1,
                "sort_order": 68,
                "article": 15,
                "paragraph": null,
                "subParagraph": null,
                "is_article_title": false,
                "content_labels": [
                    "1009023"
                ],
                "note": "",
                "name": null,
                "contents": [
                    {
                        "text": "“갑”은 “을”, “병”은 본 임원선임계약을 체결함과 동시에 본 계약서 3 부를 작성하여 1 부를 “을”에게 교부한다",
                        "type": null,
                        "rowId": null,
                        "cells": null
                    }
                ],
                "coordinate": null
            },
            {
                "id": 96,
                "type": "TEXT",
                "format_content": "1009AAC",
                "depth": 0,
                "sort_order": 69,
                "article": 16,
                "paragraph": null,
                "subParagraph": null,
                "is_article_title": true,
                "content_labels": [
                    "1009024"
                ],
                "note": "",
                "name": null,
                "contents": [
                    {
                        "text": "제16조 (분쟁의 해결)",
                        "type": null,
                        "rowId": null,
                        "cells": null
                    }
                ],
                "coordinate": null
            },
            {
                "id": 97,
                "type": "TEXT",
                "format_content": "1009AAC",
                "depth": 1,
                "sort_order": 70,
                "article": 16,
                "paragraph": null,
                "subParagraph": null,
                "is_article_title": false,
                "content_labels": [
                    "1009024"
                ],
                "note": "",
                "name": null,
                "contents": [
                    {
                        "text": "본 계약의 해석이나 이행에 관하여 양 당사자간에 의견차이 또는 분쟁이 발생한 경우 양당사자간의 합의로 해결함을 원칙으로 한다. 만약, 양 당사자간의 원만한 합의에 도달하지 못한 경우, 본 계약으로부터 발생되는 모든 분쟁은 서울중앙지방법원을 제1심의 전속적 합의관할법원으로 하여 최종적으로 해결한다",
                        "type": null,
                        "rowId": null,
                        "cells": null
                    }
                ],
                "coordinate": null
            },
            {
                "id": 101,
                "type": "TEXT",
                "format_content": "1009AAD",
                "depth": 1,
                "sort_order": 71,
                "article": null,
                "paragraph": null,
                "subParagraph": null,
                "is_article_title": false,
                "content_labels": [
                    "1009023"
                ],
                "note": "",
                "name": null,
                "contents": [
                    {
                        "text": "본 계약의 체결사실 및 계약내용을 증명하기 위하여 계약서를 3 부 작성하여 계약 당사자가 각각 서명 또는 날인한 후 각 1 부씩 보관한다. ",
                        "type": null,
                        "rowId": null,
                        "cells": null
                    }
                ],
                "coordinate": null
            },
            {
                "id": 103,
                "type": "TEXT",
                "format_content": "1009AAG",
                "depth": 1,
                "sort_order": 72,
                "article": null,
                "paragraph": null,
                "subParagraph": null,
                "is_article_title": false,
                "content_labels": [
                    "1009025"
                ],
                "note": "",
                "name": null,
                "contents": [
                    {
                        "text": "* * *",
                        "type": null,
                        "rowId": null,
                        "cells": null
                    }
                ],
                "coordinate": null
            },
            {
                "id": 106,
                "type": "TEXT",
                "format_content": "1009AAE",
                "depth": 1,
                "sort_order": 73,
                "article": null,
                "paragraph": null,
                "subParagraph": null,
                "is_article_title": false,
                "content_labels": [
                    "1009026"
                ],
                "note": "",
                "name": null,
                "contents": [
                    {
                        "text": "2023 년 월 일",
                        "type": null,
                        "rowId": null,
                        "cells": null
                    }
                ],
                "coordinate": null
            },
            {
                "id": 109,
                "type": "TEXT",
                "format_content": "1009AAF",
                "depth": 1,
                "sort_order": 74,
                "article": null,
                "paragraph": null,
                "subParagraph": null,
                "is_article_title": false,
                "content_labels": [
                    "1009027",
                    "1009028"
                ],
                "note": "",
                "name": null,
                "contents": [
                    {
                        "text": "“갑”\n(@회사명)\n대표이사: (인)\n주 소:\n연 락 처:",
                        "type": null,
                        "rowId": null,
                        "cells": null
                    }
                ],
                "coordinate": null
            },
            {
                "id": 116,
                "type": "TEXT",
                "format_content": "1009AAF",
                "depth": 1,
                "sort_order": 75,
                "article": null,
                "paragraph": null,
                "subParagraph": null,
                "is_article_title": false,
                "content_labels": [
                    "1009029",
                    "1009030"
                ],
                "note": "",
                "name": null,
                "contents": [
                    {
                        "text": "“을”\n(@성명) (인)\n생년월일:\n주 소: \n연 락 처:",
                        "type": null,
                        "rowId": null,
                        "cells": null
                    }
                ],
                "coordinate": null
            }
        ]
    }
}