{
    "document": {
        "doc_type": "1009",
        "title": "법무법인 (@회사) 근로계약서((@직업))",
        "status": 10,
        "is_hold": null,
        "page_count": 4,
        "sub_document_count": 48,
        "created_time": "2024-11-13T15:30:29.709",
        "main_category": null,
        "sub_category": null,
        "detail_category": null,
        "related_law": null,
        "purpose": null,
        "use_case": null,
        "sub_documents": [
            {
                "id": 1,
                "type": "TEXT",
                "format_content": "1009AAA",
                "depth": 0,
                "sort_order": 1,
                "article": null,
                "paragraph": null,
                "subParagraph": null,
                "is_article_title": false,
                "content_labels": [
                    "1009025"
                ],
                "note": "",
                "name": null,
                "contents": [
                    {
                        "text": "법무법인 (@회사) 근로계약서((@직업))",
                        "type": null,
                        "rowId": null,
                        "cells": null
                    }
                ],
                "coordinate": null
            },
            {
                "id": 2,
                "type": "TEXT",
                "format_content": "1009AAB",
                "depth": 0,
                "sort_order": 2,
                "article": null,
                "paragraph": null,
                "subParagraph": null,
                "is_article_title": false,
                "content_labels": [
                    "1009001"
                ],
                "note": "",
                "name": null,
                "contents": [
                    {
                        "text": "법무법인 (@회사)(이하 ‘사용자’)와 (@성함)(이하 ‘근로자’)은 다음과 같이 근로계약을 체결하고 이를 성실히 이행할 것을 약속한다.",
                        "type": null,
                        "rowId": null,
                        "cells": null
                    }
                ],
                "coordinate": null
            },
            {
                "id": 3,
                "type": "TEXT",
                "format_content": "1009AAC",
                "depth": 0,
                "sort_order": 3,
                "article": 1,
                "paragraph": null,
                "subParagraph": null,
                "is_article_title": true,
                "content_labels": [
                    "1009029"
                ],
                "note": "",
                "name": null,
                "contents": [
                    {
                        "text": "1. 근로자 인적사항",
                        "type": null,
                        "rowId": null,
                        "cells": null
                    }
                ],
                "coordinate": null
            },
            {
                "id": 4,
                "type": "TEXT",
                "format_content": "1009AAC",
                "depth": 1,
                "sort_order": 4,
                "article": 1,
                "paragraph": null,
                "subParagraph": null,
                "is_article_title": false,
                "content_labels": [
                    "1009025"
                ],
                "note": "",
                "name": null,
                "contents": [
                    {
                        "text": "입사일자 : 20  .   .   .",
                        "type": null,
                        "rowId": null,
                        "cells": null
                    }
                ],
                "coordinate": null
            },
            {
                "id": 5,
                "type": "TEXT",
                "format_content": "1009AAC",
                "depth": 1,
                "sort_order": 5,
                "article": 1,
                "paragraph": null,
                "subParagraph": null,
                "is_article_title": false,
                "content_labels": [
                    "1009029"
                ],
                "note": "",
                "name": null,
                "contents": [
                    {
                        "text": "성명 : (@성함)\n생년월일 : (@생년월일)\n주소 : (@주소)\n연락처 : (@전화번호)",
                        "type": null,
                        "rowId": null,
                        "cells": null
                    }
                ],
                "coordinate": null
            },
            {
                "id": 6,
                "type": "TEXT",
                "format_content": "1009AAC",
                "depth": 0,
                "sort_order": 6,
                "article": 2,
                "paragraph": null,
                "subParagraph": null,
                "is_article_title": true,
                "content_labels": [
                    "1009002"
                ],
                "note": "",
                "name": null,
                "contents": [
                    {
                        "text": "2. 계약기간",
                        "type": null,
                        "rowId": null,
                        "cells": null
                    }
                ],
                "coordinate": null
            },
            {
                "id": 7,
                "type": "TEXT",
                "format_content": "1009AAC",
                "depth": 1,
                "sort_order": 7,
                "article": 2,
                "paragraph": null,
                "subParagraph": null,
                "is_article_title": false,
                "content_labels": [
                    "1009002"
                ],
                "note": "",
                "name": null,
                "contents": [
                    {
                        "text": "이 계약의 유효기간은 (@날짜)까지로 한다.",
                        "type": null,
                        "rowId": null,
                        "cells": null
                    }
                ],
                "coordinate": null
            },
            {
                "id": 8,
                "type": "TEXT",
                "format_content": "1009AAC",
                "depth": 0,
                "sort_order": 8,
                "article": 3,
                "paragraph": null,
                "subParagraph": null,
                "is_article_title": true,
                "content_labels": [
                    "1009025"
                ],
                "note": "",
                "name": null,
                "contents": [
                    {
                        "text": "3. 근로조건",
                        "type": null,
                        "rowId": null,
                        "cells": null
                    }
                ],
                "coordinate": null
            },
            {
                "id": 9,
                "type": "TEXT",
                "format_content": "1009AAC",
                "depth": 1,
                "sort_order": 9,
                "article": 3,
                "paragraph": 1,
                "subParagraph": null,
                "is_article_title": false,
                "content_labels": [
                    "1009025"
                ],
                "note": "",
                "name": null,
                "contents": [
                    {
                        "text": "가. 재량근로제",
                        "type": null,
                        "rowId": null,
                        "cells": null
                    }
                ],
                "coordinate": null
            },
            {
                "id": 10,
                "type": "TEXT",
                "format_content": "1009AAC",
                "depth": 2,
                "sort_order": 10,
                "article": 3,
                "paragraph": 1,
                "subParagraph": 1,
                "is_article_title": false,
                "content_labels": [
                    "1009025"
                ],
                "note": "",
                "name": null,
                "contents": [
                    {
                        "text": "1) (@직업)는 근로기준법 제58조 제3항의 재량근로제에 따른 근로를 한다. 따라서 업무 수행의 방식에 대해서는 (@직업)에게 재량을 인정하여 구체적이고 지엽적인 지시는 하지 않고, 기간을 정한 업무지시를 한다.",
                        "type": null,
                        "rowId": null,
                        "cells": null
                    }
                ],
                "coordinate": null
            },
            {
                "id": 12,
                "type": "TEXT",
                "format_content": "1009AAC",
                "depth": 2,
                "sort_order": 11,
                "article": 3,
                "paragraph": 1,
                "subParagraph": 2,
                "is_article_title": false,
                "content_labels": [
                    "1009013"
                ],
                "note": "",
                "name": null,
                "contents": [
                    {
                        "text": "2) (@직업)는 업무의 철저한 완성을 근로의 목적으로 하며, 사용자가 명시적으로 요청한 초과근무 외에는 업무의 미숙련으로 인한 자발적인 초과근무로 간주되어 별도의 시간외 근로수당을 지급하지 않기로 한다.",
                        "type": null,
                        "rowId": null,
                        "cells": null
                    }
                ],
                "coordinate": null
            },
            {
                "id": 14,
                "type": "TEXT",
                "format_content": "1009AAC",
                "depth": 2,
                "sort_order": 12,
                "article": 3,
                "paragraph": 1,
                "subParagraph": 3,
                "is_article_title": false,
                "content_labels": [
                    "1009006"
                ],
                "note": "",
                "name": null,
                "contents": [
                    {
                        "text": "3) (@직업)는 일 소정근로시간 1일 8시간(간주근로시간) 근로한 것으로 본다.",
                        "type": null,
                        "rowId": null,
                        "cells": null
                    }
                ],
                "coordinate": null
            },
            {
                "id": 15,
                "type": "TEXT",
                "format_content": "1009AAC",
                "depth": 2,
                "sort_order": 13,
                "article": 3,
                "paragraph": 1,
                "subParagraph": 4,
                "is_article_title": false,
                "content_labels": [
                    "1009004"
                ],
                "note": "",
                "name": null,
                "contents": [
                    {
                        "text": "4) (@직업)가 수행하는 대상업무는 (@담당업무) 등이다.",
                        "type": null,
                        "rowId": null,
                        "cells": null
                    }
                ],
                "coordinate": null
            },
            {
                "id": 16,
                "type": "TEXT",
                "format_content": "1009AAC",
                "depth": 2,
                "sort_order": 14,
                "article": 3,
                "paragraph": 1,
                "subParagraph": 5,
                "is_article_title": false,
                "content_labels": [
                    "1009014",
                    "1009015"
                ],
                "note": "",
                "name": null,
                "contents": [
                    {
                        "text": "5) 주휴일은 일요일로 하되, 1주간의 소정근무일에 개근한 경우에 한하여 유급휴일을 부여하며, 토요일의 경우 무급휴가로 정한다.",
                        "type": null,
                        "rowId": null,
                        "cells": null
                    }
                ],
                "coordinate": null
            },
            {
                "id": 17,
                "type": "TEXT",
                "format_content": "1009AAC",
                "depth": 2,
                "sort_order": 15,
                "article": 3,
                "paragraph": 1,
                "subParagraph": 6,
                "is_article_title": false,
                "content_labels": [
                    "1009006",
                    "1009008"
                ],
                "note": "",
                "name": null,
                "contents": [
                    {
                        "text": "6) 출근시간은 늦어도 오전 10시로 하며, 지각시 경위서를 제출하도록 한다. 퇴근시간은 오후 7시를 기준으로 하며, 업무일정에 따라 변경 및 조정 가능하다.",
                        "type": null,
                        "rowId": null,
                        "cells": null
                    }
                ],
                "coordinate": null
            },
            {
                "id": 18,
                "type": "TEXT",
                "format_content": "1009AAC",
                "depth": 1,
                "sort_order": 16,
                "article": 3,
                "paragraph": 2,
                "subParagraph": null,
                "is_article_title": false,
                "content_labels": [
                    "1009005"
                ],
                "note": "",
                "name": null,
                "contents": [
                    {
                        "text": "나. 근무장소",
                        "type": null,
                        "rowId": null,
                        "cells": null
                    }
                ],
                "coordinate": null
            },
            {
                "id": 19,
                "type": "TEXT",
                "format_content": "1009AAC",
                "depth": 2,
                "sort_order": 17,
                "article": 3,
                "paragraph": 2,
                "subParagraph": null,
                "is_article_title": false,
                "content_labels": [
                    "1009005"
                ],
                "note": "",
                "name": null,
                "contents": [
                    {
                        "text": "근무장소는 사용자의 소재지로 한다. 다만, 사용자는 업무상의 필요에 따라 근로자의 근무장소를 변경할 수 있다.",
                        "type": null,
                        "rowId": null,
                        "cells": null
                    }
                ],
                "coordinate": null
            },
            {
                "id": 20,
                "type": "TEXT",
                "format_content": "1009AAC",
                "depth": 1,
                "sort_order": 18,
                "article": 3,
                "paragraph": 3,
                "subParagraph": null,
                "is_article_title": false,
                "content_labels": [
                    "1009009"
                ],
                "note": "",
                "name": null,
                "contents": [
                    {
                        "text": "다. 임금",
                        "type": null,
                        "rowId": null,
                        "cells": null
                    }
                ],
                "coordinate": null
            },
            {
                "id": 21,
                "type": "TEXT",
                "format_content": "1009AAC",
                "depth": 2,
                "sort_order": 19,
                "article": 3,
                "paragraph": 3,
                "subParagraph": null,
                "is_article_title": false,
                "content_labels": [
                    "1009009",
                    "1009012",
                    "1009013"
                ],
                "note": "",
                "name": null,
                "contents": [
                    {
                        "text": "임금은 연간지급제로 한다. 연간지급총액은 약정급여와 법정수당, 정기상여금을 포함하며 임금지급일에 지급한다. 본 계약기간에도 회사내규에 따라 임금을 증액할 수 있다.",
                        "type": null,
                        "rowId": null,
                        "cells": null
                    }
                ],
                "coordinate": null
            },
            {
                "id": 22,
                "type": "TEXT",
                "format_content": "1009AAC",
                "depth": 2,
                "sort_order": 20,
                "article": 3,
                "paragraph": 3,
                "subParagraph": null,
                "is_article_title": false,
                "content_labels": [
                    "1009009"
                ],
                "note": "",
                "name": null,
                "contents": [
                    {
                        "text": "연간지급총액 : (@금액) 만원 (세전)",
                        "type": null,
                        "rowId": null,
                        "cells": null
                    }
                ],
                "coordinate": null
            },
            {
                "id": 23,
                "type": "TEXT",
                "format_content": "1009AAC",
                "depth": 2,
                "sort_order": 21,
                "article": 3,
                "paragraph": 3,
                "subParagraph": null,
                "is_article_title": false,
                "content_labels": [
                    "1009009"
                ],
                "note": "",
                "name": null,
                "contents": [
                    {
                        "text": "월급여 : (@금액) 만원 (세전)",
                        "type": null,
                        "rowId": null,
                        "cells": null
                    }
                ],
                "coordinate": null
            },
            {
                "id": 24,
                "type": "TEXT",
                "format_content": "1009AAC",
                "depth": 1,
                "sort_order": 22,
                "article": 3,
                "paragraph": 4,
                "subParagraph": null,
                "is_article_title": false,
                "content_labels": [
                    "1009011"
                ],
                "note": "",
                "name": null,
                "contents": [
                    {
                        "text": "라. 임금의 지급",
                        "type": null,
                        "rowId": null,
                        "cells": null
                    }
                ],
                "coordinate": null
            },
            {
                "id": 25,
                "type": "TEXT",
                "format_content": "1009AAC",
                "depth": 2,
                "sort_order": 23,
                "article": 3,
                "paragraph": 4,
                "subParagraph": null,
                "is_article_title": false,
                "content_labels": [
                    "1009011"
                ],
                "note": "",
                "name": null,
                "contents": [
                    {
                        "text": "임금은 매월 1일에서 말일까지로 산정하고 익월 10일에 지급하며 공과금, 근로소득세, 주민세, 사회보험료를 공제하고 (@직업) 명의의 계좌로 지급하거나 이에 갈음하는 방법에 의하여 지급한다.",
                        "type": null,
                        "rowId": null,
                        "cells": null
                    }
                ],
                "coordinate": null
            },
            {
                "id": 26,
                "type": "TEXT",
                "format_content": "1009AAC",
                "depth": 1,
                "sort_order": 24,
                "article": 3,
                "paragraph": 5,
                "subParagraph": null,
                "is_article_title": false,
                "content_labels": [
                    "1009015"
                ],
                "note": "",
                "name": null,
                "contents": [
                    {
                        "text": "마. 연차유급휴가",
                        "type": null,
                        "rowId": null,
                        "cells": null
                    }
                ],
                "coordinate": null
            },
            {
                "id": 27,
                "type": "TEXT",
                "format_content": "1009AAC",
                "depth": 2,
                "sort_order": 25,
                "article": 3,
                "paragraph": 5,
                "subParagraph": null,
                "is_article_title": false,
                "content_labels": [
                    "1009015"
                ],
                "note": "",
                "name": null,
                "contents": [
                    {
                        "text": "연차유급휴가는 근로기준법에서 정하는 바에 따라 부여한다. 미사용 연차는 법무법인이 근로기준법에 따라 연차유급휴가 사용을 촉진할 수 있으며, 사용 촉진한 경우 연차유급휴가 미사용수당 청구권이 소멸될 수 있다. 휴가에 관한 구체적 사항은 내규에 따른다.",
                        "type": null,
                        "rowId": null,
                        "cells": null
                    }
                ],
                "coordinate": null
            },
            {
                "id": 28,
                "type": "TEXT",
                "format_content": "1009AAC",
                "depth": 1,
                "sort_order": 26,
                "article": 3,
                "paragraph": 6,
                "subParagraph": null,
                "is_article_title": false,
                "content_labels": [
                    "1009009"
                ],
                "note": "",
                "name": null,
                "contents": [
                    {
                        "text": "바. 근태공제",
                        "type": null,
                        "rowId": null,
                        "cells": null
                    }
                ],
                "coordinate": null
            },
            {
                "id": 29,
                "type": "TEXT",
                "format_content": "1009AAC",
                "depth": 2,
                "sort_order": 27,
                "article": 3,
                "paragraph": 6,
                "subParagraph": null,
                "is_article_title": false,
                "content_labels": [
                    "1009009"
                ],
                "note": "",
                "name": null,
                "contents": [
                    {
                        "text": "(@직업)가 결근, 지각, 조퇴하는 경우에는 해당 부분을 월급에서 공제한다.",
                        "type": null,
                        "rowId": null,
                        "cells": null
                    }
                ],
                "coordinate": null
            },
            {
                "id": 30,
                "type": "TEXT",
                "format_content": "1009AAC",
                "depth": 1,
                "sort_order": 28,
                "article": 3,
                "paragraph": 7,
                "subParagraph": null,
                "is_article_title": false,
                "content_labels": [
                    "1009017"
                ],
                "note": "",
                "name": null,
                "contents": [
                    {
                        "text": "사. 퇴직금 등",
                        "type": null,
                        "rowId": null,
                        "cells": null
                    }
                ],
                "coordinate": null
            },
            {
                "id": 31,
                "type": "TEXT",
                "format_content": "1009AAC",
                "depth": 2,
                "sort_order": 29,
                "article": 3,
                "paragraph": 7,
                "subParagraph": 1,
                "is_article_title": false,
                "content_labels": [
                    "1009017"
                ],
                "note": "",
                "name": null,
                "contents": [
                    {
                        "text": "1) 사용자는 근속연수가 1년 이상인 (@직업)에게만 퇴직금을 지급하며, 계속 근로 1년에 대하여 평균임금의 30일분을 지급한다.",
                        "type": null,
                        "rowId": null,
                        "cells": null
                    }
                ],
                "coordinate": null
            },
            {
                "id": 32,
                "type": "TEXT",
                "format_content": "1009AAC",
                "depth": 2,
                "sort_order": 30,
                "article": 3,
                "paragraph": 7,
                "subParagraph": 2,
                "is_article_title": false,
                "content_labels": [
                    "1009016"
                ],
                "note": "",
                "name": null,
                "contents": [
                    {
                        "text": "2) (@직업)가 퇴직하고자 할 때는 퇴직희망일로부터 30일 전에 퇴직사유를 기재한 사직서를 제출하여야 하며, 사용자의 승인이 있을 때까지는 종전의 직무에 종사하고 업무인수인계를 하여야 한다. (@직업)가 이 규정에서 정한 기간에 미달하는 기간에 사직서를 제출할 경우 회사는 그 잔여기간 동안 사직서 수리를 유예할 수 있다.",
                        "type": null,
                        "rowId": null,
                        "cells": null
                    }
                ],
                "coordinate": null
            },
            {
                "id": 35,
                "type": "TEXT",
                "format_content": "1009AAC",
                "depth": 1,
                "sort_order": 31,
                "article": 3,
                "paragraph": 8,
                "subParagraph": null,
                "is_article_title": false,
                "content_labels": [
                    "1009025"
                ],
                "note": "",
                "name": null,
                "contents": [
                    {
                        "text": "아. 출장비",
                        "type": null,
                        "rowId": null,
                        "cells": null
                    }
                ],
                "coordinate": null
            },
            {
                "id": 36,
                "type": "TEXT",
                "format_content": "1009AAC",
                "depth": 2,
                "sort_order": 32,
                "article": 3,
                "paragraph": 8,
                "subParagraph": null,
                "is_article_title": false,
                "content_labels": [
                    "1009025"
                ],
                "note": "",
                "name": null,
                "contents": [
                    {
                        "text": "국내외 출장여비는 실비 지급을 원칙으로 한다. 출장비 등의 금액 제한에 대해서는 내규에 따른다.",
                        "type": null,
                        "rowId": null,
                        "cells": null
                    }
                ],
                "coordinate": null
            },
            {
                "id": 37,
                "type": "TEXT",
                "format_content": "1009AAC",
                "depth": 1,
                "sort_order": 33,
                "article": 3,
                "paragraph": 9,
                "subParagraph": null,
                "is_article_title": false,
                "content_labels": [
                    "1009033"
                ],
                "note": "",
                "name": null,
                "contents": [
                    {
                        "text": "자. 기타",
                        "type": null,
                        "rowId": null,
                        "cells": null
                    }
                ],
                "coordinate": null
            },
            {
                "id": 38,
                "type": "TEXT",
                "format_content": "1009AAC",
                "depth": 2,
                "sort_order": 34,
                "article": 3,
                "paragraph": 9,
                "subParagraph": null,
                "is_article_title": false,
                "content_labels": [
                    "1009033"
                ],
                "note": "",
                "name": null,
                "contents": [
                    {
                        "text": "이 계약서에 명시되지 아니한 근로조건은 노동관계법령, 취업규칙 기타 일반적으로 인정하는 노동관행에 따르며 당사자의 합의로 언제든지 변경할 수 있다.",
                        "type": null,
                        "rowId": null,
                        "cells": null
                    }
                ],
                "coordinate": null
            },
            {
                "id": 40,
                "type": "TEXT",
                "format_content": "1009AAC",
                "depth": 1,
                "sort_order": 35,
                "article": 3,
                "paragraph": 10,
                "subParagraph": null,
                "is_article_title": false,
                "content_labels": [
                    "1009025"
                ],
                "note": "",
                "name": null,
                "contents": [
                    {
                        "text": "카. 특약",
                        "type": null,
                        "rowId": null,
                        "cells": null
                    }
                ],
                "coordinate": null
            },
            {
                "id": 41,
                "type": "TEXT",
                "format_content": "1009AAC",
                "depth": 2,
                "sort_order": 36,
                "article": 3,
                "paragraph": 10,
                "subParagraph": null,
                "is_article_title": false,
                "content_labels": [
                    "1009025"
                ],
                "note": "",
                "name": null,
                "contents": [
                    {
                        "text": "사용자는 (@기관1) 및 (@기관2) 등록 및 회비 명목으로 (@직업)에게 등록비용을 지원하되, (@직업)는 입사일로부터 2년을 재직하지 아니하고 퇴직하는 경우 이를 전액 환불한다.",
                        "type": null,
                        "rowId": null,
                        "cells": null
                    }
                ],
                "coordinate": null
            },
            {
                "id": 42,
                "type": "TEXT",
                "format_content": "1009AAC",
                "depth": 0,
                "sort_order": 37,
                "article": 4,
                "paragraph": null,
                "subParagraph": null,
                "is_article_title": true,
                "content_labels": [
                    "1009025"
                ],
                "note": "",
                "name": null,
                "contents": [
                    {
                        "text": "4. 부작위 의무",
                        "type": null,
                        "rowId": null,
                        "cells": null
                    }
                ],
                "coordinate": null
            },
            {
                "id": 43,
                "type": "TEXT",
                "format_content": "1009AAC",
                "depth": 1,
                "sort_order": 38,
                "article": 4,
                "paragraph": 1,
                "subParagraph": null,
                "is_article_title": false,
                "content_labels": [
                    "1009021"
                ],
                "note": "",
                "name": null,
                "contents": [
                    {
                        "text": "가. (@직업)는 업무상 지득한 비밀(급여정보 포함)을 내부 및 외부에 누설치 아니한다. 이는 퇴직 후에도 동일하며 만약 이를 위반할 경우에는 민형사상 책임을 면할 수 없다.",
                        "type": null,
                        "rowId": null,
                        "cells": null
                    }
                ],
                "coordinate": null
            },
            {
                "id": 45,
                "type": "TEXT",
                "format_content": "1009AAC",
                "depth": 1,
                "sort_order": 39,
                "article": 4,
                "paragraph": 2,
                "subParagraph": null,
                "is_article_title": false,
                "content_labels": [
                    "1009021"
                ],
                "note": "",
                "name": null,
                "contents": [
                    {
                        "text": "나. 본 계약서의 내용 및 그 자체는 전 가.호의 업무상 지득한 비밀로 간주한다.",
                        "type": null,
                        "rowId": null,
                        "cells": null
                    }
                ],
                "coordinate": null
            },
            {
                "id": 46,
                "type": "TEXT",
                "format_content": "1009AAC",
                "depth": 1,
                "sort_order": 40,
                "article": 4,
                "paragraph": 3,
                "subParagraph": null,
                "is_article_title": false,
                "content_labels": [
                    "1009021"
                ],
                "note": "",
                "name": null,
                "contents": [
                    {
                        "text": "다. 소송 및 자문 관계 자료 및 파일 일체, 클라이언트 명단 및 정보는 어떠한 이유에서든 외부로 반출할 수 없으며, 퇴직시에도 반출이 금지된다.",
                        "type": null,
                        "rowId": null,
                        "cells": null
                    }
                ],
                "coordinate": null
            },
            {
                "id": 47,
                "type": "TEXT",
                "format_content": "1009AAC",
                "depth": 1,
                "sort_order": 41,
                "article": 4,
                "paragraph": 4,
                "subParagraph": null,
                "is_article_title": false,
                "content_labels": [
                    "1009020"
                ],
                "note": "",
                "name": null,
                "contents": [
                    {
                        "text": "라. (@직업)는 사용자의 승인을 얻지 아니하고 재직한 상태로 타인에게 고용되거나 타 업무에 일체 종사하여서는 아니 된다.",
                        "type": null,
                        "rowId": null,
                        "cells": null
                    }
                ],
                "coordinate": null
            },
            {
                "id": 48,
                "type": "TEXT",
                "format_content": "1009AAC",
                "depth": 1,
                "sort_order": 42,
                "article": 4,
                "paragraph": 5,
                "subParagraph": null,
                "is_article_title": false,
                "content_labels": [
                    "1009020"
                ],
                "note": "",
                "name": null,
                "contents": [
                    {
                        "text": "마. (@직업)는 퇴직 후 사용자의 클라이언트에 대하여는 2년간 수임을 할 수 없다.",
                        "type": null,
                        "rowId": null,
                        "cells": null
                    }
                ],
                "coordinate": null
            },
            {
                "id": 50,
                "type": "TEXT",
                "format_content": "1009AAC",
                "depth": 1,
                "sort_order": 43,
                "article": 4,
                "paragraph": 6,
                "subParagraph": null,
                "is_article_title": false,
                "content_labels": [
                    "1009018"
                ],
                "note": "",
                "name": null,
                "contents": [
                    {
                        "text": "바. 사용자는 소속근로자가 타 근로자의 근로를 방해 또는 안전 수칙을 위반하거나 도박, 음주, 폭행, 기물파손, 음란행위 등 회사의 근무질서를 문란케 하는 경우에는 즉시 근로관계를 종료할 수 있다.",
                        "type": null,
                        "rowId": null,
                        "cells": null
                    }
                ],
                "coordinate": null
            },
            {
                "id": 52,
                "type": "TEXT",
                "format_content": "1009AAC",
                "depth": 1,
                "sort_order": 44,
                "article": 4,
                "paragraph": 7,
                "subParagraph": null,
                "is_article_title": false,
                "content_labels": [
                    "1009019"
                ],
                "note": "",
                "name": null,
                "contents": [
                    {
                        "text": "사. 위의 가. 내지 바.항을 위반할 경우 (@직업)는 사용자에게 지급받은 급여 총액의 3배 또는 1억원 중 큰 금액을 위약벌로 지급한다.",
                        "type": null,
                        "rowId": null,
                        "cells": null
                    }
                ],
                "coordinate": null
            },
            {
                "id": 54,
                "type": "TEXT",
                "format_content": "1009AAD",
                "depth": 0,
                "sort_order": 45,
                "article": null,
                "paragraph": null,
                "subParagraph": null,
                "is_article_title": false,
                "content_labels": [
                    "1009001"
                ],
                "note": "",
                "name": null,
                "contents": [
                    {
                        "text": "사용자와 (@직업)는 위와 같이 근로계약을 체결함.",
                        "type": null,
                        "rowId": null,
                        "cells": null
                    }
                ],
                "coordinate": null
            },
            {
                "id": 55,
                "type": "TEXT",
                "format_content": "1009AAE",
                "depth": 0,
                "sort_order": 46,
                "article": null,
                "paragraph": null,
                "subParagraph": null,
                "is_article_title": false,
                "content_labels": [
                    "1009026"
                ],
                "note": "",
                "name": null,
                "contents": [
                    {
                        "text": "20   년   월  일",
                        "type": null,
                        "rowId": null,
                        "cells": null
                    }
                ],
                "coordinate": null
            },
            {
                "id": 56,
                "type": "TEXT",
                "format_content": "1009AAF",
                "depth": 0,
                "sort_order": 47,
                "article": null,
                "paragraph": null,
                "subParagraph": null,
                "is_article_title": false,
                "content_labels": [
                    "1009027",
                    "1009028"
                ],
                "note": "",
                "name": null,
                "contents": [
                    {
                        "text": "사 용 자 : 법무법인 (@회사) (인)\n대표변호사 (@성명)",
                        "type": null,
                        "rowId": null,
                        "cells": null
                    }
                ],
                "coordinate": null
            },
            {
                "id": 59,
                "type": "TEXT",
                "format_content": "1009AAF",
                "depth": 0,
                "sort_order": 48,
                "article": null,
                "paragraph": null,
                "subParagraph": null,
                "is_article_title": false,
                "content_labels": [
                    "1009029",
                    "1009030"
                ],
                "note": "",
                "name": null,
                "contents": [
                    {
                        "text": "(@직업) : (@성명) ((@주민번호)) (인)",
                        "type": null,
                        "rowId": null,
                        "cells": null
                    }
                ],
                "coordinate": null
            }
        ]
    }
}