{
    "document": {
        "doc_type": "1009",
        "title": "임원에 대한 근로계약서\n",
        "status": 7,
        "is_hold": null,
        "page_count": 4,
        "sub_document_count": 76,
        "created_time": "2024-10-22T14:36:58.556",
        "main_category": null,
        "sub_category": null,
        "detail_category": null,
        "related_law": null,
        "purpose": null,
        "use_case": null,
        "sub_documents": [
            {
                "id": 1,
                "type": "TEXT",
                "format_content": "1009AAA",
                "depth": 0,
                "sort_order": 1,
                "article": null,
                "paragraph": null,
                "subParagraph": null,
                "is_article_title": false,
                "content_labels": [
                    "1009025"
                ],
                "note": "",
                "name": null,
                "contents": [
                    {
                        "text": "임원에 대한 근로계약서\n",
                        "type": null,
                        "rowId": null,
                        "cells": null
                    }
                ],
                "coordinate": null
            },
            {
                "id": 3,
                "type": "TABLE",
                "format_content": "1009AAB",
                "depth": 0,
                "sort_order": 2,
                "article": null,
                "paragraph": null,
                "subParagraph": null,
                "is_article_title": false,
                "content_labels": [
                    "1009001",
                    "1009027",
                    "1009029"
                ],
                "note": "",
                "name": null,
                "contents": [
                    {
                        "text": "<table><tr><td  rowspan=\"3\">\"갑\"</td><td>회 사 명</td><td>(@회사명)</td></tr><tr><td>사업자등록번호</td><td>(@사업번호)</td></tr><tr><td>소 재 지</td><td>(@주소)</td></tr><tr><td  rowspan=\"3\">\"을\"</td><td>성 명</td><td>(@성명)</td></tr><tr><td>주민등록번호</td><td></td></tr><tr><td>주 소</td><td></td></tr></table>",
                        "type": null,
                        "rowId": null,
                        "cells": null
                    }
                ],
                "coordinate": null
            },
            {
                "id": 4,
                "type": "TEXT",
                "format_content": "1009AAB",
                "depth": 0,
                "sort_order": 3,
                "article": null,
                "paragraph": null,
                "subParagraph": null,
                "is_article_title": false,
                "content_labels": [
                    "1009025"
                ],
                "note": "",
                "name": null,
                "contents": [
                    {
                        "text": "상기 당사자는 상호 자유의사에 따라 다음과 같이 근로계약을 체결하며, 신의원칙에 따라 성실히 이행할것을 확약한다.",
                        "type": null,
                        "rowId": null,
                        "cells": null
                    }
                ],
                "coordinate": null
            },
            {
                "id": 5,
                "type": "TEXT",
                "format_content": "1009AAC",
                "depth": 0,
                "sort_order": 4,
                "article": 1,
                "paragraph": null,
                "subParagraph": null,
                "is_article_title": true,
                "content_labels": [
                    "1009031"
                ],
                "note": "",
                "name": null,
                "contents": [
                    {
                        "text": "제 1 조 【 목  적 】",
                        "type": null,
                        "rowId": null,
                        "cells": null
                    }
                ],
                "coordinate": null
            },
            {
                "id": 98,
                "type": "TEXT",
                "format_content": "1009AAC",
                "depth": null,
                "sort_order": 5,
                "article": 1,
                "paragraph": null,
                "subParagraph": null,
                "is_article_title": false,
                "content_labels": [
                    "1009031"
                ],
                "note": "",
                "name": null,
                "contents": [
                    {
                        "text": "본 계약은 “갑”의 (@담당업무)를 “을”에게 일임, 총괄 수행하기로 합의함에 있어 상호간의 권리 및 의무, 기타 제반사항을 명백히 규정함을 그 목적으로 한다. ",
                        "type": null,
                        "rowId": null,
                        "cells": null
                    }
                ],
                "coordinate": null
            },
            {
                "id": 7,
                "type": "TEXT",
                "format_content": "1009AAC",
                "depth": 0,
                "sort_order": 6,
                "article": 2,
                "paragraph": null,
                "subParagraph": null,
                "is_article_title": true,
                "content_labels": [
                    "1009004"
                ],
                "note": "",
                "name": null,
                "contents": [
                    {
                        "text": "제 2 조 【 업무범위 】",
                        "type": null,
                        "rowId": null,
                        "cells": null
                    }
                ],
                "coordinate": null
            },
            {
                "id": 8,
                "type": "TEXT",
                "format_content": "1009AAC",
                "depth": 1,
                "sort_order": 7,
                "article": 2,
                "paragraph": 1,
                "subParagraph": null,
                "is_article_title": false,
                "content_labels": [
                    "1009004"
                ],
                "note": "",
                "name": null,
                "contents": [
                    {
                        "text": "1. “을”은 별도의 약정이 존재하거나 합의되지 아니하는 한, 다음 각 호의 업무를 성실히 수행토록 한다.",
                        "type": null,
                        "rowId": null,
                        "cells": null
                    }
                ],
                "coordinate": null
            },
            {
                "id": 10,
                "type": "TEXT",
                "format_content": "1009AAC",
                "depth": 2,
                "sort_order": 8,
                "article": 2,
                "paragraph": 1,
                "subParagraph": 1,
                "is_article_title": false,
                "content_labels": [
                    "1009004"
                ],
                "note": "",
                "name": null,
                "contents": [
                    {
                        "text": "가. “갑”의 대내외적 법률적 대표자로서의 업무",
                        "type": null,
                        "rowId": null,
                        "cells": null
                    }
                ],
                "coordinate": null
            },
            {
                "id": 11,
                "type": "TEXT",
                "format_content": "1009AAC",
                "depth": 2,
                "sort_order": 9,
                "article": 2,
                "paragraph": 1,
                "subParagraph": 2,
                "is_article_title": false,
                "content_labels": [
                    "1009004"
                ],
                "note": "",
                "name": null,
                "contents": [
                    {
                        "text": "나. “갑”의 경영, 관리 총괄업무",
                        "type": null,
                        "rowId": null,
                        "cells": null
                    }
                ],
                "coordinate": null
            },
            {
                "id": 12,
                "type": "TEXT",
                "format_content": "1009AAC",
                "depth": 2,
                "sort_order": 10,
                "article": 2,
                "paragraph": 1,
                "subParagraph": 3,
                "is_article_title": false,
                "content_labels": [
                    "1009004"
                ],
                "note": "",
                "name": null,
                "contents": [
                    {
                        "text": "다. “갑”의 영업 마케팅 업무",
                        "type": null,
                        "rowId": null,
                        "cells": null
                    }
                ],
                "coordinate": null
            },
            {
                "id": 13,
                "type": "TEXT",
                "format_content": "1009AAC",
                "depth": 2,
                "sort_order": 11,
                "article": 2,
                "paragraph": 1,
                "subParagraph": 4,
                "is_article_title": false,
                "content_labels": [
                    "1009004"
                ],
                "note": "",
                "name": null,
                "contents": [
                    {
                        "text": "라. “갑”의 생산 관리 업무",
                        "type": null,
                        "rowId": null,
                        "cells": null
                    }
                ],
                "coordinate": null
            },
            {
                "id": 14,
                "type": "TEXT",
                "format_content": "1009AAC",
                "depth": 2,
                "sort_order": 12,
                "article": 2,
                "paragraph": 1,
                "subParagraph": 5,
                "is_article_title": false,
                "content_labels": [
                    "1009004"
                ],
                "note": "",
                "name": null,
                "contents": [
                    {
                        "text": "마.  기타 “갑”의 통상적인 기업운영 및 경영활동에 부수되는 업무",
                        "type": null,
                        "rowId": null,
                        "cells": null
                    }
                ],
                "coordinate": null
            },
            {
                "id": 15,
                "type": "TEXT",
                "format_content": "1009AAC",
                "depth": 1,
                "sort_order": 13,
                "article": 2,
                "paragraph": 2,
                "subParagraph": null,
                "is_article_title": false,
                "content_labels": [
                    "1009004"
                ],
                "note": "",
                "name": null,
                "contents": [
                    {
                        "text": "2. 전항 각호의 업무 이외에 “갑”이 관계사, 자회사 기타 투자자사 등을 선정하여 동 법인의 관리 및 담당업무를 상호 협의하여 부여할 수 있으며, 동 업무의 수행에 수반되어지는 각종 권리 및 의무는 본 계약의 규정을 준용토록 한다. 단 별도의 서면 합의가 존재하는 경우에는 예외로 한다.",
                        "type": null,
                        "rowId": null,
                        "cells": null
                    }
                ],
                "coordinate": null
            },
            {
                "id": 16,
                "type": "TEXT",
                "format_content": "1009AAC",
                "depth": 0,
                "sort_order": 14,
                "article": 3,
                "paragraph": null,
                "subParagraph": null,
                "is_article_title": true,
                "content_labels": [
                    "1009004",
                    "1009009"
                ],
                "note": "",
                "name": null,
                "contents": [
                    {
                        "text": "제 3 조 【 직위와 보수 】",
                        "type": null,
                        "rowId": null,
                        "cells": null
                    }
                ],
                "coordinate": null
            },
            {
                "id": 17,
                "type": "TEXT",
                "format_content": "1009AAC",
                "depth": 1,
                "sort_order": 15,
                "article": 3,
                "paragraph": 1,
                "subParagraph": null,
                "is_article_title": false,
                "content_labels": [
                    "1009004"
                ],
                "note": "",
                "name": null,
                "contents": [
                    {
                        "text": "1. “을”은 본 계약상의 업무를 수행함에 있어 다음의 직을 담당함에 동의하며, 이를 성실히 이행함을약정한다.",
                        "type": null,
                        "rowId": null,
                        "cells": null
                    }
                ],
                "coordinate": null
            },
            {
                "id": 18,
                "type": "TEXT",
                "format_content": "1009AAC",
                "depth": 1,
                "sort_order": 16,
                "article": 3,
                "paragraph": 1,
                "subParagraph": 1,
                "is_article_title": false,
                "content_labels": [
                    "1009004"
                ],
                "note": "",
                "name": null,
                "contents": [
                    {
                        "text": "가. 부 서 : ",
                        "type": null,
                        "rowId": null,
                        "cells": null
                    }
                ],
                "coordinate": null
            },
            {
                "id": 19,
                "type": "TEXT",
                "format_content": "1009AAC",
                "depth": 1,
                "sort_order": 17,
                "article": 3,
                "paragraph": 1,
                "subParagraph": 2,
                "is_article_title": false,
                "content_labels": [
                    "1009004"
                ],
                "note": "",
                "name": null,
                "contents": [
                    {
                        "text": "나. 직    위 :",
                        "type": null,
                        "rowId": null,
                        "cells": null
                    }
                ],
                "coordinate": null
            },
            {
                "id": 20,
                "type": "TEXT",
                "format_content": "1009AAC",
                "depth": 1,
                "sort_order": 18,
                "article": 3,
                "paragraph": 1,
                "subParagraph": 3,
                "is_article_title": false,
                "content_labels": [
                    "1009004"
                ],
                "note": "",
                "name": null,
                "contents": [
                    {
                        "text": "다. 등재여부 :",
                        "type": null,
                        "rowId": null,
                        "cells": null
                    }
                ],
                "coordinate": null
            },
            {
                "id": 21,
                "type": "TEXT",
                "format_content": "1009AAC",
                "depth": 1,
                "sort_order": 19,
                "article": 3,
                "paragraph": 1,
                "subParagraph": 4,
                "is_article_title": false,
                "content_labels": [
                    "1009025"
                ],
                "note": "",
                "name": null,
                "contents": [
                    {
                        "text": "라. 기    타 :",
                        "type": null,
                        "rowId": null,
                        "cells": null
                    }
                ],
                "coordinate": null
            },
            {
                "id": 22,
                "type": "TEXT",
                "format_content": "1009AAC",
                "depth": 1,
                "sort_order": 20,
                "article": 3,
                "paragraph": 2,
                "subParagraph": null,
                "is_article_title": false,
                "content_labels": [
                    "1009009"
                ],
                "note": "",
                "name": null,
                "contents": [
                    {
                        "text": "2. “갑”은 “을”이 본 계약 제2조의 제 업무를 수행함에 있어 다음과 같은 방식에 따라 보수를 각 지급키로 한다.",
                        "type": null,
                        "rowId": null,
                        "cells": null
                    }
                ],
                "coordinate": null
            },
            {
                "id": 24,
                "type": "TEXT",
                "format_content": "1009AAC",
                "depth": 2,
                "sort_order": 21,
                "article": 3,
                "paragraph": 2,
                "subParagraph": 1,
                "is_article_title": false,
                "content_labels": [
                    "1009009"
                ],
                "note": "",
                "name": null,
                "contents": [
                    {
                        "text": "가. 연       봉 : 일금  원(\\ /제세공과 별도 ) 정",
                        "type": null,
                        "rowId": null,
                        "cells": null
                    }
                ],
                "coordinate": null
            },
            {
                "id": 25,
                "type": "TEXT",
                "format_content": "1009AAC",
                "depth": 2,
                "sort_order": 22,
                "article": 3,
                "paragraph": 2,
                "subParagraph": 2,
                "is_article_title": false,
                "content_labels": [
                    "1009012"
                ],
                "note": "",
                "name": null,
                "contents": [
                    {
                        "text": "나. 인 센 티 브 : 일금 원(\\  /제세공과 별도 ) 정",
                        "type": null,
                        "rowId": null,
                        "cells": null
                    }
                ],
                "coordinate": null
            },
            {
                "id": 31,
                "type": "TEXT",
                "format_content": "1009AAC",
                "depth": 2,
                "sort_order": 23,
                "article": 3,
                "paragraph": 2,
                "subParagraph": 3,
                "is_article_title": false,
                "content_labels": [
                    "1009025"
                ],
                "note": "",
                "name": null,
                "contents": [
                    {
                        "text": "다. 위 가호 및 나호는 매년 상호 협의하여 조정토록 하며, 조정의 시기는 별도의 약정이 없는 한, 사업연도 개시 전까지 업적 및 성과 등을 평가, 이를 완료토록 한다.",
                        "type": null,
                        "rowId": null,
                        "cells": null
                    }
                ],
                "coordinate": null
            },
            {
                "id": 33,
                "type": "TEXT",
                "format_content": "1009AAC",
                "depth": 1,
                "sort_order": 24,
                "article": 3,
                "paragraph": 3,
                "subParagraph": null,
                "is_article_title": false,
                "content_labels": [
                    "1009010"
                ],
                "note": "",
                "name": null,
                "contents": [
                    {
                        "text": "3. 전항의 각 약정보수의 지급은 다음 각호의 절차에 따라 지급키로 한다.",
                        "type": null,
                        "rowId": null,
                        "cells": null
                    }
                ],
                "coordinate": null
            },
            {
                "id": 34,
                "type": "TEXT",
                "format_content": "1009AAC",
                "depth": 1,
                "sort_order": 25,
                "article": 3,
                "paragraph": 3,
                "subParagraph": 1,
                "is_article_title": false,
                "content_labels": [
                    "1009010"
                ],
                "note": "",
                "name": null,
                "contents": [
                    {
                        "text": " 가. 연봉은 연봉의 1/12 (제 수당 포함)을 매월 10일 지급",
                        "type": null,
                        "rowId": null,
                        "cells": null
                    }
                ],
                "coordinate": null
            },
            {
                "id": 35,
                "type": "TEXT",
                "format_content": "1009AAC",
                "depth": 1,
                "sort_order": 26,
                "article": 3,
                "paragraph": 3,
                "subParagraph": 2,
                "is_article_title": false,
                "content_labels": [
                    "1009010"
                ],
                "note": "",
                "name": null,
                "contents": [
                    {
                        "text": "나. 인센티브는 업적 및 고과평가 완료 후, 30일 이내 지급",
                        "type": null,
                        "rowId": null,
                        "cells": null
                    }
                ],
                "coordinate": null
            },
            {
                "id": 36,
                "type": "TEXT",
                "format_content": "1009AAC",
                "depth": 1,
                "sort_order": 27,
                "article": 3,
                "paragraph": 4,
                "subParagraph": null,
                "is_article_title": false,
                "content_labels": [
                    "1009025"
                ],
                "note": "",
                "name": null,
                "contents": [
                    {
                        "text": "4. 양 계약당사자는 관계법령의 재개정 및 정책변화, 기타 부득이한 사유가 발생한 경우, 상호 협의하여 지급방법 및 시기 등을 조정할 수 있다.",
                        "type": null,
                        "rowId": null,
                        "cells": null
                    }
                ],
                "coordinate": null
            },
            {
                "id": 37,
                "type": "TEXT",
                "format_content": "1009AAC",
                "depth": 1,
                "sort_order": 28,
                "article": 3,
                "paragraph": 5,
                "subParagraph": null,
                "is_article_title": false,
                "content_labels": [
                    "1009025"
                ],
                "note": "",
                "name": null,
                "contents": [
                    {
                        "text": "5. “갑”은 “을“의 업무효율 등의 제고를 위하여 교통수단 등을 제공할 수 있으며, 동 교통 수단의 이용 등에 대하여는 ”갑“의 내부 관계규정내지 규칙을 성실히 준수, 이용토록 하여야 한다.",
                        "type": null,
                        "rowId": null,
                        "cells": null
                    }
                ],
                "coordinate": null
            },
            {
                "id": 38,
                "type": "TEXT",
                "format_content": "1009AAC",
                "depth": 0,
                "sort_order": 29,
                "article": 4,
                "paragraph": null,
                "subParagraph": null,
                "is_article_title": true,
                "content_labels": [
                    "1009004"
                ],
                "note": "",
                "name": null,
                "contents": [
                    {
                        "text": "제 4 조 【 업무수행 】",
                        "type": null,
                        "rowId": null,
                        "cells": null
                    }
                ],
                "coordinate": null
            },
            {
                "id": 39,
                "type": "TEXT",
                "format_content": "1009AAC",
                "depth": 1,
                "sort_order": 30,
                "article": 4,
                "paragraph": 1,
                "subParagraph": null,
                "is_article_title": false,
                "content_labels": [
                    "1009004"
                ],
                "note": "",
                "name": null,
                "contents": [
                    {
                        "text": "1. \"갑\"은 \"을\"의 원활한 업무 수행을 위하여 제반 사항에 대해 적극 협조하며, “을”의 업무수행상필요한 경비(차량유지, 업무경비, 해외출장비, 교제비 법인카드 사용액)에 대해서는 “갑”이부담하며 “을”은 이에 대한 제반 증빙 등을 “갑”에게 일정 기간 내에 제출토록 한다.",
                        "type": null,
                        "rowId": null,
                        "cells": null
                    }
                ],
                "coordinate": null
            },
            {
                "id": 40,
                "type": "TEXT",
                "format_content": "1009AAC",
                "depth": 1,
                "sort_order": 31,
                "article": 4,
                "paragraph": 2,
                "subParagraph": null,
                "is_article_title": false,
                "content_labels": [
                    "1009004"
                ],
                "note": "",
                "name": null,
                "contents": [
                    {
                        "text": "2. “을\"은 \"갑\" 으로부터 요청받은 업무 및 사업 등에 관하여 신의성실의 원칙에 입각하여 \"갑\" 과 합의한 기한 내에 최선을 다해 업무를 수행하고, 수시로 그 진행 상황 및 결과에 대해 \"갑\"에게 구두 또는 서면 보고하여야 한다.",
                        "type": null,
                        "rowId": null,
                        "cells": null
                    }
                ],
                "coordinate": null
            },
            {
                "id": 41,
                "type": "TEXT",
                "format_content": "1009AAC",
                "depth": 1,
                "sort_order": 32,
                "article": 4,
                "paragraph": 3,
                "subParagraph": null,
                "is_article_title": false,
                "content_labels": [
                    "1009004"
                ],
                "note": "",
                "name": null,
                "contents": [
                    {
                        "text": "3. “을”은 기업의 활성화 및 기타 제반 업무의 효율을 제고키 위하여 관련 자료 및 조사 등을 수행한 경우, 이를 “갑”에게 제공토록 한다.",
                        "type": null,
                        "rowId": null,
                        "cells": null
                    }
                ],
                "coordinate": null
            },
            {
                "id": 42,
                "type": "TEXT",
                "format_content": "1009AAC",
                "depth": 1,
                "sort_order": 33,
                "article": 4,
                "paragraph": 4,
                "subParagraph": null,
                "is_article_title": false,
                "content_labels": [
                    "1009025"
                ],
                "note": "",
                "name": null,
                "contents": [
                    {
                        "text": "4. “을“은 ”갑“의 주요 임원으로서 대내외적으로 ”갑“의 명예를 훼손케 하는 행위를 하여서는 아니 되며, 품위 등을 유지하여야 한다.",
                        "type": null,
                        "rowId": null,
                        "cells": null
                    }
                ],
                "coordinate": null
            },
            {
                "id": 43,
                "type": "TEXT",
                "format_content": "1009AAC",
                "depth": 0,
                "sort_order": 34,
                "article": 5,
                "paragraph": null,
                "subParagraph": null,
                "is_article_title": true,
                "content_labels": [
                    "1009002"
                ],
                "note": "",
                "name": null,
                "contents": [
                    {
                        "text": "제 5 조 【 계약기간 】",
                        "type": null,
                        "rowId": null,
                        "cells": null
                    }
                ],
                "coordinate": null
            },
            {
                "id": 44,
                "type": "TEXT",
                "format_content": "1009AAC",
                "depth": 1,
                "sort_order": 35,
                "article": 5,
                "paragraph": 1,
                "subParagraph": null,
                "is_article_title": false,
                "content_labels": [
                    "1009002"
                ],
                "note": "",
                "name": null,
                "contents": [
                    {
                        "text": "1. 본 계약은 2022년  1월  1일부터  2022년  12월  31일까지로 한다.",
                        "type": null,
                        "rowId": null,
                        "cells": null
                    }
                ],
                "coordinate": null
            },
            {
                "id": 45,
                "type": "TEXT",
                "format_content": "1009AAC",
                "depth": 1,
                "sort_order": 36,
                "article": 5,
                "paragraph": 2,
                "subParagraph": null,
                "is_article_title": false,
                "content_labels": [
                    "1009016"
                ],
                "note": "",
                "name": null,
                "contents": [
                    {
                        "text": "2. 본 계약에 대해 쌍방이 계약을 연장하는 경우 계약 종료 30일 전까지 이에 대한 의사를 통지하여야 하며, 본 계약연장에 대하여 쌍방이 합의하거나 쌍방 중 일방이 상대편에 대하여계약연장의 의사표시를 함에도 불구하고 나머지 일방이 이에 응낙하지 않은 경우 본 계약은 자동종료된다.",
                        "type": null,
                        "rowId": null,
                        "cells": null
                    }
                ],
                "coordinate": null
            },
            {
                "id": 46,
                "type": "TEXT",
                "format_content": "1009AAC",
                "depth": 0,
                "sort_order": 37,
                "article": 6,
                "paragraph": null,
                "subParagraph": null,
                "is_article_title": true,
                "content_labels": [
                    "1009018"
                ],
                "note": "",
                "name": null,
                "contents": [
                    {
                        "text": "제 6 조 【 계약해지 】",
                        "type": null,
                        "rowId": null,
                        "cells": null
                    }
                ],
                "coordinate": null
            },
            {
                "id": 47,
                "type": "TEXT",
                "format_content": "1009AAC",
                "depth": 1,
                "sort_order": 38,
                "article": 6,
                "paragraph": 1,
                "subParagraph": null,
                "is_article_title": false,
                "content_labels": [
                    "1009018"
                ],
                "note": "",
                "name": null,
                "contents": [
                    {
                        "text": "1. 계약기간 중 계약당사자 일방이 계약의 해지를 원할 경우 “갑”과 “을”은 상호 간 신뢰를 바탕으로 합의 한 후, “갑”과 “을”이 동의를 통하여 해지할 수 있다.",
                        "type": null,
                        "rowId": null,
                        "cells": null
                    }
                ],
                "coordinate": null
            },
            {
                "id": 48,
                "type": "TEXT",
                "format_content": "1009AAC",
                "depth": 1,
                "sort_order": 39,
                "article": 6,
                "paragraph": 2,
                "subParagraph": null,
                "is_article_title": false,
                "content_labels": [
                    "1009018"
                ],
                "note": "",
                "name": null,
                "contents": [
                    {
                        "text": "2. “갑”과 “을”은 다음 각호의 사유가 발생한 경우, 상당기간을 정하여 이에 대한 시정을 최고 후, 동기간 내에 시정되지 아니할 경우, 본 계약을 해지할 수 있다.",
                        "type": null,
                        "rowId": null,
                        "cells": null
                    }
                ],
                "coordinate": null
            },
            {
                "id": 49,
                "type": "TEXT",
                "format_content": "1009AAC",
                "depth": 2,
                "sort_order": 40,
                "article": 6,
                "paragraph": 2,
                "subParagraph": 1,
                "is_article_title": false,
                "content_labels": [
                    "1009025"
                ],
                "note": "",
                "name": null,
                "contents": [
                    {
                        "text": "가. 본 계약상의 제반 의무를 위반한 경우",
                        "type": null,
                        "rowId": null,
                        "cells": null
                    }
                ],
                "coordinate": null
            },
            {
                "id": 50,
                "type": "TEXT",
                "format_content": "1009AAC",
                "depth": 2,
                "sort_order": 41,
                "article": 6,
                "paragraph": 2,
                "subParagraph": 2,
                "is_article_title": false,
                "content_labels": [
                    "1009025"
                ],
                "note": "",
                "name": null,
                "contents": [
                    {
                        "text": "나. “을”이 사망, 신병, 급병, 중상해 등으로 정상적인 업무를 수행할 수 없는 경우",
                        "type": null,
                        "rowId": null,
                        "cells": null
                    }
                ],
                "coordinate": null
            },
            {
                "id": 51,
                "type": "TEXT",
                "format_content": "1009AAC",
                "depth": 2,
                "sort_order": 42,
                "article": 6,
                "paragraph": 2,
                "subParagraph": 3,
                "is_article_title": false,
                "content_labels": [
                    "1009025"
                ],
                "note": "",
                "name": null,
                "contents": [
                    {
                        "text": "다. “갑”이 파산, 청산, 회생, 부도 등이 발생한 경우",
                        "type": null,
                        "rowId": null,
                        "cells": null
                    }
                ],
                "coordinate": null
            },
            {
                "id": 52,
                "type": "TEXT",
                "format_content": "1009AAC",
                "depth": 2,
                "sort_order": 43,
                "article": 6,
                "paragraph": 2,
                "subParagraph": 4,
                "is_article_title": false,
                "content_labels": [
                    "1009025"
                ],
                "note": "",
                "name": null,
                "contents": [
                    {
                        "text": "라. “을”이 민형사상의 법적 분쟁을 야기케 한 경우",
                        "type": null,
                        "rowId": null,
                        "cells": null
                    }
                ],
                "coordinate": null
            },
            {
                "id": 53,
                "type": "TEXT",
                "format_content": "1009AAC",
                "depth": 2,
                "sort_order": 44,
                "article": 6,
                "paragraph": 2,
                "subParagraph": 5,
                "is_article_title": false,
                "content_labels": [
                    "1009025"
                ],
                "note": "",
                "name": null,
                "contents": [
                    {
                        "text": "마. “갑”이 약정된 급여 및 기타 서비스 등을 상당한 사유없이 제공하지 아니하는 경우",
                        "type": null,
                        "rowId": null,
                        "cells": null
                    }
                ],
                "coordinate": null
            },
            {
                "id": 54,
                "type": "TEXT",
                "format_content": "1009AAC",
                "depth": 2,
                "sort_order": 45,
                "article": 6,
                "paragraph": 2,
                "subParagraph": 6,
                "is_article_title": false,
                "content_labels": [
                    "1009025"
                ],
                "note": "",
                "name": null,
                "contents": [
                    {
                        "text": "바. “을”에게 개인파산, 회생, 면책 등의 사유가 발생한 경우",
                        "type": null,
                        "rowId": null,
                        "cells": null
                    }
                ],
                "coordinate": null
            },
            {
                "id": 55,
                "type": "TEXT",
                "format_content": "1009AAC",
                "depth": 2,
                "sort_order": 46,
                "article": 6,
                "paragraph": 2,
                "subParagraph": 7,
                "is_article_title": false,
                "content_labels": [
                    "1009025"
                ],
                "note": "",
                "name": null,
                "contents": [
                    {
                        "text": "사. 양 계약당사자의 주요 자산에 대한 압류 및 가처분, 기타 본안 소송 등의 제기로서 본 계약상의 업무를 수행하기 어렵다고 판단되는 경우",
                        "type": null,
                        "rowId": null,
                        "cells": null
                    }
                ],
                "coordinate": null
            },
            {
                "id": 57,
                "type": "TEXT",
                "format_content": "1009AAC",
                "depth": 2,
                "sort_order": 47,
                "article": 6,
                "paragraph": 2,
                "subParagraph": 8,
                "is_article_title": false,
                "content_labels": [
                    "1009018"
                ],
                "note": "",
                "name": null,
                "contents": [
                    {
                        "text": "아. 기타 본 계약을 유지할 수 없는 중대한 사유가 존재하는 경우",
                        "type": null,
                        "rowId": null,
                        "cells": null
                    }
                ],
                "coordinate": null
            },
            {
                "id": 58,
                "type": "TEXT",
                "format_content": "1009AAC",
                "depth": 1,
                "sort_order": 48,
                "article": 6,
                "paragraph": 3,
                "subParagraph": null,
                "is_article_title": false,
                "content_labels": [
                    "1009018"
                ],
                "note": "",
                "name": null,
                "contents": [
                    {
                        "text": "3. 전항 각호의 사유가 발생한 경우, “갑”은 이사회를 개최, 계약해지 및 해임 등을 결의토록 한다.",
                        "type": null,
                        "rowId": null,
                        "cells": null
                    }
                ],
                "coordinate": null
            },
            {
                "id": 59,
                "type": "TEXT",
                "format_content": "1009AAC",
                "depth": 1,
                "sort_order": 49,
                "article": 6,
                "paragraph": 4,
                "subParagraph": null,
                "is_article_title": false,
                "content_labels": [
                    "1009025",
                    "1009018"
                ],
                "note": "",
                "name": null,
                "contents": [
                    {
                        "text": "4. “을”은 전항의 규정에 의해 이사회 내에서 해임결의 즉시 본 계약상의 권리 및 권한을 행사할 수 없으며, 주주총회나 이사회 등의 정상적인 업무를 방해하거나 제한할 수 없다.",
                        "type": null,
                        "rowId": null,
                        "cells": null
                    }
                ],
                "coordinate": null
            },
            {
                "id": 60,
                "type": "TEXT",
                "format_content": "1009AAC",
                "depth": 1,
                "sort_order": 50,
                "article": 6,
                "paragraph": 5,
                "subParagraph": null,
                "is_article_title": false,
                "content_labels": [
                    "1009019",
                    "1009025"
                ],
                "note": "",
                "name": null,
                "contents": [
                    {
                        "text": "5. “을”이 이사회 결의로서 해임된 경우, “갑”으로부터 제공받은 자료 및 자산, 기타 업무 등에 대한 정보나 관련 자료 등을 “갑”에게 즉시 반환하여야 하며, 대외적으로 해임 전, 직위나 보직 등을 표명할 수 없으며, 이를 위반하여 제3자 등에 표현대리의 효력을 발생케 한 경우, “갑”은 이로 인해 발생된 손해가 존재할 경우, “을”에게 구상토록 한다.",
                        "type": null,
                        "rowId": null,
                        "cells": null
                    }
                ],
                "coordinate": null
            },
            {
                "id": 62,
                "type": "TEXT",
                "format_content": "1009AAC",
                "depth": 1,
                "sort_order": 51,
                "article": 6,
                "paragraph": 6,
                "subParagraph": null,
                "is_article_title": false,
                "content_labels": [
                    "1009025"
                ],
                "note": "",
                "name": null,
                "contents": [
                    {
                        "text": "6. “을”은 해임 시 관련업무의 지속적 진행과 유지를 위하여 업무의 인수인계를 명확히 하여야 하며, 이에 부수되어 지는 협력을 성실히 이행하여야 한다.",
                        "type": null,
                        "rowId": null,
                        "cells": null
                    }
                ],
                "coordinate": null
            },
            {
                "id": 64,
                "type": "TEXT",
                "format_content": "1009AAC",
                "depth": 1,
                "sort_order": 52,
                "article": 6,
                "paragraph": 7,
                "subParagraph": null,
                "is_article_title": false,
                "content_labels": [
                    "1009025"
                ],
                "note": "",
                "name": null,
                "contents": [
                    {
                        "text": "7. 기타 “을”의 임원의 직위 및 지위 등에 대한 해임이나 등기 등에 관한 업무는 “갑”의 정관 및 기타 규칙이나 정책에 의하는 것으로 한다.",
                        "type": null,
                        "rowId": null,
                        "cells": null
                    }
                ],
                "coordinate": null
            },
            {
                "id": 66,
                "type": "TEXT",
                "format_content": "1009AAC",
                "depth": 0,
                "sort_order": 53,
                "article": 7,
                "paragraph": null,
                "subParagraph": null,
                "is_article_title": true,
                "content_labels": [
                    "1009019"
                ],
                "note": "",
                "name": null,
                "contents": [
                    {
                        "text": "제 7 조 【 손해배상 】",
                        "type": null,
                        "rowId": null,
                        "cells": null
                    }
                ],
                "coordinate": null
            },
            {
                "id": 67,
                "type": "TEXT",
                "format_content": "1009AAC",
                "depth": 1,
                "sort_order": 54,
                "article": 7,
                "paragraph": 1,
                "subParagraph": null,
                "is_article_title": false,
                "content_labels": [
                    "1009019"
                ],
                "note": "",
                "name": null,
                "contents": [
                    {
                        "text": "1. “갑” 또는 “을”은 본 계약을 위반하였을 경우 그로 인하여 발생된 손해에 대하여 배상할 책임을 부담하여야 한다. ",
                        "type": null,
                        "rowId": null,
                        "cells": null
                    }
                ],
                "coordinate": null
            },
            {
                "id": 69,
                "type": "TEXT",
                "format_content": "1009AAC",
                "depth": 1,
                "sort_order": 55,
                "article": 7,
                "paragraph": 2,
                "subParagraph": null,
                "is_article_title": false,
                "content_labels": [
                    "1009019"
                ],
                "note": "",
                "name": null,
                "contents": [
                    {
                        "text": "2. “을”이 본 계약 제10 조(부정경쟁 등)의 의무를 위반할 경우, 전항의 손해배상과는 별도로 위약벌명목으로 금 일억원(\\100,000,000-)을 “갑”에게 즉시 지급하는 것으로 한다.",
                        "type": null,
                        "rowId": null,
                        "cells": null
                    }
                ],
                "coordinate": null
            },
            {
                "id": 71,
                "type": "TEXT",
                "format_content": "1009AAC",
                "depth": 0,
                "sort_order": 56,
                "article": 8,
                "paragraph": null,
                "subParagraph": null,
                "is_article_title": true,
                "content_labels": [
                    "1009025"
                ],
                "note": "",
                "name": null,
                "contents": [
                    {
                        "text": "제 8 조 【 면책사유 】",
                        "type": null,
                        "rowId": null,
                        "cells": null
                    }
                ],
                "coordinate": null
            },
            {
                "id": 72,
                "type": "TEXT",
                "format_content": "1009AAC",
                "depth": 1,
                "sort_order": 57,
                "article": 8,
                "paragraph": null,
                "subParagraph": null,
                "is_article_title": false,
                "content_labels": [
                    "1009019",
                    "1009025"
                ],
                "note": "",
                "name": null,
                "contents": [
                    {
                        "text": "“갑”은 \"을\"의 공적 업무수행으로 인한 사업 결과 발생한 손해 또는 제 3자의 분쟁에 대해서 \"을\"은 어떠한 책임도 부담하지 않는다. 단 “을”의 고의 또는 과실로 본 계약을 위반하거나 업무상 중대한 손실을 발생케 한 경우, 그에 대한 배상내지 보상책임을 부담한다.",
                        "type": null,
                        "rowId": null,
                        "cells": null
                    }
                ],
                "coordinate": null
            },
            {
                "id": 73,
                "type": "TEXT",
                "format_content": "1009AAC",
                "depth": 0,
                "sort_order": 58,
                "article": 9,
                "paragraph": null,
                "subParagraph": null,
                "is_article_title": true,
                "content_labels": [
                    "1009021"
                ],
                "note": "",
                "name": null,
                "contents": [
                    {
                        "text": "제 9 조 【 비밀유지 】",
                        "type": null,
                        "rowId": null,
                        "cells": null
                    }
                ],
                "coordinate": null
            },
            {
                "id": 74,
                "type": "TEXT",
                "format_content": "1009AAC",
                "depth": 1,
                "sort_order": 59,
                "article": 9,
                "paragraph": 1,
                "subParagraph": null,
                "is_article_title": false,
                "content_labels": [
                    "1009021"
                ],
                "note": "",
                "name": null,
                "contents": [
                    {
                        "text": "1. “을”은 본 계약을 포함, “갑”으로 부터 제공받은 일체의 회사 정보나 지득한 사실(이하‘비밀정보’라한다)을 본 계약의 목적범위 내에서 제한적으로 사용할 수 있으며, “갑”의 사전 서면 동의 없이 제3 자에게 공개 또는 제공할 수 없다.",
                        "type": null,
                        "rowId": null,
                        "cells": null
                    }
                ],
                "coordinate": null
            },
            {
                "id": 76,
                "type": "TEXT",
                "format_content": "1009AAC",
                "depth": 1,
                "sort_order": 60,
                "article": 9,
                "paragraph": 2,
                "subParagraph": null,
                "is_article_title": false,
                "content_labels": [
                    "1009025"
                ],
                "note": "",
                "name": null,
                "contents": [
                    {
                        "text": "2. 전항의 의무는 계약기간 및 계약종료 5년간 그 효력을 갖는다.",
                        "type": null,
                        "rowId": null,
                        "cells": null
                    }
                ],
                "coordinate": null
            },
            {
                "id": 77,
                "type": "TEXT",
                "format_content": "1009AAC",
                "depth": 1,
                "sort_order": 61,
                "article": 9,
                "paragraph": 3,
                "subParagraph": null,
                "is_article_title": false,
                "content_labels": [
                    "1009021"
                ],
                "note": "",
                "name": null,
                "contents": [
                    {
                        "text": "3. “을”은 본 계약의 유효기간 중 “갑”의 업무상 정보, 노하우, 기타 정책 및 신규사업, 특허, 저작권등의 지적재산, 주요자산, 임직원의 개인정보, 회계정보 등을 동종 또는 경쟁업체에 제공하거나 누설할 수 없다.",
                        "type": null,
                        "rowId": null,
                        "cells": null
                    }
                ],
                "coordinate": null
            },
            {
                "id": 79,
                "type": "TEXT",
                "format_content": "1009AAC",
                "depth": 0,
                "sort_order": 62,
                "article": 10,
                "paragraph": null,
                "subParagraph": null,
                "is_article_title": true,
                "content_labels": [
                    "1009025"
                ],
                "note": "",
                "name": null,
                "contents": [
                    {
                        "text": "제10조 【 부정경쟁 등 】",
                        "type": null,
                        "rowId": null,
                        "cells": null
                    }
                ],
                "coordinate": null
            },
            {
                "id": 80,
                "type": "TEXT",
                "format_content": "1009AAC",
                "depth": 1,
                "sort_order": 63,
                "article": 10,
                "paragraph": 1,
                "subParagraph": null,
                "is_article_title": false,
                "content_labels": [
                    "1009020"
                ],
                "note": "",
                "name": null,
                "contents": [
                    {
                        "text": "1. “을”이 계약기간 중 퇴사하거나 해임된 경우, 퇴사 등의 일로부터 3년간 동종 및 경쟁업체를 위하여 종사할 수 없다.",
                        "type": null,
                        "rowId": null,
                        "cells": null
                    }
                ],
                "coordinate": null
            },
            {
                "id": 81,
                "type": "TEXT",
                "format_content": "1009AAC",
                "depth": 1,
                "sort_order": 64,
                "article": 10,
                "paragraph": 2,
                "subParagraph": null,
                "is_article_title": false,
                "content_labels": [
                    "1009020"
                ],
                "note": "",
                "name": null,
                "contents": [
                    {
                        "text": "2. 전항의 사유 이외에 계약기간의 만료로서 계약이 종료된 경우, 만료 후 1년간 동종 및 경쟁업체를 위하여 종사할 수 없다.",
                        "type": null,
                        "rowId": null,
                        "cells": null
                    }
                ],
                "coordinate": null
            },
            {
                "id": 82,
                "type": "TEXT",
                "format_content": "1009AAC",
                "depth": 1,
                "sort_order": 65,
                "article": 10,
                "paragraph": 3,
                "subParagraph": null,
                "is_article_title": false,
                "content_labels": [
                    "1009025"
                ],
                "note": "",
                "name": null,
                "contents": [
                    {
                        "text": "3. “을”은 본 계약기간 및 만료 이후에도 “갑”의 대내외적 명예와 신용을 훼손케 하는 일체의 행위를 하여서는 아니 된다.",
                        "type": null,
                        "rowId": null,
                        "cells": null
                    }
                ],
                "coordinate": null
            },
            {
                "id": 83,
                "type": "TEXT",
                "format_content": "1009AAC",
                "depth": 0,
                "sort_order": 66,
                "article": 11,
                "paragraph": null,
                "subParagraph": null,
                "is_article_title": true,
                "content_labels": [
                    "1009019"
                ],
                "note": "",
                "name": null,
                "contents": [
                    {
                        "text": "제11조 【 처분제한 】",
                        "type": null,
                        "rowId": null,
                        "cells": null
                    }
                ],
                "coordinate": null
            },
            {
                "id": 84,
                "type": "TEXT",
                "format_content": "1009AAC",
                "depth": 1,
                "sort_order": 67,
                "article": 11,
                "paragraph": null,
                "subParagraph": null,
                "is_article_title": false,
                "content_labels": [
                    "1009025"
                ],
                "note": "",
                "name": null,
                "contents": [
                    {
                        "text": "“갑” 또는 “을”은 본 계약상의 권리 또는 의무를 상대방의 사전 서면동의 없이 임의로 양도, 위탁,대리(대행), 임대, 담보권설정 등의 처분행위를 할 수 없다.",
                        "type": null,
                        "rowId": null,
                        "cells": null
                    }
                ],
                "coordinate": null
            },
            {
                "id": 85,
                "type": "TEXT",
                "format_content": "1009AAC",
                "depth": 0,
                "sort_order": 68,
                "article": 12,
                "paragraph": null,
                "subParagraph": null,
                "is_article_title": true,
                "content_labels": [
                    "1009024"
                ],
                "note": "",
                "name": null,
                "contents": [
                    {
                        "text": "제12조 【 분쟁해결 】",
                        "type": null,
                        "rowId": null,
                        "cells": null
                    }
                ],
                "coordinate": null
            },
            {
                "id": 86,
                "type": "TEXT",
                "format_content": "1009AAC",
                "depth": 1,
                "sort_order": 69,
                "article": 12,
                "paragraph": null,
                "subParagraph": null,
                "is_article_title": false,
                "content_labels": [
                    "1009033"
                ],
                "note": "",
                "name": null,
                "contents": [
                    {
                        "text": "1. 본 계약상 해석상의 이견이 존재할 경우 또는 본 계약서상 명시되지 않은 사항이 있을 경우, 대한민국의 관계법률 및 일반 상관례에 따라 상호 협의하여 이를 적극 해결토록 한다.",
                        "type": null,
                        "rowId": null,
                        "cells": null
                    }
                ],
                "coordinate": null
            },
            {
                "id": 87,
                "type": "TEXT",
                "format_content": "1009AAC",
                "depth": 1,
                "sort_order": 70,
                "article": 12,
                "paragraph": 2,
                "subParagraph": null,
                "is_article_title": false,
                "content_labels": [
                    "1009024"
                ],
                "note": "",
                "name": null,
                "contents": [
                    {
                        "text": "2. 본 계약과 관련하여 발생된 법적 분쟁에 대하여는 “갑”의 주소지를 관할하는 법원을 제1심 관할법원으로 한다.",
                        "type": null,
                        "rowId": null,
                        "cells": null
                    }
                ],
                "coordinate": null
            },
            {
                "id": 88,
                "type": "TEXT",
                "format_content": "1009AAC",
                "depth": 0,
                "sort_order": 71,
                "article": 13,
                "paragraph": null,
                "subParagraph": null,
                "is_article_title": true,
                "content_labels": [
                    "1009025"
                ],
                "note": "",
                "name": null,
                "contents": [
                    {
                        "text": "제13조 【 기타사항 】",
                        "type": null,
                        "rowId": null,
                        "cells": null
                    }
                ],
                "coordinate": null
            },
            {
                "id": 89,
                "type": "TEXT",
                "format_content": "1009AAC",
                "depth": 1,
                "sort_order": 72,
                "article": 13,
                "paragraph": null,
                "subParagraph": null,
                "is_article_title": false,
                "content_labels": [
                    "1009025"
                ],
                "note": "",
                "name": null,
                "contents": [
                    {
                        "text": "본 계약은 본 계약 체결 이전 \"갑\" 과 \"을\"  상호간 문서 또는 구두로써 합의된 사항이 존재할 경우, 이를 본 계약이 대체하며, 모든 부속 약정에 우선 적용된다.",
                        "type": null,
                        "rowId": null,
                        "cells": null
                    }
                ],
                "coordinate": null
            },
            {
                "id": 90,
                "type": "TEXT",
                "format_content": "1009AAD",
                "depth": 1,
                "sort_order": 73,
                "article": null,
                "paragraph": null,
                "subParagraph": null,
                "is_article_title": false,
                "content_labels": [
                    "1009023"
                ],
                "note": "",
                "name": null,
                "contents": [
                    {
                        "text": "본 계약의 성립을 입증코자 본 계약서 2부를 작성, 양 계약당사자가 서명 또는 날인한 후, 각 1부씩 보관토록 한다.",
                        "type": null,
                        "rowId": null,
                        "cells": null
                    }
                ],
                "coordinate": null
            },
            {
                "id": 91,
                "type": "TEXT",
                "format_content": "1009AAE",
                "depth": 1,
                "sort_order": 74,
                "article": null,
                "paragraph": null,
                "subParagraph": null,
                "is_article_title": false,
                "content_labels": [
                    "1009026"
                ],
                "note": "",
                "name": null,
                "contents": [
                    {
                        "text": "2022년  1월  1일",
                        "type": null,
                        "rowId": null,
                        "cells": null
                    }
                ],
                "coordinate": null
            },
            {
                "id": 94,
                "type": "TEXT",
                "format_content": "1009AAF",
                "depth": 1,
                "sort_order": 75,
                "article": null,
                "paragraph": null,
                "subParagraph": null,
                "is_article_title": false,
                "content_labels": [
                    "1009027",
                    "1009028"
                ],
                "note": "",
                "name": null,
                "contents": [
                    {
                        "text": "(갑) 주  소 : (@주소)\n회사명 : (@회사명)\n대표자 : (@성명)  (인)\n연락처 : (@전화번호)",
                        "type": null,
                        "rowId": null,
                        "cells": null
                    }
                ],
                "coordinate": null
            },
            {
                "id": 96,
                "type": "TEXT",
                "format_content": "1009AAF",
                "depth": 1,
                "sort_order": 76,
                "article": null,
                "paragraph": null,
                "subParagraph": null,
                "is_article_title": false,
                "content_labels": [
                    "1009029",
                    "1009030"
                ],
                "note": "",
                "name": null,
                "contents": [
                    {
                        "text": "(을) 주  소 :\n성  명 : (인)\n연락처 :",
                        "type": null,
                        "rowId": null,
                        "cells": null
                    }
                ],
                "coordinate": null
            }
        ]
    }
}