{
    "document": {
        "doc_type": "1009",
        "title": "( 연 봉 ) 근 로 계 약 서",
        "status": 7,
        "is_hold": null,
        "page_count": 1,
        "sub_document_count": 7,
        "created_time": "2024-11-13T15:29:45.883",
        "main_category": null,
        "sub_category": null,
        "detail_category": null,
        "related_law": null,
        "purpose": null,
        "use_case": null,
        "sub_documents": [
            {
                "id": 1,
                "type": "TEXT",
                "format_content": "1009AAA",
                "depth": 0,
                "sort_order": 1,
                "article": null,
                "paragraph": null,
                "subParagraph": null,
                "is_article_title": false,
                "content_labels": [
                    "1009025"
                ],
                "note": "",
                "name": null,
                "contents": [
                    {
                        "text": "( 연 봉 ) 근로 계약서",
                        "type": null,
                        "rowId": null,
                        "cells": null
                    }
                ],
                "coordinate": null
            },
            {
                "id": 3,
                "type": "TABLE",
                "format_content": "1009AAB",
                "depth": null,
                "sort_order": 2,
                "article": null,
                "paragraph": null,
                "subParagraph": null,
                "is_article_title": false,
                "content_labels": [
                    "1009001",
                    "1009027",
                    "1009029"
                ],
                "note": "",
                "name": null,
                "contents": [
                    {
                        "text": "<table><tbody><tr><td rowspan=\"2\">(갑)사용자</td><td>사업체명</td><td>　</td><td>대표자</td><td colspan=\"2\">　 </td></tr><tr><td>소재지</td><td colspan=\"4\">　&nbsp;&nbsp;&nbsp;</td></tr><tr><td rowspan=\"2\">(을)근로자</td><td>성명</td><td>　</td><td>생년월일</td><td colspan=\"2\">　 </td></tr><tr><td>주소</td><td colspan=\"2\">　 </td><td>전화번호</td><td>　</td></tr></tbody></table>",
                        "type": null,
                        "rowId": null,
                        "cells": null
                    }
                ],
                "coordinate": null
            },
            {
                "id": 2,
                "type": "TEXT",
                "format_content": "1009AAB",
                "depth": null,
                "sort_order": 3,
                "article": null,
                "paragraph": null,
                "subParagraph": null,
                "is_article_title": false,
                "content_labels": [
                    "1009001",
                    "1009031"
                ],
                "note": "",
                "name": null,
                "contents": [
                    {
                        "text": "위 당사자는 아래의 근로조건을 성실히 이행할 것을 약정하고 근로계약을 체결 한다",
                        "type": null,
                        "rowId": null,
                        "cells": null
                    }
                ],
                "coordinate": null
            },
            {
                "id": 11,
                "type": "TEXT",
                "format_content": "1009AAG",
                "depth": null,
                "sort_order": 4,
                "article": null,
                "paragraph": null,
                "subParagraph": null,
                "is_article_title": false,
                "content_labels": [
                    "1009025"
                ],
                "note": "",
                "name": null,
                "contents": [
                    {
                        "text": " - 아 래 -",
                        "type": null,
                        "rowId": null,
                        "cells": null
                    }
                ],
                "coordinate": null
            },
            {
                "id": 4,
                "type": "TABLE",
                "format_content": "1009AAC",
                "depth": null,
                "sort_order": 5,
                "article": null,
                "paragraph": null,
                "subParagraph": null,
                "is_article_title": false,
                "content_labels": [
                    "1009002",
                    "1009005",
                    "1009006",
                    "1009007"
                ],
                "note": "",
                "name": null,
                "contents": [
                    {
                        "text": "<table><tbody><tr><td>계약기간</td><td colspan=\"5\">0000 년 00월 00일로부터 ~</td></tr><tr><td>근무장소</td><td colspan=\"5\">병원 내</td></tr><tr><td>업무내용</td><td colspan=\"5\">치과위생사</td></tr><tr><td>근로시간</td><td colspan=\"2\">월~금 : 09:00 ~ 18:00 (매주1회&nbsp;&nbsp;&nbsp;2시간 연장 09:00 ~ 20:00까지) 토요일 : 09:00 - 14:00 일요일 :&nbsp;&nbsp;&nbsp;휴무<br>&nbsp;&nbsp;&nbsp;&nbsp;&nbsp;※매주 목요일 휴무 할 수 있음 &gt;&gt;&gt;휴무시 월 2회 연차휴가 사용대체일로 봄. 병원 운영상 필요에 의해 근무시간외&nbsp;&nbsp;&nbsp;연장근로 할 수 있으며 이에 동의함. 서명 : (인)</td><td>휴게시간</td><td colspan=\"2\">월~금 : 1시간30분 (12:30 ~ 14:00) 토요일 : 30분 휴게시간은&nbsp;&nbsp;&nbsp;업무에 지장이 없는 범위 내에서 자유로이 사용한다.</td></tr></tbody></table>",
                        "type": null,
                        "rowId": null,
                        "cells": null
                    }
                ],
                "coordinate": null
            },
            {
                "id": 8,
                "type": "TABLE",
                "format_content": "1009AAC",
                "depth": null,
                "sort_order": 6,
                "article": null,
                "paragraph": null,
                "subParagraph": null,
                "is_article_title": false,
                "content_labels": [
                    "1009009",
                    "1009010",
                    "1009015"
                ],
                "note": "",
                "name": null,
                "contents": [
                    {
                        "text": "<table><tbody><tr><td>임    금</td><td>연봉제</td><td colspan=\"4\">연봉 : 00,000,000원 월정금액 :&nbsp;&nbsp;&nbsp;0,000,000원</td></tr><tr><td>임금 구성 항목</td><td colspan=\"2\">① 기본급(주휴포함) : 원 ② 연장근로수당 : 원 ③ 휴일근로수당 : 원 ④ 식 대&nbsp;&nbsp;&nbsp;: 원 ⑤ 차 량 유지비 : 원 ⑥ 육 아 수 당 : 원</td><td>휴가</td><td colspan=\"2\">※ 주휴일 : 매주 (일)요일 - 연차휴가 : 1년간 8할 이상 근무시 15일의&nbsp;&nbsp;&nbsp;유급휴가를 부여한다. 단,월 2회 평일 휴무일, 하계휴가2일을 연차휴가 사용대체일로 본다. 연차대체에 동의함. 서 명 :  (인)</td></tr><tr><td colspan=\"2\">임금 계산기간과 지급방법</td><td colspan=\"4\">- 당월 1일 ~ 당월 말일까지 급여를 당월 말 일에 지급한다. - 지급방법 :&nbsp;&nbsp;&nbsp;예금통장으로 입금</td></tr></tbody></table>",
                        "type": null,
                        "rowId": null,
                        "cells": null
                    }
                ],
                "coordinate": null
            },
            {
                "id": 7,
                "type": "TABLE",
                "format_content": "1009AAC",
                "depth": null,
                "sort_order": 7,
                "article": null,
                "paragraph": null,
                "subParagraph": null,
                "is_article_title": false,
                "content_labels": [
                    "1009017",
                    "1009018"
                ],
                "note": "",
                "name": null,
                "contents": [
                    {
                        "text": "<table><tbody><tr><td>퇴 직 금</td><td colspan=\"5\">근로자퇴직급여보장법이 정하는 바에 의함.</td></tr><tr><td>퇴직절차</td><td colspan=\"5\">사직일로부터 30일전에 사직서를 제출하고 업무 인수인계 후 퇴직</td></tr><tr><td>근로계약의 해지사유</td><td colspan=\"5\">➀&nbsp;&nbsp;&nbsp;취업규칙 또는 정당한 업무명령을 위반하였을 때 ➁ 형사상 소추되었을 때 ➂ 근로계약기간이 종료 되었을 때</td></tr><tr><td>기 타</td><td colspan=\"5\">본 계약서에 명시되지 않은 사항은 근로기준법 및 취업규칙에 정한 바에 따른다</td></tr></tbody></table>",
                        "type": null,
                        "rowId": null,
                        "cells": null
                    }
                ],
                "coordinate": null
            }
        ]
    }
}