{
    "document": {
        "doc_type": "1009",
        "title": "근로계약서",
        "status": 7,
        "is_hold": null,
        "page_count": 2,
        "sub_document_count": 17,
        "created_time": "2024-10-25T10:35:43.391",
        "main_category": null,
        "sub_category": null,
        "detail_category": null,
        "related_law": null,
        "purpose": null,
        "use_case": null,
        "sub_documents": [
            {
                "id": 1,
                "type": "TEXT",
                "format_content": "1009AAA",
                "depth": 0,
                "sort_order": 1,
                "article": null,
                "paragraph": null,
                "subParagraph": null,
                "is_article_title": false,
                "content_labels": [
                    "1009025"
                ],
                "note": "",
                "name": null,
                "contents": [
                    {
                        "text": "근로계약서",
                        "type": null,
                        "rowId": null,
                        "cells": null
                    }
                ],
                "coordinate": null
            },
            {
                "id": 2,
                "type": "TEXT",
                "format_content": "1009AAB",
                "depth": 0,
                "sort_order": 2,
                "article": null,
                "paragraph": null,
                "subParagraph": null,
                "is_article_title": false,
                "content_labels": [
                    "1009001"
                ],
                "note": "",
                "name": null,
                "contents": [
                    {
                        "text": "(@회사명)과 (@성명1)은 다음과 같이 근로계약을 체결하고 성실하게 계약사항을 준수한다.",
                        "type": null,
                        "rowId": null,
                        "cells": null
                    }
                ],
                "coordinate": null
            },
            {
                "id": 3,
                "type": "TEXT",
                "format_content": "1009AAB",
                "depth": 0,
                "sort_order": 3,
                "article": null,
                "paragraph": null,
                "subParagraph": null,
                "is_article_title": false,
                "content_labels": [
                    "1009027"
                ],
                "note": "",
                "name": null,
                "contents": [
                    {
                        "text": "㈜(@회사명) 사업자번호 (@고유번호)\n주소: (@주소1)\n연락처: (@전화번호)\n이메일: (@이메일)",
                        "type": null,
                        "rowId": null,
                        "cells": null
                    }
                ],
                "coordinate": null
            },
            {
                "id": 7,
                "type": "TEXT",
                "format_content": "1009AAC",
                "depth": 0,
                "sort_order": 4,
                "article": 1,
                "paragraph": null,
                "subParagraph": null,
                "is_article_title": true,
                "content_labels": [
                    "1009005"
                ],
                "note": "",
                "name": null,
                "contents": [
                    {
                        "text": "1. 근로 조건",
                        "type": null,
                        "rowId": null,
                        "cells": null
                    }
                ],
                "coordinate": null
            },
            {
                "id": 8,
                "type": "TEXT",
                "format_content": "1009AAC",
                "depth": 1,
                "sort_order": 5,
                "article": 1,
                "paragraph": null,
                "subParagraph": null,
                "is_article_title": false,
                "content_labels": [
                    "1009005"
                ],
                "note": "",
                "name": null,
                "contents": [
                    {
                        "text": "근로 장소: (@주소2)",
                        "type": null,
                        "rowId": null,
                        "cells": null
                    }
                ],
                "coordinate": null
            },
            {
                "id": 9,
                "type": "TEXT",
                "format_content": "1009AAC",
                "depth": 0,
                "sort_order": 6,
                "article": 2,
                "paragraph": null,
                "subParagraph": null,
                "is_article_title": true,
                "content_labels": [
                    "1009009",
                    "1009010",
                    "1009011"
                ],
                "note": "",
                "name": null,
                "contents": [
                    {
                        "text": "2. 임금체계",
                        "type": null,
                        "rowId": null,
                        "cells": null
                    }
                ],
                "coordinate": null
            },
            {
                "id": 10,
                "type": "TEXT",
                "format_content": "1009AAC",
                "depth": 1,
                "sort_order": 7,
                "article": 2,
                "paragraph": null,
                "subParagraph": null,
                "is_article_title": false,
                "content_labels": [
                    "1009009",
                    "1009010",
                    "1009011"
                ],
                "note": "",
                "name": null,
                "contents": [
                    {
                        "text": "월 급여: 금 (@금액)\n임금지급일: (@숫자)일 (공휴일인 경우 지급일 이후 첫번째 영업일에 지급)\n지급 방법: 을의 예금통장에 입금",
                        "type": null,
                        "rowId": null,
                        "cells": null
                    }
                ],
                "coordinate": null
            },
            {
                "id": 11,
                "type": "TEXT",
                "format_content": "1009AAC",
                "depth": 0,
                "sort_order": 8,
                "article": 3,
                "paragraph": null,
                "subParagraph": null,
                "is_article_title": true,
                "content_labels": [
                    "1009004"
                ],
                "note": "",
                "name": null,
                "contents": [
                    {
                        "text": "3. 업무 범위",
                        "type": null,
                        "rowId": null,
                        "cells": null
                    }
                ],
                "coordinate": null
            },
            {
                "id": 12,
                "type": "TEXT",
                "format_content": "1009AAC",
                "depth": 1,
                "sort_order": 9,
                "article": 3,
                "paragraph": null,
                "subParagraph": null,
                "is_article_title": false,
                "content_labels": [
                    "1009004"
                ],
                "note": "",
                "name": null,
                "contents": [
                    {
                        "text": "웹/앱서비스 개발",
                        "type": null,
                        "rowId": null,
                        "cells": null
                    }
                ],
                "coordinate": null
            },
            {
                "id": 13,
                "type": "TEXT",
                "format_content": "1009AAC",
                "depth": 0,
                "sort_order": 10,
                "article": 4,
                "paragraph": null,
                "subParagraph": null,
                "is_article_title": true,
                "content_labels": [
                    "1009002"
                ],
                "note": "",
                "name": null,
                "contents": [
                    {
                        "text": "4. 근로 조건",
                        "type": null,
                        "rowId": null,
                        "cells": null
                    }
                ],
                "coordinate": null
            },
            {
                "id": 14,
                "type": "TEXT",
                "format_content": "1009AAC",
                "depth": 1,
                "sort_order": 11,
                "article": 4,
                "paragraph": null,
                "subParagraph": null,
                "is_article_title": false,
                "content_labels": [
                    "1009002"
                ],
                "note": "",
                "name": null,
                "contents": [
                    {
                        "text": "기간: (@날짜)",
                        "type": null,
                        "rowId": null,
                        "cells": null
                    }
                ],
                "coordinate": null
            },
            {
                "id": 15,
                "type": "TEXT",
                "format_content": "1009AAC",
                "depth": 0,
                "sort_order": 12,
                "article": 5,
                "paragraph": null,
                "subParagraph": null,
                "is_article_title": true,
                "content_labels": [
                    "1009025"
                ],
                "note": "",
                "name": null,
                "contents": [
                    {
                        "text": "5. 기타",
                        "type": null,
                        "rowId": null,
                        "cells": null
                    }
                ],
                "coordinate": null
            },
            {
                "id": 16,
                "type": "TEXT",
                "format_content": "1009AAC",
                "depth": 1,
                "sort_order": 13,
                "article": 5,
                "paragraph": null,
                "subParagraph": null,
                "is_article_title": false,
                "content_labels": [
                    "1009023"
                ],
                "note": "",
                "name": null,
                "contents": [
                    {
                        "text": "“갑”은 근로계약을 체결함과 동시에 본 계약서를 사본하여 “을”의 교부요구와 관계없이 “을”에게 교부함(근로기준법 제17조 이행)",
                        "type": null,
                        "rowId": null,
                        "cells": null
                    }
                ],
                "coordinate": null
            },
            {
                "id": 18,
                "type": "TEXT",
                "format_content": "1009AAD",
                "depth": 1,
                "sort_order": 14,
                "article": null,
                "paragraph": null,
                "subParagraph": null,
                "is_article_title": false,
                "content_labels": [
                    "1009033"
                ],
                "note": "",
                "name": null,
                "contents": [
                    {
                        "text": "본 계약에 정함이 없는 사항은 상호 신뢰를 바탕으로 관련 법규(근로기준법) 및 사회적 통념에 따름",
                        "type": null,
                        "rowId": null,
                        "cells": null
                    }
                ],
                "coordinate": null
            },
            {
                "id": 19,
                "type": "TEXT",
                "format_content": "1009AAG",
                "depth": 1,
                "sort_order": 15,
                "article": null,
                "paragraph": null,
                "subParagraph": null,
                "is_article_title": false,
                "content_labels": [
                    "1009025"
                ],
                "note": "",
                "name": null,
                "contents": [
                    {
                        "text": "위와 같이 고용 근로계약을 체결하고 서로 간에 이의가 없기에 서명 날인함.",
                        "type": null,
                        "rowId": null,
                        "cells": null
                    }
                ],
                "coordinate": null
            },
            {
                "id": 20,
                "type": "TEXT",
                "format_content": "1009AAF",
                "depth": 1,
                "sort_order": 16,
                "article": null,
                "paragraph": null,
                "subParagraph": null,
                "is_article_title": false,
                "content_labels": [
                    "1009027",
                    "1009028"
                ],
                "note": "",
                "name": null,
                "contents": [
                    {
                        "text": "(갑) (@회사명),\n대표자: (@성명2) (서명)\n주소: (@주소1)",
                        "type": null,
                        "rowId": null,
                        "cells": null
                    }
                ],
                "coordinate": null
            },
            {
                "id": 21,
                "type": "TEXT",
                "format_content": "1009AAF",
                "depth": 1,
                "sort_order": 17,
                "article": null,
                "paragraph": null,
                "subParagraph": null,
                "is_article_title": false,
                "content_labels": [
                    "1009029",
                    "1009030"
                ],
                "note": "",
                "name": null,
                "contents": [
                    {
                        "text": "(을) (@성명1) (서명)\n주민번호: (@고유번호)\n주소: (@주소3)",
                        "type": null,
                        "rowId": null,
                        "cells": null
                    }
                ],
                "coordinate": null
            }
        ]
    }
}