{
    "document": {
        "doc_type": "1009",
        "title": "근 로 계 약 서",
        "status": 10,
        "is_hold": null,
        "page_count": 5,
        "sub_document_count": 54,
        "created_time": "2024-11-13T15:26:53.451",
        "main_category": null,
        "sub_category": null,
        "detail_category": null,
        "related_law": null,
        "purpose": null,
        "use_case": null,
        "sub_documents": [
            {
                "id": 1,
                "type": "TEXT",
                "format_content": "1009AAA",
                "depth": 0,
                "sort_order": 1,
                "article": null,
                "paragraph": null,
                "subParagraph": null,
                "is_article_title": false,
                "content_labels": [
                    "1009025"
                ],
                "note": "",
                "name": null,
                "contents": [
                    {
                        "text": "근 로 계 약 서",
                        "type": null,
                        "rowId": null,
                        "cells": null
                    }
                ],
                "coordinate": null
            },
            {
                "id": 2,
                "type": "TEXT",
                "format_content": "1009AAB",
                "depth": 0,
                "sort_order": 2,
                "article": null,
                "paragraph": null,
                "subParagraph": null,
                "is_article_title": false,
                "content_labels": [
                    "1009001"
                ],
                "note": "",
                "name": null,
                "contents": [
                    {
                        "text": "근로계약 당사자인 사용자와 근로자는 근로기준법 및 기타 노동관계법령과 일반적으로 인정하는 노동관행, 취업규칙을 성실히 준수함은 물론 근로계약내용을 신의성실의 원칙에 따라 준수할 것을 당사자의 자유의사에 따라 확약합니다.",
                        "type": null,
                        "rowId": null,
                        "cells": null
                    }
                ],
                "coordinate": null
            },
            {
                "id": 3,
                "type": "TEXT",
                "format_content": "1009AAC",
                "depth": 0,
                "sort_order": 3,
                "article": 1,
                "paragraph": null,
                "subParagraph": null,
                "is_article_title": true,
                "content_labels": [
                    "1009001"
                ],
                "note": "",
                "name": null,
                "contents": [
                    {
                        "text": "1. 양 당사자",
                        "type": null,
                        "rowId": null,
                        "cells": null
                    }
                ],
                "coordinate": null
            },
            {
                "id": 4,
                "type": "TEXT",
                "format_content": "1009AAC",
                "depth": 1,
                "sort_order": 4,
                "article": 1,
                "paragraph": null,
                "subParagraph": null,
                "is_article_title": false,
                "content_labels": [
                    "1009025"
                ],
                "note": "",
                "name": null,
                "contents": [
                    {
                        "text": "입사일자 : 20. . .",
                        "type": null,
                        "rowId": null,
                        "cells": null
                    }
                ],
                "coordinate": null
            },
            {
                "id": 5,
                "type": "TABLE",
                "format_content": "1009AAC",
                "depth": 1,
                "sort_order": 5,
                "article": 1,
                "paragraph": null,
                "subParagraph": null,
                "is_article_title": false,
                "content_labels": [
                    "1009027",
                    "1009029"
                ],
                "note": "",
                "name": null,
                "contents": [
                    {
                        "text": "<table><tbody><tr><td rowspan=\"4\">사용자</td><td>사업장명</td><td></td></tr><tr><td>소재지</td><td></td></tr><tr><td>대표자</td><td></td></tr><tr><td>전화번호</td><td></td></tr><tr><td rowspan=\"4\">근로자</td><td>성명</td><td></td></tr><tr><td>생년월일</td><td></td></tr><tr><td>주소</td><td></td></tr><tr><td>연락처</td><td></td></tr></tbody></table>",
                        "type": null,
                        "rowId": null,
                        "cells": null
                    }
                ],
                "coordinate": null
            },
            {
                "id": 6,
                "type": "TEXT",
                "format_content": "1009AAC",
                "depth": 0,
                "sort_order": 6,
                "article": 2,
                "paragraph": null,
                "subParagraph": null,
                "is_article_title": true,
                "content_labels": [
                    "1009002"
                ],
                "note": "",
                "name": null,
                "contents": [
                    {
                        "text": "2. 동일임금지급기간",
                        "type": null,
                        "rowId": null,
                        "cells": null
                    }
                ],
                "coordinate": null
            },
            {
                "id": 7,
                "type": "TEXT",
                "format_content": "1009AAC",
                "depth": 1,
                "sort_order": 7,
                "article": 2,
                "paragraph": null,
                "subParagraph": null,
                "is_article_title": false,
                "content_labels": [
                    "1009002"
                ],
                "note": "",
                "name": null,
                "contents": [
                    {
                        "text": "2021년 [ ]월 [ ]일부터 2021년 [ ]월 [ ]일까지로 한다.",
                        "type": null,
                        "rowId": null,
                        "cells": null
                    }
                ],
                "coordinate": null
            },
            {
                "id": 8,
                "type": "TEXT",
                "format_content": "1009AAC",
                "depth": 1,
                "sort_order": 8,
                "article": 2,
                "paragraph": null,
                "subParagraph": null,
                "is_article_title": false,
                "content_labels": [
                    "1009009"
                ],
                "note": "",
                "name": null,
                "contents": [
                    {
                        "text": "동일 임금지급기간은 위의 기간으로 정하되, 그 기간이 도과하였음에도 불구하고 양당사자 합의로 차기년도 임금이 결정되지 아니할 때에는 직전 임금을 그대로 인정한다.",
                        "type": null,
                        "rowId": null,
                        "cells": null
                    }
                ],
                "coordinate": null
            },
            {
                "id": 9,
                "type": "TEXT",
                "format_content": "1009AAC",
                "depth": 0,
                "sort_order": 9,
                "article": 3,
                "paragraph": null,
                "subParagraph": null,
                "is_article_title": true,
                "content_labels": [
                    "1009025"
                ],
                "note": "",
                "name": null,
                "contents": [
                    {
                        "text": "3. 근로조건",
                        "type": null,
                        "rowId": null,
                        "cells": null
                    }
                ],
                "coordinate": null
            },
            {
                "id": 10,
                "type": "TEXT",
                "format_content": "1009AAC",
                "depth": 1,
                "sort_order": 10,
                "article": 3,
                "paragraph": 1,
                "subParagraph": null,
                "is_article_title": false,
                "content_labels": [
                    "1009006"
                ],
                "note": "",
                "name": null,
                "contents": [
                    {
                        "text": "가. 근로시간[주 5일 근무]",
                        "type": null,
                        "rowId": null,
                        "cells": null
                    }
                ],
                "coordinate": null
            },
            {
                "id": 11,
                "type": "TABLE",
                "format_content": "1009AAC",
                "depth": 2,
                "sort_order": 11,
                "article": 3,
                "paragraph": 1,
                "subParagraph": null,
                "is_article_title": false,
                "content_labels": [
                    "1009006",
                    "1009007"
                ],
                "note": "",
                "name": null,
                "contents": [
                    {
                        "text": "<table><tr><td></td><td>시업시간</td><td>종업시간</td><td>휴게시간</td></tr><tr><td>평일</td><td>9:00</td><td>18:00</td><td>11:30 ~ 12:30</td></tr></table>",
                        "type": null,
                        "rowId": null,
                        "cells": null
                    }
                ],
                "coordinate": null
            },
            {
                "id": 12,
                "type": "TEXT",
                "format_content": "1009AAC",
                "depth": 2,
                "sort_order": 12,
                "article": 3,
                "paragraph": 1,
                "subParagraph": 1,
                "is_article_title": false,
                "content_labels": [
                    "1009013"
                ],
                "note": "",
                "name": null,
                "contents": [
                    {
                        "text": "1) 법정근로시간을 준수하고 이에 초과하는 시간에 대해서는 시간외 근로수당을 지급하기로 한다. 단, 입사일로부터 6개월이 경과하기 전까지는 사용자가 명시적으로 요청한 초과근무 외에는 업무의 미숙련으로 인한 자발적인 초과근무로 간주되어 별도의 시간외 근로수당을 지급하지 않기로 한다.",
                        "type": null,
                        "rowId": null,
                        "cells": null
                    }
                ],
                "coordinate": null
            },
            {
                "id": 13,
                "type": "TEXT",
                "format_content": "1009AAC",
                "depth": 2,
                "sort_order": 13,
                "article": 3,
                "paragraph": 1,
                "subParagraph": 2,
                "is_article_title": false,
                "content_labels": [
                    "1009013"
                ],
                "note": "",
                "name": null,
                "contents": [
                    {
                        "text": "2) 입사일로부터 6개월이 경과한 날(2021. 10. 1.)부터는 모든 초과근무에 대해서 1시간이 경과하는 경우에 시간 단위로 초과근무 수당을 지급한다.\n예) 30분의 초과근무 : 초과근무로 산입하지 않는다.\n1시간 10분의 초과근무 : 1시간의 초과근무로 계산",
                        "type": null,
                        "rowId": null,
                        "cells": null
                    }
                ],
                "coordinate": null
            },
            {
                "id": 16,
                "type": "TEXT",
                "format_content": "1009AAC",
                "depth": 2,
                "sort_order": 14,
                "article": 3,
                "paragraph": 1,
                "subParagraph": 3,
                "is_article_title": false,
                "content_labels": [
                    "1009013"
                ],
                "note": "",
                "name": null,
                "contents": [
                    {
                        "text": "3) 초과근무수당은 연간지급총액을 연간근무시간으로 나눈 금액을 기준으로 30%를 할증한 금액으로 한다.",
                        "type": null,
                        "rowId": null,
                        "cells": null
                    }
                ],
                "coordinate": null
            },
            {
                "id": 18,
                "type": "TEXT",
                "format_content": "1009AAC",
                "depth": 2,
                "sort_order": 15,
                "article": 3,
                "paragraph": 1,
                "subParagraph": 4,
                "is_article_title": false,
                "content_labels": [
                    "1009014",
                    "1009015"
                ],
                "note": "",
                "name": null,
                "contents": [
                    {
                        "text": "4) 주휴일은 일요일로 하되, 1주간의 소정근무일에 개근한 경우에 한하여 유급휴일을 부여하며, 토요일의 경우 무급휴가로 정한다.",
                        "type": null,
                        "rowId": null,
                        "cells": null
                    }
                ],
                "coordinate": null
            },
            {
                "id": 20,
                "type": "TEXT",
                "format_content": "1009AAC",
                "depth": 2,
                "sort_order": 16,
                "article": 3,
                "paragraph": 1,
                "subParagraph": 5,
                "is_article_title": false,
                "content_labels": [
                    "1009007"
                ],
                "note": "",
                "name": null,
                "contents": [
                    {
                        "text": "5) 휴게시간은 사용자의 구속없이 근로자가 자유롭게 사용할 수 있는 비근로시간이다.",
                        "type": null,
                        "rowId": null,
                        "cells": null
                    }
                ],
                "coordinate": null
            },
            {
                "id": 21,
                "type": "TEXT",
                "format_content": "1009AAC",
                "depth": 1,
                "sort_order": 17,
                "article": 3,
                "paragraph": 2,
                "subParagraph": null,
                "is_article_title": false,
                "content_labels": [
                    "1009009"
                ],
                "note": "",
                "name": null,
                "contents": [
                    {
                        "text": "나. 임금",
                        "type": null,
                        "rowId": null,
                        "cells": null
                    }
                ],
                "coordinate": null
            },
            {
                "id": 22,
                "type": "TEXT",
                "format_content": "1009AAC",
                "depth": 2,
                "sort_order": 18,
                "article": 3,
                "paragraph": 2,
                "subParagraph": null,
                "is_article_title": false,
                "content_labels": [
                    "1009009"
                ],
                "note": "",
                "name": null,
                "contents": [
                    {
                        "text": "임금은 연간지급제로 한다. 연간지급액에는 약정급여와 법정수당, 정기상여금을 포함하여 산출되며 매월 균등히 나누어 임금지급일에 지급한다.",
                        "type": null,
                        "rowId": null,
                        "cells": null
                    }
                ],
                "coordinate": null
            },
            {
                "id": 24,
                "type": "TEXT",
                "format_content": "1009AAC",
                "depth": 2,
                "sort_order": 19,
                "article": 3,
                "paragraph": 2,
                "subParagraph": 1,
                "is_article_title": false,
                "content_labels": [
                    "1009009"
                ],
                "note": "",
                "name": null,
                "contents": [
                    {
                        "text": "1) 연간지급총액 : 원\n①  월급여   : 원\n월급여는 주휴수당을 포함한 기본급을 임금 항목으로 구성\n기본급은 근로기준법에 따른 주 40시간 근무에 따라 계산",
                        "type": null,
                        "rowId": null,
                        "cells": null
                    }
                ],
                "coordinate": null
            },
            {
                "id": 71,
                "type": "TABLE",
                "format_content": "1009AAC",
                "depth": 2,
                "sort_order": 20,
                "article": 3,
                "paragraph": 2,
                "subParagraph": 1,
                "is_article_title": false,
                "content_labels": [
                    "1009009"
                ],
                "note": "",
                "name": null,
                "contents": [
                    {
                        "text": "<table><tbody><tr><td></td><td>기본급</td><td>연장수당</td><td>연구활동비</td><td>보전수당</td><td>합계</td></tr><tr><td>월 기준</td><td></td><td>시간에 따라 산정</td><td>임의 지급</td><td>0</td><td></td></tr></tbody></table>",
                        "type": null,
                        "rowId": null,
                        "cells": null
                    }
                ],
                "coordinate": null
            },
            {
                "id": 72,
                "type": "TABLE",
                "format_content": "1009AAC",
                "depth": 2,
                "sort_order": 21,
                "article": 3,
                "paragraph": 2,
                "subParagraph": 1,
                "is_article_title": false,
                "content_labels": [
                    "1009009"
                ],
                "note": "",
                "name": null,
                "contents": [
                    {
                        "text": "<table><tbody><tr><td></td><td>기본급</td><td>연장수당</td><td>연구활동비</td><td>보전수당</td><td>합계</td></tr><tr><td>월 기준</td><td></td><td>시간에 따라 산정</td><td>임의 지급</td><td>0</td><td></td></tr></tbody></table>",
                        "type": null,
                        "rowId": null,
                        "cells": null
                    }
                ],
                "coordinate": null
            },
            {
                "id": 32,
                "type": "TEXT",
                "format_content": "1009AAC",
                "depth": 1,
                "sort_order": 22,
                "article": 3,
                "paragraph": 3,
                "subParagraph": null,
                "is_article_title": false,
                "content_labels": [
                    "1009010",
                    "1009011"
                ],
                "note": "",
                "name": null,
                "contents": [
                    {
                        "text": "다. 임금의 지급",
                        "type": null,
                        "rowId": null,
                        "cells": null
                    }
                ],
                "coordinate": null
            },
            {
                "id": 33,
                "type": "TEXT",
                "format_content": "1009AAC",
                "depth": 2,
                "sort_order": 23,
                "article": 3,
                "paragraph": 3,
                "subParagraph": 1,
                "is_article_title": false,
                "content_labels": [
                    "1009010",
                    "1009011"
                ],
                "note": "",
                "name": null,
                "contents": [
                    {
                        "text": "1) 임금은 매월 1일에서 말일까지로 산정하고 익월 10일에 지급하며 공과금, 근로소득세, 주민세, 사회보험료를 공제하고 직접 근로자에게 지급하거나 이에 갈음하는 방법에 의하여 지급한다.",
                        "type": null,
                        "rowId": null,
                        "cells": null
                    }
                ],
                "coordinate": null
            },
            {
                "id": 34,
                "type": "TEXT",
                "format_content": "1009AAC",
                "depth": 2,
                "sort_order": 24,
                "article": 3,
                "paragraph": 3,
                "subParagraph": 2,
                "is_article_title": false,
                "content_labels": [
                    "1009012",
                    "1009011"
                ],
                "note": "",
                "name": null,
                "contents": [
                    {
                        "text": "2) 인센티브는 별도 합의서를 통하여 지급방법을 산정하여 연말에 지급하기로 한다.",
                        "type": null,
                        "rowId": null,
                        "cells": null
                    }
                ],
                "coordinate": null
            },
            {
                "id": 36,
                "type": "TEXT",
                "format_content": "1009AAC",
                "depth": 1,
                "sort_order": 25,
                "article": 3,
                "paragraph": 4,
                "subParagraph": null,
                "is_article_title": false,
                "content_labels": [
                    "1009025"
                ],
                "note": "",
                "name": null,
                "contents": [
                    {
                        "text": "라. 근로시간 산정의 특례",
                        "type": null,
                        "rowId": null,
                        "cells": null
                    }
                ],
                "coordinate": null
            },
            {
                "id": 37,
                "type": "TEXT",
                "format_content": "1009AAC",
                "depth": 2,
                "sort_order": 26,
                "article": 3,
                "paragraph": 4,
                "subParagraph": null,
                "is_article_title": false,
                "content_labels": [
                    "1009025"
                ],
                "note": "",
                "name": null,
                "contents": [
                    {
                        "text": "근로자가 약정된 근로시간을 임의로 위반하여 초과근무를 하거나 약정된 휴게시간에 휴게를 실시하지 않고자 할 경우에는 반드시 전결자에게 사전 승인을 얻어야 하며, 만약 근로자가 전결자의 사전 결재를 받지 아니하고 퇴근치 않거나, 휴게를 사용하지 않을 경우에는 실제 근무여부를 알 수 없는 관계로 추가근로로 인정치 아니하고 이에 대한 추가수당도 지급하지 아니한다.",
                        "type": null,
                        "rowId": null,
                        "cells": null
                    }
                ],
                "coordinate": null
            },
            {
                "id": 38,
                "type": "TEXT",
                "format_content": "1009AAC",
                "depth": 2,
                "sort_order": 27,
                "article": 3,
                "paragraph": 4,
                "subParagraph": null,
                "is_article_title": false,
                "content_labels": [
                    "1009030"
                ],
                "note": "",
                "name": null,
                "contents": [
                    {
                        "text": "⚫ 근로시간 산정의 특례에 대하여 동의함. _________________________(인)",
                        "type": null,
                        "rowId": null,
                        "cells": null
                    }
                ],
                "coordinate": null
            },
            {
                "id": 39,
                "type": "TEXT",
                "format_content": "1009AAC",
                "depth": 1,
                "sort_order": 28,
                "article": 3,
                "paragraph": 5,
                "subParagraph": null,
                "is_article_title": false,
                "content_labels": [
                    "1009015"
                ],
                "note": "",
                "name": null,
                "contents": [
                    {
                        "text": "마. 연차유급휴가",
                        "type": null,
                        "rowId": null,
                        "cells": null
                    }
                ],
                "coordinate": null
            },
            {
                "id": 40,
                "type": "TEXT",
                "format_content": "1009AAC",
                "depth": 2,
                "sort_order": 29,
                "article": 3,
                "paragraph": 5,
                "subParagraph": null,
                "is_article_title": false,
                "content_labels": [
                    "1009015"
                ],
                "note": "",
                "name": null,
                "contents": [
                    {
                        "text": "연차는 1년간의 소정근무일에 80% 이상을 개근한 자에게 15일을 부여하되, 1년 경과 후 2년 단위로 1일을 가산한다. 연차 15일 중 3일은 여름 전체 정기휴가로 대체하고 미사용 연차는 사용자가 근로기준법에 따라 연차유급휴가 사용을 촉진할 수 있으며, 사용 촉진한 경우 연차유급휴가 미사용수당 청구권이 소멸될 수 있다.",
                        "type": null,
                        "rowId": null,
                        "cells": null
                    }
                ],
                "coordinate": null
            },
            {
                "id": 41,
                "type": "TEXT",
                "format_content": "1009AAC",
                "depth": 2,
                "sort_order": 30,
                "article": 3,
                "paragraph": 5,
                "subParagraph": null,
                "is_article_title": false,
                "content_labels": [
                    "1009030"
                ],
                "note": "",
                "name": null,
                "contents": [
                    {
                        "text": "⚫ 연차대체합의에 대하여 동의함. ______________________________(인)",
                        "type": null,
                        "rowId": null,
                        "cells": null
                    }
                ],
                "coordinate": null
            },
            {
                "id": 42,
                "type": "TEXT",
                "format_content": "1009AAC",
                "depth": 1,
                "sort_order": 31,
                "article": 3,
                "paragraph": 6,
                "subParagraph": null,
                "is_article_title": false,
                "content_labels": [
                    "1009025"
                ],
                "note": "",
                "name": null,
                "contents": [
                    {
                        "text": "바. 근태공제",
                        "type": null,
                        "rowId": null,
                        "cells": null
                    }
                ],
                "coordinate": null
            },
            {
                "id": 43,
                "type": "TEXT",
                "format_content": "1009AAC",
                "depth": 2,
                "sort_order": 32,
                "article": 3,
                "paragraph": 6,
                "subParagraph": null,
                "is_article_title": false,
                "content_labels": [
                    "1009025"
                ],
                "note": "",
                "name": null,
                "contents": [
                    {
                        "text": "근로자가 결근, 지각, 조퇴하는 경우에는 해당 부분을 월급에서 공제한다.",
                        "type": null,
                        "rowId": null,
                        "cells": null
                    }
                ],
                "coordinate": null
            },
            {
                "id": 45,
                "type": "TEXT",
                "format_content": "1009AAC",
                "depth": 1,
                "sort_order": 33,
                "article": 3,
                "paragraph": 7,
                "subParagraph": null,
                "is_article_title": false,
                "content_labels": [
                    "1009004"
                ],
                "note": "",
                "name": null,
                "contents": [
                    {
                        "text": "사. 부서",
                        "type": null,
                        "rowId": null,
                        "cells": null
                    }
                ],
                "coordinate": null
            },
            {
                "id": 46,
                "type": "TEXT",
                "format_content": "1009AAC",
                "depth": 2,
                "sort_order": 34,
                "article": 3,
                "paragraph": 7,
                "subParagraph": null,
                "is_article_title": false,
                "content_labels": [
                    "1009004"
                ],
                "note": "",
                "name": null,
                "contents": [
                    {
                        "text": "현재 부서는 경영기획팀이지만, 직무적성 및 경영상의 필요에 따라 사용자가 직무 및 부서를 변경할 수 있다. 또한 관계 거래 회사나 사업체에 파견 근무를 할 수도 있다.",
                        "type": null,
                        "rowId": null,
                        "cells": null
                    }
                ],
                "coordinate": null
            },
            {
                "id": 47,
                "type": "TEXT",
                "format_content": "1009AAC",
                "depth": 2,
                "sort_order": 35,
                "article": 3,
                "paragraph": 7,
                "subParagraph": null,
                "is_article_title": false,
                "content_labels": [
                    "1009030"
                ],
                "note": "",
                "name": null,
                "contents": [
                    {
                        "text": "파견근무에 대하여 동의함.  ____________________________(인)",
                        "type": null,
                        "rowId": null,
                        "cells": null
                    }
                ],
                "coordinate": null
            },
            {
                "id": 48,
                "type": "TEXT",
                "format_content": "1009AAC",
                "depth": 1,
                "sort_order": 36,
                "article": 3,
                "paragraph": 8,
                "subParagraph": null,
                "is_article_title": false,
                "content_labels": [
                    "1009017"
                ],
                "note": "",
                "name": null,
                "contents": [
                    {
                        "text": "아. 퇴직금 등",
                        "type": null,
                        "rowId": null,
                        "cells": null
                    }
                ],
                "coordinate": null
            },
            {
                "id": 49,
                "type": "TEXT",
                "format_content": "1009AAC",
                "depth": 2,
                "sort_order": 37,
                "article": 3,
                "paragraph": 8,
                "subParagraph": 1,
                "is_article_title": false,
                "content_labels": [
                    "1009017"
                ],
                "note": "",
                "name": null,
                "contents": [
                    {
                        "text": "1) 사용자는 근속연수가 1년 이상인 근로자에게만 퇴직금을 지급하며, 계속근로 1년에 대하여 평균임금의 30일분을 지급한다.",
                        "type": null,
                        "rowId": null,
                        "cells": null
                    }
                ],
                "coordinate": null
            },
            {
                "id": 50,
                "type": "TEXT",
                "format_content": "1009AAC",
                "depth": 2,
                "sort_order": 38,
                "article": 3,
                "paragraph": 8,
                "subParagraph": 2,
                "is_article_title": false,
                "content_labels": [
                    "1009016"
                ],
                "note": "",
                "name": null,
                "contents": [
                    {
                        "text": "2) 근로자가 퇴직하고자 할 때는 퇴직희망일로부터 1개월전에 퇴직사유를 기재한 사직서를 제출하여야 하며, 회사의 승인이 있을 때까지는 종전의 직무에 종사하고 업무인수인계를 하여야 한다. 근로자가 이 규정에서 정한 기간에 미달하는 기간으로 사직서를 제출할 경우 회사는 그 잔여기간 동안 사직서 수리를 유예할 수 있다.",
                        "type": null,
                        "rowId": null,
                        "cells": null
                    }
                ],
                "coordinate": null
            },
            {
                "id": 51,
                "type": "TEXT",
                "format_content": "1009AAC",
                "depth": 1,
                "sort_order": 39,
                "article": 3,
                "paragraph": 9,
                "subParagraph": null,
                "is_article_title": false,
                "content_labels": [
                    "1009013"
                ],
                "note": "",
                "name": null,
                "contents": [
                    {
                        "text": "자. 출장비",
                        "type": null,
                        "rowId": null,
                        "cells": null
                    }
                ],
                "coordinate": null
            },
            {
                "id": 52,
                "type": "TEXT",
                "format_content": "1009AAC",
                "depth": 2,
                "sort_order": 40,
                "article": 3,
                "paragraph": 9,
                "subParagraph": 1,
                "is_article_title": false,
                "content_labels": [
                    "1009013"
                ],
                "note": "",
                "name": null,
                "contents": [
                    {
                        "text": "1) 국내출장여비는 실비 지급원칙으로 한다.",
                        "type": null,
                        "rowId": null,
                        "cells": null
                    }
                ],
                "coordinate": null
            },
            {
                "id": 53,
                "type": "TEXT",
                "format_content": "1009AAC",
                "depth": 2,
                "sort_order": 41,
                "article": 3,
                "paragraph": 9,
                "subParagraph": 2,
                "is_article_title": false,
                "content_labels": [
                    "1009013"
                ],
                "note": "",
                "name": null,
                "contents": [
                    {
                        "text": "2) 국외출장여비는 실비 지급원칙으로 하되, 출장 일비로 추가로 100,000원을 지급한다.",
                        "type": null,
                        "rowId": null,
                        "cells": null
                    }
                ],
                "coordinate": null
            },
            {
                "id": 55,
                "type": "TEXT",
                "format_content": "1009AAC",
                "depth": 1,
                "sort_order": 42,
                "article": 3,
                "paragraph": 10,
                "subParagraph": null,
                "is_article_title": false,
                "content_labels": [
                    "1009025"
                ],
                "note": "",
                "name": null,
                "contents": [
                    {
                        "text": "차. 기타",
                        "type": null,
                        "rowId": null,
                        "cells": null
                    }
                ],
                "coordinate": null
            },
            {
                "id": 56,
                "type": "TEXT",
                "format_content": "1009AAC",
                "depth": 2,
                "sort_order": 43,
                "article": 3,
                "paragraph": 10,
                "subParagraph": null,
                "is_article_title": false,
                "content_labels": [
                    "1009025"
                ],
                "note": "",
                "name": null,
                "contents": [
                    {
                        "text": "이 계약서에 명시되지 아니한 근로조건은 노동관계법령, 취업규칙 기타 일반적으로 인정하는 노동관행에 따르며 당사자의 합의로 언제든지 변경할 수 있다.",
                        "type": null,
                        "rowId": null,
                        "cells": null
                    }
                ],
                "coordinate": null
            },
            {
                "id": 57,
                "type": "TEXT",
                "format_content": "1009AAC",
                "depth": 0,
                "sort_order": 44,
                "article": 4,
                "paragraph": null,
                "subParagraph": null,
                "is_article_title": true,
                "content_labels": [
                    "1009025"
                ],
                "note": "",
                "name": null,
                "contents": [
                    {
                        "text": "4. 부작위 의무",
                        "type": null,
                        "rowId": null,
                        "cells": null
                    }
                ],
                "coordinate": null
            },
            {
                "id": 58,
                "type": "TEXT",
                "format_content": "1009AAC",
                "depth": 1,
                "sort_order": 45,
                "article": 4,
                "paragraph": 1,
                "subParagraph": null,
                "is_article_title": false,
                "content_labels": [
                    "1009021"
                ],
                "note": "",
                "name": null,
                "contents": [
                    {
                        "text": "가. 근로자는 업무상 취득한 비밀을 외부에 누설치 아니한다. 이는 퇴직 후에도 동일하며 만약 이를 위반할 경우에는 민형사상 책임을 면할 수 없다.",
                        "type": null,
                        "rowId": null,
                        "cells": null
                    }
                ],
                "coordinate": null
            },
            {
                "id": 60,
                "type": "TEXT",
                "format_content": "1009AAC",
                "depth": 1,
                "sort_order": 46,
                "article": 4,
                "paragraph": 2,
                "subParagraph": null,
                "is_article_title": false,
                "content_labels": [
                    "1009021"
                ],
                "note": "",
                "name": null,
                "contents": [
                    {
                        "text": "나. 회사 업무 및 관계사 업무내용과 관련된 서류 및 자료, 파일은 어떠한 이유에서든 외부로 반출할 수 없다.",
                        "type": null,
                        "rowId": null,
                        "cells": null
                    }
                ],
                "coordinate": null
            },
            {
                "id": 61,
                "type": "TEXT",
                "format_content": "1009AAC",
                "depth": 1,
                "sort_order": 47,
                "article": 4,
                "paragraph": 3,
                "subParagraph": null,
                "is_article_title": false,
                "content_labels": [
                    "1009020"
                ],
                "note": "",
                "name": null,
                "contents": [
                    {
                        "text": "다. 근로자는 사용자의 승인을 얻지 아니하고 재직한 상태로 타인에게 고용되거나 타 업무에 종사하여서는 아니 된다.",
                        "type": null,
                        "rowId": null,
                        "cells": null
                    }
                ],
                "coordinate": null
            },
            {
                "id": 62,
                "type": "TEXT",
                "format_content": "1009AAC",
                "depth": 1,
                "sort_order": 48,
                "article": 4,
                "paragraph": 4,
                "subParagraph": null,
                "is_article_title": false,
                "content_labels": [
                    "1009018"
                ],
                "note": "",
                "name": null,
                "contents": [
                    {
                        "text": "라. 사용자는 근로자가 타 근로자의 근로를 방해 또는 안전 수칙을 위반하거나 도박, 음주, 폭행, 기물파손 등 회사의 근무질서를 문란케 하는 경우에는 즉시 근로관계를 종료할 수 있다.",
                        "type": null,
                        "rowId": null,
                        "cells": null
                    }
                ],
                "coordinate": null
            },
            {
                "id": 63,
                "type": "TEXT",
                "format_content": "1009AAC",
                "depth": 1,
                "sort_order": 49,
                "article": 4,
                "paragraph": 5,
                "subParagraph": null,
                "is_article_title": false,
                "content_labels": [
                    "1009019"
                ],
                "note": "",
                "name": null,
                "contents": [
                    {
                        "text": "마. 근로자는 본 계약을 위반하거나 고의 또는 중대한 과실로 인하여 사용자에게 손해를 가한 경우에는 이를 배상하여야 한다.",
                        "type": null,
                        "rowId": null,
                        "cells": null
                    }
                ],
                "coordinate": null
            },
            {
                "id": 65,
                "type": "TEXT",
                "format_content": "1009AAG",
                "depth": 2,
                "sort_order": 50,
                "article": null,
                "paragraph": null,
                "subParagraph": null,
                "is_article_title": false,
                "content_labels": [
                    "1009025"
                ],
                "note": "",
                "name": null,
                "contents": [
                    {
                        "text": "* * *",
                        "type": null,
                        "rowId": null,
                        "cells": null
                    }
                ],
                "coordinate": null
            },
            {
                "id": 66,
                "type": "TEXT",
                "format_content": "1009AAD",
                "depth": 2,
                "sort_order": 51,
                "article": null,
                "paragraph": null,
                "subParagraph": null,
                "is_article_title": false,
                "content_labels": [
                    "1009023"
                ],
                "note": "",
                "name": null,
                "contents": [
                    {
                        "text": "위와 같이 근로계약을 체결함.",
                        "type": null,
                        "rowId": null,
                        "cells": null
                    }
                ],
                "coordinate": null
            },
            {
                "id": 67,
                "type": "TEXT",
                "format_content": "1009AAE",
                "depth": 2,
                "sort_order": 52,
                "article": null,
                "paragraph": null,
                "subParagraph": null,
                "is_article_title": false,
                "content_labels": [
                    "1009026"
                ],
                "note": "",
                "name": null,
                "contents": [
                    {
                        "text": "2021년 4월 1일",
                        "type": null,
                        "rowId": null,
                        "cells": null
                    }
                ],
                "coordinate": null
            },
            {
                "id": 68,
                "type": "TEXT",
                "format_content": "1009AAF",
                "depth": 2,
                "sort_order": 53,
                "article": null,
                "paragraph": null,
                "subParagraph": null,
                "is_article_title": false,
                "content_labels": [
                    "1009027",
                    "1009028"
                ],
                "note": "",
                "name": null,
                "contents": [
                    {
                        "text": "사 용 자  :  (@회사명) (@성명) (인)",
                        "type": null,
                        "rowId": null,
                        "cells": null
                    }
                ],
                "coordinate": null
            },
            {
                "id": 70,
                "type": "TEXT",
                "format_content": "1009AAF",
                "depth": 2,
                "sort_order": 54,
                "article": null,
                "paragraph": null,
                "subParagraph": null,
                "is_article_title": false,
                "content_labels": [
                    "1009030"
                ],
                "note": "",
                "name": null,
                "contents": [
                    {
                        "text": "근 로 자  : (인)",
                        "type": null,
                        "rowId": null,
                        "cells": null
                    }
                ],
                "coordinate": null
            }
        ]
    }
}