{
    "document": {
        "doc_type": "1009",
        "title": null,
        "status": 4,
        "is_hold": null,
        "page_count": 5,
        "sub_document_count": 71,
        "created_time": "2024-11-05T10:27:59.732",
        "main_category": null,
        "sub_category": null,
        "detail_category": null,
        "related_law": null,
        "purpose": null,
        "use_case": null,
        "sub_documents": [
            {
                "id": 1,
                "type": "TEXT",
                "format_content": "1009AAA",
                "depth": 0,
                "sort_order": 1,
                "article": null,
                "paragraph": null,
                "subParagraph": null,
                "is_article_title": false,
                "content_labels": [
                    "1009025"
                ],
                "note": "",
                "name": null,
                "contents": [
                    {
                        "text": "근로 및 연봉 계약서",
                        "type": null,
                        "rowId": null,
                        "cells": null
                    }
                ],
                "coordinate": null
            },
            {
                "id": 2,
                "type": "TEXT",
                "format_content": "1009AAB",
                "depth": 0,
                "sort_order": 2,
                "article": null,
                "paragraph": null,
                "subParagraph": null,
                "is_article_title": false,
                "content_labels": [
                    "1009001"
                ],
                "note": "",
                "name": null,
                "contents": [
                    {
                        "text": "주식회사 (@회사)(이하 “회사”라 한다)은 (@성명1) (@식별번호), 이하 “근로자”라 한다)와/과 다음에 규정된 조건에 따라 연봉계약과 이에 준하는 근로계약(이하 “본 계약”이라 한다)을 체결한다.",
                        "type": null,
                        "rowId": null,
                        "cells": null
                    }
                ],
                "coordinate": null
            },
            {
                "id": 5,
                "type": "TEXT",
                "format_content": "1009AAC",
                "depth": 1,
                "sort_order": 3,
                "article": 1,
                "paragraph": null,
                "subParagraph": null,
                "is_article_title": true,
                "content_labels": [
                    "1009031"
                ],
                "note": "",
                "name": null,
                "contents": [
                    {
                        "text": "제1조 【목적】",
                        "type": null,
                        "rowId": null,
                        "cells": null
                    }
                ],
                "coordinate": null
            },
            {
                "id": 6,
                "type": "TEXT",
                "format_content": "1009AAC",
                "depth": 2,
                "sort_order": 4,
                "article": 1,
                "paragraph": null,
                "subParagraph": null,
                "is_article_title": false,
                "content_labels": [
                    "1009031"
                ],
                "note": "",
                "name": null,
                "contents": [
                    {
                        "text": "본 계약은 근로자의 성실한 업무 수행과 이에 따른 회사의 임금 지급 및 근로기준법 준수에 관한 제반 사항을 규정하는 것을 목적으로 한다.",
                        "type": null,
                        "rowId": null,
                        "cells": null
                    }
                ],
                "coordinate": null
            },
            {
                "id": 8,
                "type": "TEXT",
                "format_content": "1009AAC",
                "depth": 1,
                "sort_order": 5,
                "article": 2,
                "paragraph": null,
                "subParagraph": null,
                "is_article_title": true,
                "content_labels": [
                    "1009005",
                    "1009004"
                ],
                "note": "",
                "name": null,
                "contents": [
                    {
                        "text": "제2조 【근무장소 및 담당업무】",
                        "type": null,
                        "rowId": null,
                        "cells": null
                    }
                ],
                "coordinate": null
            },
            {
                "id": 9,
                "type": "TEXT",
                "format_content": "1009AAC",
                "depth": 2,
                "sort_order": 6,
                "article": 2,
                "paragraph": 1,
                "subParagraph": null,
                "is_article_title": false,
                "content_labels": [
                    "1009005"
                ],
                "note": "",
                "name": null,
                "contents": [
                    {
                        "text": "1. 근무는 \"회사\"의 본점 오피스 또는 기타 업무상 필요시 되는 장소에서 업무를 하기로 한다.",
                        "type": null,
                        "rowId": null,
                        "cells": null
                    }
                ],
                "coordinate": null
            },
            {
                "id": 11,
                "type": "TEXT",
                "format_content": "1009AAC",
                "depth": 2,
                "sort_order": 7,
                "article": 2,
                "paragraph": 2,
                "subParagraph": null,
                "is_article_title": false,
                "content_labels": [
                    "1009004"
                ],
                "note": "",
                "name": null,
                "contents": [
                    {
                        "text": "2. 근로자는 사업개발 팀장으로서 회사가 지정하는 프로젝트와 관련된 사업개발 업무를 주 업무로 하되, 지정 프로젝트의 중단 또는 경영 · 업무상 필요한 경우 회사는 근로자의 담당업무와 근로조건 등을 합의 하에 변경할 수 있다",
                        "type": null,
                        "rowId": null,
                        "cells": null
                    }
                ],
                "coordinate": null
            },
            {
                "id": 12,
                "type": "TEXT",
                "format_content": "1009AAC",
                "depth": 1,
                "sort_order": 8,
                "article": 3,
                "paragraph": null,
                "subParagraph": null,
                "is_article_title": true,
                "content_labels": [
                    "1009012"
                ],
                "note": "",
                "name": null,
                "contents": [
                    {
                        "text": "제3조 (시간외 및 특별근무에 관한 상여금)",
                        "type": null,
                        "rowId": null,
                        "cells": null
                    }
                ],
                "coordinate": null
            },
            {
                "id": 13,
                "type": "TEXT",
                "format_content": "1009AAC",
                "depth": 2,
                "sort_order": 9,
                "article": 3,
                "paragraph": null,
                "subParagraph": null,
                "is_article_title": false,
                "content_labels": [
                    "1009012"
                ],
                "note": "",
                "name": null,
                "contents": [
                    {
                        "text": "“갑”이 규정한 근로시간을 초과하여 근무하거나, 특별히 위험한 노선에 차량을 운전하는 경우 “을”은 이에 상당한 수당 및 기타 상여금을 지급하여야 한다.",
                        "type": null,
                        "rowId": null,
                        "cells": null
                    }
                ],
                "coordinate": null
            },
            {
                "id": 14,
                "type": "TEXT",
                "format_content": "1009AAC",
                "depth": 1,
                "sort_order": 10,
                "article": 4,
                "paragraph": null,
                "subParagraph": null,
                "is_article_title": true,
                "content_labels": [
                    "1009009",
                    "1009011",
                    "1009010"
                ],
                "note": "",
                "name": null,
                "contents": [
                    {
                        "text": "제4조 【임금】",
                        "type": null,
                        "rowId": null,
                        "cells": null
                    }
                ],
                "coordinate": null
            },
            {
                "id": 15,
                "type": "TEXT",
                "format_content": "1009AAC",
                "depth": 2,
                "sort_order": 11,
                "article": 4,
                "paragraph": null,
                "subParagraph": null,
                "is_article_title": false,
                "content_labels": [
                    "1009009",
                    "1009011"
                ],
                "note": "",
                "name": null,
                "contents": [
                    {
                        "text": "본 계약에서 임금체계는 연봉제를 기준으로 하고, 그 구성항목과 지급방법 등은 다음에 따른다.",
                        "type": null,
                        "rowId": null,
                        "cells": null
                    }
                ],
                "coordinate": null
            },
            {
                "id": 17,
                "type": "TEXT",
                "format_content": "1009AAC",
                "depth": 2,
                "sort_order": 12,
                "article": 4,
                "paragraph": 1,
                "subParagraph": null,
                "is_article_title": true,
                "content_labels": [
                    "1009009"
                ],
                "note": "",
                "name": null,
                "contents": [
                    {
                        "text": "1. 임금의 대상",
                        "type": null,
                        "rowId": null,
                        "cells": null
                    }
                ],
                "coordinate": null
            },
            {
                "id": 18,
                "type": "TEXT",
                "format_content": "1009AAC",
                "depth": 3,
                "sort_order": 13,
                "article": 4,
                "paragraph": 1,
                "subParagraph": null,
                "is_article_title": false,
                "content_labels": [
                    "1009009",
                    "1009004"
                ],
                "note": "",
                "name": null,
                "contents": [
                    {
                        "text": "- 임금은 근로자의 담당 업무에 대하여 지급한다.",
                        "type": null,
                        "rowId": null,
                        "cells": null
                    }
                ],
                "coordinate": null
            },
            {
                "id": 19,
                "type": "TEXT",
                "format_content": "1009AAC",
                "depth": 3,
                "sort_order": 14,
                "article": 4,
                "paragraph": 1,
                "subParagraph": null,
                "is_article_title": false,
                "content_labels": [
                    "1009004"
                ],
                "note": "",
                "name": null,
                "contents": [
                    {
                        "text": "- 담당업무 : (@담당업무)",
                        "type": null,
                        "rowId": null,
                        "cells": null
                    }
                ],
                "coordinate": null
            },
            {
                "id": 20,
                "type": "TEXT",
                "format_content": "1009AAC",
                "depth": 2,
                "sort_order": 15,
                "article": 4,
                "paragraph": 2,
                "subParagraph": null,
                "is_article_title": true,
                "content_labels": [
                    "1009009"
                ],
                "note": "",
                "name": null,
                "contents": [
                    {
                        "text": "2. 임금의 구성",
                        "type": null,
                        "rowId": null,
                        "cells": null
                    }
                ],
                "coordinate": null
            },
            {
                "id": 21,
                "type": "TEXT",
                "format_content": "1009AAC",
                "depth": 3,
                "sort_order": 16,
                "article": 4,
                "paragraph": 2,
                "subParagraph": 1,
                "is_article_title": false,
                "content_labels": [
                    "1009009"
                ],
                "note": "",
                "name": null,
                "contents": [
                    {
                        "text": "(1) 기본연봉 : (@금액)원",
                        "type": null,
                        "rowId": null,
                        "cells": null
                    }
                ],
                "coordinate": null
            },
            {
                "id": 22,
                "type": "TEXT",
                "format_content": "1009AAC",
                "depth": 3,
                "sort_order": 17,
                "article": 4,
                "paragraph": 2,
                "subParagraph": 2,
                "is_article_title": false,
                "content_labels": [
                    "1009009"
                ],
                "note": "",
                "name": null,
                "contents": [
                    {
                        "text": "(2) 월 급여는 기본연봉을 1/12한 금액으로, 소정근로시간과 연장·휴일근로(월 52시간)를 포함한 총 근로시간에 대하여 산정한 금액이며, 월 급여의 구성내역은 다음과 같다.",
                        "type": null,
                        "rowId": null,
                        "cells": null
                    }
                ],
                "coordinate": null
            },
            {
                "id": 25,
                "type": "TEXT",
                "format_content": "1009AAC",
                "depth": 3,
                "sort_order": 18,
                "article": 4,
                "paragraph": 2,
                "subParagraph": 3,
                "is_article_title": false,
                "content_labels": [
                    "1009009"
                ],
                "note": "",
                "name": null,
                "contents": [
                    {
                        "text": "(3) 퇴직금 산정 시 월 급여총액(평균임금)을 기준으로 산정한다.",
                        "type": null,
                        "rowId": null,
                        "cells": null
                    }
                ],
                "coordinate": null
            },
            {
                "id": 24,
                "type": "TABLE",
                "format_content": "1009AAC",
                "depth": 4,
                "sort_order": 19,
                "article": 4,
                "paragraph": 2,
                "subParagraph": 3,
                "is_article_title": false,
                "content_labels": [
                    "1009009"
                ],
                "note": "",
                "name": null,
                "contents": [
                    {
                        "text": "<table><tbody><tr><td>구 분</td><td>금 액</td><td>비 고</td></tr><tr><td>기본급</td><td>(@금액)</td><td>주휴수당 포함 월 209시간 기준</td></tr><tr><td>식대</td><td>(@금액)</td><td></td></tr><tr><td>월 급여 계</td><td>(@금액)</td><td></td></tr></tbody></table>",
                        "type": null,
                        "rowId": null,
                        "cells": null
                    }
                ],
                "coordinate": null
            },
            {
                "id": 26,
                "type": "TEXT",
                "format_content": "1009AAC",
                "depth": 3,
                "sort_order": 20,
                "article": 4,
                "paragraph": 2,
                "subParagraph": 4,
                "is_article_title": false,
                "content_labels": [
                    "1009012"
                ],
                "note": "",
                "name": null,
                "contents": [
                    {
                        "text": "(4) 각종 인센티브, 특별상여금 및 복리후생비는 회사의 관련 규정에 따라 지급할 수 있다. 이들 항목들은 경영성과에 따라 일시적 및 불확정적으로 지급되는 것으로, 통상임금과 평균임금에 포함되지 않는다. 또한, 회사는 자격을 충족하는 경우, 스톡옵션을 부여할 수 있다. ",
                        "type": null,
                        "rowId": null,
                        "cells": null
                    }
                ],
                "coordinate": null
            },
            {
                "id": 27,
                "type": "TEXT",
                "format_content": "1009AAC",
                "depth": 2,
                "sort_order": 21,
                "article": 4,
                "paragraph": 3,
                "subParagraph": null,
                "is_article_title": true,
                "content_labels": [
                    "1009011"
                ],
                "note": "",
                "name": null,
                "contents": [
                    {
                        "text": "3. 지급방법",
                        "type": null,
                        "rowId": null,
                        "cells": null
                    }
                ],
                "coordinate": null
            },
            {
                "id": 28,
                "type": "TEXT",
                "format_content": "1009AAC",
                "depth": 3,
                "sort_order": 22,
                "article": 4,
                "paragraph": 3,
                "subParagraph": 1,
                "is_article_title": false,
                "content_labels": [
                    "1009011"
                ],
                "note": "",
                "name": null,
                "contents": [
                    {
                        "text": "(1) 월별 기본급은 기본연봉을 12등분하여 산정하며, 기산일은 매월 1일부터 말일로 한다.",
                        "type": null,
                        "rowId": null,
                        "cells": null
                    }
                ],
                "coordinate": null
            },
            {
                "id": 29,
                "type": "TEXT",
                "format_content": "1009AAC",
                "depth": 3,
                "sort_order": 23,
                "article": 4,
                "paragraph": 3,
                "subParagraph": 2,
                "is_article_title": false,
                "content_labels": [
                    "1009010",
                    "1009011"
                ],
                "note": "",
                "name": null,
                "contents": [
                    {
                        "text": "(2) 급여는 매월 25일에 지급하고 지급일이 휴일인 때에는 휴일 전 영업일에 지급한다.",
                        "type": null,
                        "rowId": null,
                        "cells": null
                    }
                ],
                "coordinate": null
            },
            {
                "id": 30,
                "type": "TEXT",
                "format_content": "1009AAC",
                "depth": 1,
                "sort_order": 24,
                "article": 5,
                "paragraph": null,
                "subParagraph": null,
                "is_article_title": true,
                "content_labels": [
                    "1009010"
                ],
                "note": "",
                "name": null,
                "contents": [
                    {
                        "text": "제5조 【동일임금지급기간】",
                        "type": null,
                        "rowId": null,
                        "cells": null
                    }
                ],
                "coordinate": null
            },
            {
                "id": 31,
                "type": "TEXT",
                "format_content": "1009AAC",
                "depth": 2,
                "sort_order": 25,
                "article": 5,
                "paragraph": 1,
                "subParagraph": null,
                "is_article_title": false,
                "content_labels": [
                    "1009010"
                ],
                "note": "",
                "name": null,
                "contents": [
                    {
                        "text": "1. 본 계약에 따른 동일임금지급기간은 (@날짜)까지로 한다.",
                        "type": null,
                        "rowId": null,
                        "cells": null
                    }
                ],
                "coordinate": null
            },
            {
                "id": 32,
                "type": "TEXT",
                "format_content": "1009AAC",
                "depth": 2,
                "sort_order": 26,
                "article": 5,
                "paragraph": 2,
                "subParagraph": null,
                "is_article_title": false,
                "content_labels": [
                    "1009008",
                    "1009002"
                ],
                "note": "",
                "name": null,
                "contents": [
                    {
                        "text": "2. 회사는 고용계약 조건변경 등에 대하여 계약기간 만료 30일 전에 근로자와 협의하여 재계약 여부를 결정한다.",
                        "type": null,
                        "rowId": null,
                        "cells": null
                    }
                ],
                "coordinate": null
            },
            {
                "id": 33,
                "type": "TEXT",
                "format_content": "1009AAC",
                "depth": 1,
                "sort_order": 27,
                "article": 6,
                "paragraph": null,
                "subParagraph": null,
                "is_article_title": true,
                "content_labels": [
                    "1009006"
                ],
                "note": "",
                "name": null,
                "contents": [
                    {
                        "text": "제6조 【근무시간】",
                        "type": null,
                        "rowId": null,
                        "cells": null
                    }
                ],
                "coordinate": null
            },
            {
                "id": 34,
                "type": "TEXT",
                "format_content": "1009AAC",
                "depth": 2,
                "sort_order": 28,
                "article": 6,
                "paragraph": 1,
                "subParagraph": null,
                "is_article_title": false,
                "content_labels": [
                    "1009002"
                ],
                "note": "",
                "name": null,
                "contents": [
                    {
                        "text": "1. 근로자의 근무 기간은 (@날짜)까지로 한다.",
                        "type": null,
                        "rowId": null,
                        "cells": null
                    }
                ],
                "coordinate": null
            },
            {
                "id": 35,
                "type": "TEXT",
                "format_content": "1009AAC",
                "depth": 2,
                "sort_order": 29,
                "article": 6,
                "paragraph": 2,
                "subParagraph": null,
                "is_article_title": false,
                "content_labels": [
                    "1009006"
                ],
                "note": "",
                "name": null,
                "contents": [
                    {
                        "text": "2. 평일 근무시간은 원칙적으로 오전 9시부터 오후 6시까지로 하며, 토요일과 일요일은 휴무로 한다.",
                        "type": null,
                        "rowId": null,
                        "cells": null
                    }
                ],
                "coordinate": null
            },
            {
                "id": 36,
                "type": "TEXT",
                "format_content": "1009AAC",
                "depth": 2,
                "sort_order": 30,
                "article": 6,
                "paragraph": 3,
                "subParagraph": null,
                "is_article_title": false,
                "content_labels": [
                    "1009007"
                ],
                "note": "",
                "name": null,
                "contents": [
                    {
                        "text": "3. 평일 휴게시간은 오후 12시부터 오후 1시까지 총 1시간으로 한다.",
                        "type": null,
                        "rowId": null,
                        "cells": null
                    }
                ],
                "coordinate": null
            },
            {
                "id": 37,
                "type": "TEXT",
                "format_content": "1009AAC",
                "depth": 2,
                "sort_order": 31,
                "article": 6,
                "paragraph": 4,
                "subParagraph": null,
                "is_article_title": false,
                "content_labels": [
                    "1009006"
                ],
                "note": "",
                "name": null,
                "contents": [
                    {
                        "text": "4. 근무시간의 관리는 근로자 스스로 하며, 회사가 필요에 따라 요구할 때 이를 소명한다.",
                        "type": null,
                        "rowId": null,
                        "cells": null
                    }
                ],
                "coordinate": null
            },
            {
                "id": 38,
                "type": "TEXT",
                "format_content": "1009AAC",
                "depth": 1,
                "sort_order": 32,
                "article": 7,
                "paragraph": null,
                "subParagraph": null,
                "is_article_title": true,
                "content_labels": [
                    "1009014",
                    "1009015"
                ],
                "note": "",
                "name": null,
                "contents": [
                    {
                        "text": "제7조 【휴일 및 휴가】",
                        "type": null,
                        "rowId": null,
                        "cells": null
                    }
                ],
                "coordinate": null
            },
            {
                "id": 39,
                "type": "TEXT",
                "format_content": "1009AAC",
                "depth": 2,
                "sort_order": 33,
                "article": 7,
                "paragraph": 1,
                "subParagraph": null,
                "is_article_title": false,
                "content_labels": [
                    "1009014"
                ],
                "note": "",
                "name": null,
                "contents": [
                    {
                        "text": "1. 회사는 근로자에게 취업규칙에서 정하는 바에 따라 유급휴일을 부여한다.",
                        "type": null,
                        "rowId": null,
                        "cells": null
                    }
                ],
                "coordinate": null
            },
            {
                "id": 40,
                "type": "TEXT",
                "format_content": "1009AAC",
                "depth": 2,
                "sort_order": 34,
                "article": 7,
                "paragraph": 2,
                "subParagraph": null,
                "is_article_title": false,
                "content_labels": [
                    "1009014",
                    "1009015"
                ],
                "note": "",
                "name": null,
                "contents": [
                    {
                        "text": "2. 회사는 근로자에게 제5조 1항에 따른 근무기간 동안 본 조에서 정하는 휴일 및 휴가를 부여한다. ",
                        "type": null,
                        "rowId": null,
                        "cells": null
                    }
                ],
                "coordinate": null
            },
            {
                "id": 41,
                "type": "TEXT",
                "format_content": "1009AAC",
                "depth": 2,
                "sort_order": 35,
                "article": 7,
                "paragraph": 3,
                "subParagraph": null,
                "is_article_title": false,
                "content_labels": [
                    "1009015"
                ],
                "note": "",
                "name": null,
                "contents": [
                    {
                        "text": "3. 회사는 근로자가 입사한 첫 해에는 1개월 개근 시 1일의 연차유급휴가를 부여하며, 다음 해부터 15일간의 연차유급휴가를 부여한다.",
                        "type": null,
                        "rowId": null,
                        "cells": null
                    }
                ],
                "coordinate": null
            },
            {
                "id": 42,
                "type": "TEXT",
                "format_content": "1009AAC",
                "depth": 2,
                "sort_order": 36,
                "article": 7,
                "paragraph": 4,
                "subParagraph": null,
                "is_article_title": false,
                "content_labels": [
                    "1009015"
                ],
                "note": "",
                "name": null,
                "contents": [
                    {
                        "text": "4. 연차유급휴가는 입사 1년후부터 계속근로년수 매 2년마다 하루씩 늘어나며 최대 25일까지 부여한다.",
                        "type": null,
                        "rowId": null,
                        "cells": null
                    }
                ],
                "coordinate": null
            },
            {
                "id": 43,
                "type": "TEXT",
                "format_content": "1009AAC",
                "depth": 2,
                "sort_order": 37,
                "article": 7,
                "paragraph": 5,
                "subParagraph": null,
                "is_article_title": false,
                "content_labels": [
                    "1009015"
                ],
                "note": "",
                "name": null,
                "contents": [
                    {
                        "text": "5. 근로자는 적절한 재충전을 위하여 당해 년도에 모든 연차휴가를 사용하는 것을 원칙으로 한다.",
                        "type": null,
                        "rowId": null,
                        "cells": null
                    }
                ],
                "coordinate": null
            },
            {
                "id": 44,
                "type": "TEXT",
                "format_content": "1009AAC",
                "depth": 1,
                "sort_order": 38,
                "article": 8,
                "paragraph": null,
                "subParagraph": null,
                "is_article_title": true,
                "content_labels": [
                    "1009020"
                ],
                "note": "",
                "name": null,
                "contents": [
                    {
                        "text": "제8조 【겸업 및 경업 등 금지】",
                        "type": null,
                        "rowId": null,
                        "cells": null
                    }
                ],
                "coordinate": null
            },
            {
                "id": 45,
                "type": "TEXT",
                "format_content": "1009AAC",
                "depth": 2,
                "sort_order": 39,
                "article": 8,
                "paragraph": 1,
                "subParagraph": null,
                "is_article_title": false,
                "content_labels": [
                    "1009020"
                ],
                "note": "",
                "name": null,
                "contents": [
                    {
                        "text": "1. 본 계약에 따른 근로기간 동안 근로자는 회사의 경쟁업체나 경쟁업체의 계열사를 위해 용역을 제공하지 아니하며, 회사가 사전에 서면으로 동의하지 않는 한 회사의 이익에 반하는 어떠한 행위도 하지 아니한다.",
                        "type": null,
                        "rowId": null,
                        "cells": null
                    }
                ],
                "coordinate": null
            },
            {
                "id": 90,
                "type": "TEXT",
                "format_content": "1009AAC",
                "depth": 2,
                "sort_order": 40,
                "article": 8,
                "paragraph": 1,
                "subParagraph": null,
                "is_article_title": false,
                "content_labels": [
                    "1009020"
                ],
                "note": "",
                "name": null,
                "contents": [
                    {
                        "text": "1. 본 계약에 따른 근로기간 동안 근로자는 회사의 경쟁업체나 경쟁업체의 계열사를 위해 용역을 제공하지 아니하며, 회사가 사전에 서면으로 동의하지 않는 한 회사의 이익에 반하는 어떠한 행위도 하지 아니한다.",
                        "type": null,
                        "rowId": null,
                        "cells": null
                    }
                ],
                "coordinate": null
            },
            {
                "id": 48,
                "type": "TEXT",
                "format_content": "1009AAC",
                "depth": 1,
                "sort_order": 41,
                "article": 9,
                "paragraph": null,
                "subParagraph": null,
                "is_article_title": true,
                "content_labels": [
                    "1009021"
                ],
                "note": "",
                "name": null,
                "contents": [
                    {
                        "text": "제9조 【기밀유지】",
                        "type": null,
                        "rowId": null,
                        "cells": null
                    }
                ],
                "coordinate": null
            },
            {
                "id": 49,
                "type": "TEXT",
                "format_content": "1009AAC",
                "depth": 2,
                "sort_order": 42,
                "article": 9,
                "paragraph": 1,
                "subParagraph": null,
                "is_article_title": false,
                "content_labels": [
                    "1009021"
                ],
                "note": "",
                "name": null,
                "contents": [
                    {
                        "text": "1. 본 계약에 따른 근로기간 동안 회사나 그 계열사에 대하여 직원이 습득한 여하한의 정보는 회사의 소유이며, 데이터베이스에 등록하고, 기밀로 유지되어야 한다.",
                        "type": null,
                        "rowId": null,
                        "cells": null
                    }
                ],
                "coordinate": null
            },
            {
                "id": 47,
                "type": "TEXT",
                "format_content": "1009AAC",
                "depth": 2,
                "sort_order": 43,
                "article": 9,
                "paragraph": 2,
                "subParagraph": null,
                "is_article_title": false,
                "content_labels": [
                    "1009021"
                ],
                "note": "",
                "name": null,
                "contents": [
                    {
                        "text": "2. 근로자는 본 계약에 따른 근로기간 동안 및 해지 이후에도 회사의 사전 서면 동의 없이 그러한 정보를 누설하지 않기로 한다.",
                        "type": null,
                        "rowId": null,
                        "cells": null
                    }
                ],
                "coordinate": null
            },
            {
                "id": 51,
                "type": "TEXT",
                "format_content": "1009AAC",
                "depth": 1,
                "sort_order": 44,
                "article": 10,
                "paragraph": null,
                "subParagraph": null,
                "is_article_title": true,
                "content_labels": [
                    "1009025"
                ],
                "note": "",
                "name": null,
                "contents": [
                    {
                        "text": "제10조 【사규】",
                        "type": null,
                        "rowId": null,
                        "cells": null
                    }
                ],
                "coordinate": null
            },
            {
                "id": 52,
                "type": "TEXT",
                "format_content": "1009AAC",
                "depth": 2,
                "sort_order": 45,
                "article": 10,
                "paragraph": 1,
                "subParagraph": null,
                "is_article_title": false,
                "content_labels": [
                    "1009025"
                ],
                "note": "",
                "name": null,
                "contents": [
                    {
                        "text": "1. 근로자는 본 계약에 대한 날인 또는 서명 이전에 취업규칙을 포함한 사규를 검토하였음을 인정한다.",
                        "type": null,
                        "rowId": null,
                        "cells": null
                    }
                ],
                "coordinate": null
            },
            {
                "id": 53,
                "type": "TEXT",
                "format_content": "1009AAC",
                "depth": 2,
                "sort_order": 46,
                "article": 10,
                "paragraph": 2,
                "subParagraph": null,
                "is_article_title": false,
                "content_labels": [
                    "1009025"
                ],
                "note": "",
                "name": null,
                "contents": [
                    {
                        "text": "2. 근로자는 회사가 부여한 직무를 성실히 수행하고, 근로자에게 고지된 모든 사규를 준수하여야 한다. 단, 이러한 사규는 회사가 수시로 변경할 수 있다.",
                        "type": null,
                        "rowId": null,
                        "cells": null
                    }
                ],
                "coordinate": null
            },
            {
                "id": 54,
                "type": "TEXT",
                "format_content": "1009AAC",
                "depth": 1,
                "sort_order": 47,
                "article": 11,
                "paragraph": null,
                "subParagraph": null,
                "is_article_title": true,
                "content_labels": [
                    "1009025"
                ],
                "note": "",
                "name": null,
                "contents": [
                    {
                        "text": "제11조 【내부통제기준 및 윤리강령】",
                        "type": null,
                        "rowId": null,
                        "cells": null
                    }
                ],
                "coordinate": null
            },
            {
                "id": 55,
                "type": "TEXT",
                "format_content": "1009AAC",
                "depth": 2,
                "sort_order": 48,
                "article": 11,
                "paragraph": 1,
                "subParagraph": null,
                "is_article_title": false,
                "content_labels": [
                    "1009025"
                ],
                "note": "",
                "name": null,
                "contents": [
                    {
                        "text": "1. 근로자는 회사의 내부통제기준 및 윤리강령을 검토하였음을 인정한다.",
                        "type": null,
                        "rowId": null,
                        "cells": null
                    }
                ],
                "coordinate": null
            },
            {
                "id": 56,
                "type": "TEXT",
                "format_content": "1009AAC",
                "depth": 2,
                "sort_order": 49,
                "article": 11,
                "paragraph": 2,
                "subParagraph": null,
                "is_article_title": false,
                "content_labels": [
                    "1009025"
                ],
                "note": "",
                "name": null,
                "contents": [
                    {
                        "text": "2. 근로자는 내부통제기준 및 윤리강령 준수를 통한 불법·부당행위를 하지 않기 위해 <별첨1>에 정해진 준법서약서의 사항을 따른다.",
                        "type": null,
                        "rowId": null,
                        "cells": null
                    }
                ],
                "coordinate": null
            },
            {
                "id": 57,
                "type": "TEXT",
                "format_content": "1009AAC",
                "depth": 1,
                "sort_order": 50,
                "article": 12,
                "paragraph": null,
                "subParagraph": null,
                "is_article_title": true,
                "content_labels": [
                    "1009021"
                ],
                "note": "",
                "name": null,
                "contents": [
                    {
                        "text": "제12조 【통신 수단 등의 열람】",
                        "type": null,
                        "rowId": null,
                        "cells": null
                    }
                ],
                "coordinate": null
            },
            {
                "id": 58,
                "type": "TEXT",
                "format_content": "1009AAC",
                "depth": 2,
                "sort_order": 51,
                "article": 12,
                "paragraph": null,
                "subParagraph": null,
                "is_article_title": false,
                "content_labels": [
                    "1009021"
                ],
                "note": "",
                "name": null,
                "contents": [
                    {
                        "text": "근로자는 <별첨2>에 정해진 규칙에 따라 사내의 전자메일, 음성사서함 및 컴퓨터시스템등을 업무상의 목적으로 사용하고 개인적 목적을 위한 사용을 자제하여야 한다.",
                        "type": null,
                        "rowId": null,
                        "cells": null
                    }
                ],
                "coordinate": null
            },
            {
                "id": 59,
                "type": "TEXT",
                "format_content": "1009AAC",
                "depth": 1,
                "sort_order": 52,
                "article": 13,
                "paragraph": null,
                "subParagraph": null,
                "is_article_title": true,
                "content_labels": [
                    "1009025"
                ],
                "note": "",
                "name": null,
                "contents": [
                    {
                        "text": "제13조 【개인정보 보호】",
                        "type": null,
                        "rowId": null,
                        "cells": null
                    }
                ],
                "coordinate": null
            },
            {
                "id": 60,
                "type": "TEXT",
                "format_content": "1009AAC",
                "depth": 2,
                "sort_order": 53,
                "article": 13,
                "paragraph": null,
                "subParagraph": null,
                "is_article_title": false,
                "content_labels": [
                    "1009025"
                ],
                "note": "",
                "name": null,
                "contents": [
                    {
                        "text": "회사는 근로자가 취업 시 제공하는 개인정보를 내부관리계획에 의거하여 철저히 보호한다. 단, 회사는 경영목적 달성을 위하여 외부 기관에 개인정보를 제공할 수 있으며, 이 경우 대표이사가 지정한 개인정보보호 책임자의 관리감독에 따른다.",
                        "type": null,
                        "rowId": null,
                        "cells": null
                    }
                ],
                "coordinate": null
            },
            {
                "id": 61,
                "type": "TEXT",
                "format_content": "1009AAC",
                "depth": 1,
                "sort_order": 54,
                "article": 14,
                "paragraph": null,
                "subParagraph": null,
                "is_article_title": true,
                "content_labels": [
                    "1009025"
                ],
                "note": "",
                "name": null,
                "contents": [
                    {
                        "text": "제14조 【효력발생】",
                        "type": null,
                        "rowId": null,
                        "cells": null
                    }
                ],
                "coordinate": null
            },
            {
                "id": 62,
                "type": "TEXT",
                "format_content": "1009AAC",
                "depth": 2,
                "sort_order": 55,
                "article": 14,
                "paragraph": null,
                "subParagraph": null,
                "is_article_title": false,
                "content_labels": [
                    "1009026"
                ],
                "note": "",
                "name": null,
                "contents": [
                    {
                        "text": "본 계약은 계약 당사자들이 서명 날인함과 동시에 그 효력이 발생한다.",
                        "type": null,
                        "rowId": null,
                        "cells": null
                    }
                ],
                "coordinate": null
            },
            {
                "id": 63,
                "type": "TEXT",
                "format_content": "1009AAC",
                "depth": 1,
                "sort_order": 56,
                "article": 15,
                "paragraph": null,
                "subParagraph": null,
                "is_article_title": true,
                "content_labels": [
                    "1009018"
                ],
                "note": "",
                "name": null,
                "contents": [
                    {
                        "text": "제15조 【해지】",
                        "type": null,
                        "rowId": null,
                        "cells": null
                    }
                ],
                "coordinate": null
            },
            {
                "id": 64,
                "type": "TEXT",
                "format_content": "1009AAC",
                "depth": 2,
                "sort_order": 57,
                "article": 15,
                "paragraph": 1,
                "subParagraph": null,
                "is_article_title": false,
                "content_labels": [
                    "1009018"
                ],
                "note": "",
                "name": null,
                "contents": [
                    {
                        "text": "1. 취업규칙 및 기타 사규에서 정하는 정당한 사유가 있는 경우 회사는 30일 전에근로자에게 사전 통지하거나 이에 갈음하는 30일분의 통상임금을 지불하고 본계약을 해지할 수 있다.",
                        "type": null,
                        "rowId": null,
                        "cells": null
                    }
                ],
                "coordinate": null
            },
            {
                "id": 65,
                "type": "TEXT",
                "format_content": "1009AAC",
                "depth": 2,
                "sort_order": 58,
                "article": 15,
                "paragraph": 2,
                "subParagraph": null,
                "is_article_title": false,
                "content_labels": [
                    "1009018"
                ],
                "note": "",
                "name": null,
                "contents": [
                    {
                        "text": "2. 근로자가 자발적으로 회사를 사직하고자 하는 경우 사직원을 사직하고자 하는 날로부터 30일 전에 회사에 제출하여야 하며, 회사가 동인의 사직을 수리할 때까지 업무를 계속하여야 하며, 그 이후에도 자신의 직무를 후임 직원에게 성실히 인계 하여야 한다.",
                        "type": null,
                        "rowId": null,
                        "cells": null
                    }
                ],
                "coordinate": null
            },
            {
                "id": 66,
                "type": "TEXT",
                "format_content": "1009AAC",
                "depth": 2,
                "sort_order": 59,
                "article": 15,
                "paragraph": 3,
                "subParagraph": null,
                "is_article_title": false,
                "content_labels": [
                    "1009018"
                ],
                "note": "",
                "name": null,
                "contents": [
                    {
                        "text": "3. 상기 1항에도 불구하고, 근로자가 근로기준법에 따라 본 계약이나 사규에서 정하고 있는 중대한 위반행위를 한 경우, 근로자가 자신의 연봉이나 다른 직원의 연봉을 회사 내부 또는 외부에 발설한 경우 회사는 사전 통지나 이에 갈음하는 임금의 지급 없이 본 계약을 해지할 수 있다.",
                        "type": null,
                        "rowId": null,
                        "cells": null
                    }
                ],
                "coordinate": null
            },
            {
                "id": 67,
                "type": "TEXT",
                "format_content": "1009AAC",
                "depth": 1,
                "sort_order": 60,
                "article": 16,
                "paragraph": null,
                "subParagraph": null,
                "is_article_title": true,
                "content_labels": [
                    "1009019"
                ],
                "note": "",
                "name": null,
                "contents": [
                    {
                        "text": "제16조 【손해배상】",
                        "type": null,
                        "rowId": null,
                        "cells": null
                    }
                ],
                "coordinate": null
            },
            {
                "id": 68,
                "type": "TEXT",
                "format_content": "1009AAC",
                "depth": 2,
                "sort_order": 61,
                "article": 16,
                "paragraph": 1,
                "subParagraph": null,
                "is_article_title": false,
                "content_labels": [
                    "1009019"
                ],
                "note": "",
                "name": null,
                "contents": [
                    {
                        "text": "1. 근로자의 귀책사유로 인하여 제5조 1항의 근로계약기간 중 또는 계약해지 후 사용자에게 손해를 입힌 경우에 근로자는 회사에게 그로 인한 일체의 손해를 배상하여야 한다.",
                        "type": null,
                        "rowId": null,
                        "cells": null
                    }
                ],
                "coordinate": null
            },
            {
                "id": 69,
                "type": "TEXT",
                "format_content": "1009AAC",
                "depth": 2,
                "sort_order": 62,
                "article": 16,
                "paragraph": 2,
                "subParagraph": null,
                "is_article_title": false,
                "content_labels": [
                    "1009019"
                ],
                "note": "",
                "name": null,
                "contents": [
                    {
                        "text": "2. 근로자가 제7조에서 정하는 내용을 위반할 경우 근로자는 손해를 배상한다,",
                        "type": null,
                        "rowId": null,
                        "cells": null
                    }
                ],
                "coordinate": null
            },
            {
                "id": 70,
                "type": "TEXT",
                "format_content": "1009AAC",
                "depth": 1,
                "sort_order": 63,
                "article": 17,
                "paragraph": null,
                "subParagraph": null,
                "is_article_title": true,
                "content_labels": [
                    "1009025"
                ],
                "note": "",
                "name": null,
                "contents": [
                    {
                        "text": "제17조 【기타】",
                        "type": null,
                        "rowId": null,
                        "cells": null
                    }
                ],
                "coordinate": null
            },
            {
                "id": 71,
                "type": "TEXT",
                "format_content": "1009AAC",
                "depth": 2,
                "sort_order": 64,
                "article": 17,
                "paragraph": 1,
                "subParagraph": null,
                "is_article_title": false,
                "content_labels": [
                    "1009033"
                ],
                "note": "",
                "name": null,
                "contents": [
                    {
                        "text": "1. 본 계약의 내용은 사규에 우선하며, 본 계약에 명시되지 않은 모든 사항들은 회사의 내부 규정 및 근로기준법에 따른다.",
                        "type": null,
                        "rowId": null,
                        "cells": null
                    }
                ],
                "coordinate": null
            },
            {
                "id": 72,
                "type": "TEXT",
                "format_content": "1009AAC",
                "depth": 2,
                "sort_order": 65,
                "article": 17,
                "paragraph": 2,
                "subParagraph": null,
                "is_article_title": false,
                "content_labels": [
                    "1009002"
                ],
                "note": "",
                "name": null,
                "contents": [
                    {
                        "text": "2. 실질 근무시작일은 2023년  11월  10일로 한다.",
                        "type": null,
                        "rowId": null,
                        "cells": null
                    }
                ],
                "coordinate": null
            },
            {
                "id": 73,
                "type": "TEXT",
                "format_content": "1009AAC",
                "depth": 1,
                "sort_order": 66,
                "article": 18,
                "paragraph": null,
                "subParagraph": null,
                "is_article_title": true,
                "content_labels": [
                    "1009024"
                ],
                "note": "",
                "name": null,
                "contents": [
                    {
                        "text": "제18조 【분쟁의 해결】",
                        "type": null,
                        "rowId": null,
                        "cells": null
                    }
                ],
                "coordinate": null
            },
            {
                "id": 74,
                "type": "TEXT",
                "format_content": "1009AAC",
                "depth": 2,
                "sort_order": 67,
                "article": 18,
                "paragraph": null,
                "subParagraph": null,
                "is_article_title": false,
                "content_labels": [
                    "1009024"
                ],
                "note": "",
                "name": null,
                "contents": [
                    {
                        "text": "본 계약의 해석이나 이행에 관하여 양 당사자간에 의견차이 또는 분쟁이 발생한 경우 양당사자간의 합의로 해결함을 원칙으로 한다. 만약, 양 당사자간의 원만한 합의에 도달하지 못한 경우, 본 계약으로부터 발생되는 모든 분쟁은 서울중앙지방법원을 제1심의 전속적 합의관할법원으로 하여 최종적으로 해결한다.",
                        "type": null,
                        "rowId": null,
                        "cells": null
                    }
                ],
                "coordinate": null
            },
            {
                "id": 76,
                "type": "TEXT",
                "format_content": "1009AAD",
                "depth": 2,
                "sort_order": 68,
                "article": null,
                "paragraph": null,
                "subParagraph": null,
                "is_article_title": false,
                "content_labels": [
                    "1009023"
                ],
                "note": "",
                "name": null,
                "contents": [
                    {
                        "text": "계약 당사자간에 이상과 같이 계약을 체결하고 이를 증명하기 위하여 계약서 2부를 작\n성하여 회사와 근로자가 각 1부씩 보관하기로 한다.",
                        "type": null,
                        "rowId": null,
                        "cells": null
                    }
                ],
                "coordinate": null
            },
            {
                "id": 77,
                "type": "TEXT",
                "format_content": "1009AAE",
                "depth": 2,
                "sort_order": 69,
                "article": null,
                "paragraph": null,
                "subParagraph": null,
                "is_article_title": false,
                "content_labels": [
                    "1009026"
                ],
                "note": "",
                "name": null,
                "contents": [
                    {
                        "text": "2023 년 11월 10일",
                        "type": null,
                        "rowId": null,
                        "cells": null
                    }
                ],
                "coordinate": null
            },
            {
                "id": 79,
                "type": "TEXT",
                "format_content": "1009AAF",
                "depth": 2,
                "sort_order": 70,
                "article": null,
                "paragraph": null,
                "subParagraph": null,
                "is_article_title": false,
                "content_labels": [
                    "1009027",
                    "1009028"
                ],
                "note": "",
                "name": null,
                "contents": [
                    {
                        "text": "“회사”\n주식회사 (@회사2) \n(@주소)\n사 업 자 등 록 번 호 : (@고유번호)\n대표이사 : (@성명2) (인)",
                        "type": null,
                        "rowId": null,
                        "cells": null
                    }
                ],
                "coordinate": null
            },
            {
                "id": 89,
                "type": "TEXT",
                "format_content": "1009AAF",
                "depth": 2,
                "sort_order": 71,
                "article": null,
                "paragraph": null,
                "subParagraph": null,
                "is_article_title": false,
                "content_labels": [
                    "1009029",
                    "1009030"
                ],
                "note": "",
                "name": null,
                "contents": [
                    {
                        "text": "“근로자”\n성 명 : (@성명1) (인)\n주 소 : (@주소)\n주민등록번호 : (@식별번호)",
                        "type": null,
                        "rowId": null,
                        "cells": null
                    }
                ],
                "coordinate": null
            }
        ]
    }
}