{
    "document": {
        "doc_type": "1009",
        "title": null,
        "status": 4,
        "is_hold": null,
        "page_count": 3,
        "sub_document_count": 50,
        "created_time": "2024-11-05T12:25:31.126",
        "main_category": null,
        "sub_category": null,
        "detail_category": null,
        "related_law": null,
        "purpose": null,
        "use_case": null,
        "sub_documents": [
            {
                "id": 1,
                "type": "TEXT",
                "format_content": "1009AAA",
                "depth": 0,
                "sort_order": 1,
                "article": null,
                "paragraph": null,
                "subParagraph": null,
                "is_article_title": false,
                "content_labels": [
                    "1009025"
                ],
                "note": "",
                "name": null,
                "contents": [
                    {
                        "text": "근 로 계 약 서",
                        "type": null,
                        "rowId": null,
                        "cells": null
                    }
                ],
                "coordinate": null
            },
            {
                "id": 50,
                "type": "TEXT",
                "format_content": "1009AAC",
                "depth": 0,
                "sort_order": 2,
                "article": 1,
                "paragraph": null,
                "subParagraph": null,
                "is_article_title": true,
                "content_labels": [
                    "1009010"
                ],
                "note": "",
                "name": null,
                "contents": [
                    {
                        "text": "제1조 (동일임금지급기간)",
                        "type": null,
                        "rowId": null,
                        "cells": null
                    }
                ],
                "coordinate": null
            },
            {
                "id": 2,
                "type": "TEXT",
                "format_content": "1009AAC",
                "depth": 1,
                "sort_order": 3,
                "article": 1,
                "paragraph": null,
                "subParagraph": null,
                "is_article_title": false,
                "content_labels": [
                    "1009010"
                ],
                "note": "",
                "name": null,
                "contents": [
                    {
                        "text": "근로자 ○○○는 ○○○○ 년 ○ 월 ○ 일 사용자 ○○○가 경영하는 상업에 관하여 근무를 제공할 것을 약속하며 사용자는 이에 대하여 보수를 지급할 것을 약속한다.",
                        "type": null,
                        "rowId": null,
                        "cells": null
                    }
                ],
                "coordinate": null
            },
            {
                "id": 3,
                "type": "TEXT",
                "format_content": "1009AAC",
                "depth": 0,
                "sort_order": 4,
                "article": 2,
                "paragraph": null,
                "subParagraph": null,
                "is_article_title": true,
                "content_labels": [
                    "1009003"
                ],
                "note": "",
                "name": null,
                "contents": [
                    {
                        "text": "제2조 (수습기간)",
                        "type": null,
                        "rowId": null,
                        "cells": null
                    }
                ],
                "coordinate": null
            },
            {
                "id": 4,
                "type": "TEXT",
                "format_content": "1009AAC",
                "depth": 1,
                "sort_order": 5,
                "article": 2,
                "paragraph": 1,
                "subParagraph": null,
                "is_article_title": false,
                "content_labels": [
                    "1009003"
                ],
                "note": "",
                "name": null,
                "contents": [
                    {
                        "text": "① ‘회사’는 ‘근로자’의 업무 적격성, 근무태도, 사업장내 인화의 정도 등을 판단하기 위하여 최초 입사일로부터 3개월을 수습기간으로 하며, 수습기간 동안은 제5조 임금의 10 %를 지급한다. (단, 수습기간동안의 급여가 최저임금의 90%에 미달하는 경우 최저임금의 90%를 지급함)",
                        "type": null,
                        "rowId": null,
                        "cells": null
                    }
                ],
                "coordinate": null
            },
            {
                "id": 5,
                "type": "TEXT",
                "format_content": "1009AAC",
                "depth": 1,
                "sort_order": 6,
                "article": 2,
                "paragraph": 2,
                "subParagraph": null,
                "is_article_title": false,
                "content_labels": [
                    "1009003"
                ],
                "note": "",
                "name": null,
                "contents": [
                    {
                        "text": "② 회사는 수습기간 중 또는 수습기간 만료시 ‘근로자’의 업무`수행 태도와 능력, 근무태도, 적성, 근무성적 등을 종합평가하여 직무수행능력과 자질, 태도 등을 갖추었는지를 평가하고, 계속근무가 어렵다고 인정될 때에는 본채용을 거부할 수 있다.",
                        "type": null,
                        "rowId": null,
                        "cells": null
                    }
                ],
                "coordinate": null
            },
            {
                "id": 6,
                "type": "TEXT",
                "format_content": "1009AAC",
                "depth": 1,
                "sort_order": 7,
                "article": 2,
                "paragraph": 3,
                "subParagraph": null,
                "is_article_title": false,
                "content_labels": [
                    "1009003"
                ],
                "note": "",
                "name": null,
                "contents": [
                    {
                        "text": "③ 수습기간은 근속기간에 포함되고, 기타 수습에 관한 사항은 취업규칙이 정하는 바에 따른다.",
                        "type": null,
                        "rowId": null,
                        "cells": null
                    }
                ],
                "coordinate": null
            },
            {
                "id": 7,
                "type": "TEXT",
                "format_content": "1009AAC",
                "depth": 0,
                "sort_order": 8,
                "article": 3,
                "paragraph": null,
                "subParagraph": null,
                "is_article_title": true,
                "content_labels": [
                    "1009005"
                ],
                "note": "",
                "name": null,
                "contents": [
                    {
                        "text": "제3조 (근무장소)",
                        "type": null,
                        "rowId": null,
                        "cells": null
                    }
                ],
                "coordinate": null
            },
            {
                "id": 8,
                "type": "TEXT",
                "format_content": "1009AAC",
                "depth": 1,
                "sort_order": 9,
                "article": 3,
                "paragraph": 1,
                "subParagraph": null,
                "is_article_title": false,
                "content_labels": [
                    "1009005"
                ],
                "note": "",
                "name": null,
                "contents": [
                    {
                        "text": "① ‘근로자’의 근무장소는 다음과 같다",
                        "type": null,
                        "rowId": null,
                        "cells": null
                    }
                ],
                "coordinate": null
            },
            {
                "id": 9,
                "type": "TEXT",
                "format_content": "1009AAC",
                "depth": 2,
                "sort_order": 10,
                "article": 3,
                "paragraph": 1,
                "subParagraph": null,
                "is_article_title": false,
                "content_labels": [
                    "1009005"
                ],
                "note": "",
                "name": null,
                "contents": [
                    {
                        "text": "- 사업장 또는 회사가 지정한 장소로 한다.",
                        "type": null,
                        "rowId": null,
                        "cells": null
                    }
                ],
                "coordinate": null
            },
            {
                "id": 10,
                "type": "TEXT",
                "format_content": "1009AAC",
                "depth": 1,
                "sort_order": 11,
                "article": 3,
                "paragraph": 2,
                "subParagraph": null,
                "is_article_title": false,
                "content_labels": [
                    "1009008"
                ],
                "note": "",
                "name": null,
                "contents": [
                    {
                        "text": "② ‘회사’는 사업장 상황, 업무상 필요 등에 따라 제1항 근무장소, 소속 또는 담당업무 등을 변경하거나 추가‧조정 등의 인사명령을 할 수 있으며, ‘근로자’는 ‘회사’의 지시에 따라야 한다.",
                        "type": null,
                        "rowId": null,
                        "cells": null
                    }
                ],
                "coordinate": null
            },
            {
                "id": 11,
                "type": "TEXT",
                "format_content": "1009AAC",
                "depth": 0,
                "sort_order": 12,
                "article": 4,
                "paragraph": null,
                "subParagraph": null,
                "is_article_title": true,
                "content_labels": [
                    "1009006",
                    "1009007"
                ],
                "note": "",
                "name": null,
                "contents": [
                    {
                        "text": "제4조 (근로일, 근로시간 및 휴게시간)",
                        "type": null,
                        "rowId": null,
                        "cells": null
                    }
                ],
                "coordinate": null
            },
            {
                "id": 12,
                "type": "TEXT",
                "format_content": "1009AAC",
                "depth": 1,
                "sort_order": 13,
                "article": 4,
                "paragraph": 1,
                "subParagraph": null,
                "is_article_title": false,
                "content_labels": [
                    "1009006"
                ],
                "note": "",
                "name": null,
                "contents": [
                    {
                        "text": "① 근로자의 근로일은 평일로 한다.",
                        "type": null,
                        "rowId": null,
                        "cells": null
                    }
                ],
                "coordinate": null
            },
            {
                "id": 13,
                "type": "TEXT",
                "format_content": "1009AAC",
                "depth": 1,
                "sort_order": 14,
                "article": 4,
                "paragraph": 2,
                "subParagraph": null,
                "is_article_title": false,
                "content_labels": [
                    "1009006"
                ],
                "note": "",
                "name": null,
                "contents": [
                    {
                        "text": "② 근로시간은 일가정 양립의 지원, 업무의 효율성 등을 위하여 1일 8시간의 실 근로시간 범위 내에서 아래와 같이 출퇴근시간을 조정할 수 있는 시차출퇴근제를 적용한다. (출근시간대 이내 출근하여 실 근로 8시간 근무 후 퇴근함)",
                        "type": null,
                        "rowId": null,
                        "cells": null
                    }
                ],
                "coordinate": null
            },
            {
                "id": 14,
                "type": "TEXT",
                "format_content": "1009AAC",
                "depth": 1,
                "sort_order": 15,
                "article": 4,
                "paragraph": 2,
                "subParagraph": null,
                "is_article_title": false,
                "content_labels": [
                    "1009006"
                ],
                "note": "",
                "name": null,
                "contents": [
                    {
                        "text": "- 출근시간대 : 08~11시, 퇴근시간대 : 17~20시",
                        "type": null,
                        "rowId": null,
                        "cells": null
                    }
                ],
                "coordinate": null
            },
            {
                "id": 15,
                "type": "TEXT",
                "format_content": "1009AAC",
                "depth": 1,
                "sort_order": 16,
                "article": 4,
                "paragraph": 3,
                "subParagraph": null,
                "is_article_title": false,
                "content_labels": [
                    "1009006"
                ],
                "note": "",
                "name": null,
                "contents": [
                    {
                        "text": "③ 회사는 직무의 내용‧특성, 연속근무의 필요성, 업무효율성 강화, 사업장 상황 등에 따라 제1항 근로일 또는 시업‧종업시각 등을 조정할 수 있다.",
                        "type": null,
                        "rowId": null,
                        "cells": null
                    }
                ],
                "coordinate": null
            },
            {
                "id": 16,
                "type": "TEXT",
                "format_content": "1009AAC",
                "depth": 1,
                "sort_order": 17,
                "article": 4,
                "paragraph": 4,
                "subParagraph": null,
                "is_article_title": false,
                "content_labels": [
                    "1009006"
                ],
                "note": "",
                "name": null,
                "contents": [
                    {
                        "text": "④ 회사는 제1항 근로시간 외 필요시 연장, 야간 및 휴일근로를 지시할 수 있으며, 근로자는 이에 동의한다.",
                        "type": null,
                        "rowId": null,
                        "cells": null
                    }
                ],
                "coordinate": null
            },
            {
                "id": 17,
                "type": "TEXT",
                "format_content": "1009AAC",
                "depth": 1,
                "sort_order": 18,
                "article": 4,
                "paragraph": 5,
                "subParagraph": null,
                "is_article_title": false,
                "content_labels": [
                    "1009006"
                ],
                "note": "",
                "name": null,
                "contents": [
                    {
                        "text": "⑤ 회사의 지시 또는 승인없는 근로자의 임의적인 사업장 체류(이에 준하는 것을 포함)는 근로시간으로 인정하지 않는다.",
                        "type": null,
                        "rowId": null,
                        "cells": null
                    }
                ],
                "coordinate": null
            },
            {
                "id": 18,
                "type": "TEXT",
                "format_content": "1009AAC",
                "depth": 0,
                "sort_order": 19,
                "article": 5,
                "paragraph": null,
                "subParagraph": null,
                "is_article_title": true,
                "content_labels": [
                    "1009009",
                    "1009011"
                ],
                "note": "",
                "name": null,
                "contents": [
                    {
                        "text": "제5조 (임금체계, 구성항목 및 지급방법)",
                        "type": null,
                        "rowId": null,
                        "cells": null
                    }
                ],
                "coordinate": null
            },
            {
                "id": 19,
                "type": "TEXT",
                "format_content": "1009AAC",
                "depth": 1,
                "sort_order": 20,
                "article": 5,
                "paragraph": 1,
                "subParagraph": null,
                "is_article_title": false,
                "content_labels": [
                    "1009009"
                ],
                "note": "",
                "name": null,
                "contents": [
                    {
                        "text": "① 월 급여의 세부내용은 다음과 같다.",
                        "type": null,
                        "rowId": null,
                        "cells": null
                    }
                ],
                "coordinate": null
            },
            {
                "id": 20,
                "type": "TABLE",
                "format_content": "1009AAC",
                "depth": 1,
                "sort_order": 21,
                "article": 5,
                "paragraph": 1,
                "subParagraph": null,
                "is_article_title": false,
                "content_labels": [
                    "1009009"
                ],
                "note": "",
                "name": null,
                "contents": [
                    {
                        "text": "<table><tbody><tr><td colspan=\"2\">임금항목</td><td>금액</td><td>비고</td></tr><tr><td>월  급여</td><td>기본급</td><td>(@금액)</td><td>▪ 월  209시간에  대한  기본급여  (주휴수당  포함)</td></tr><tr><td colspan=\"2\">합계</td><td>(@금액)</td><td></td></tr></tbody></table>",
                        "type": null,
                        "rowId": null,
                        "cells": null
                    }
                ],
                "coordinate": null
            },
            {
                "id": 21,
                "type": "TEXT",
                "format_content": "1009AAC",
                "depth": 1,
                "sort_order": 22,
                "article": 5,
                "paragraph": 2,
                "subParagraph": null,
                "is_article_title": false,
                "content_labels": [
                    "1009011"
                ],
                "note": "",
                "name": null,
                "contents": [
                    {
                        "text": "② ‘회사’는 매월 1일부터 말일까지의 기간에 대한 급여를 ‘사용자’가 지정하는 통장 계좌에 지급한다. 단, 지급일이 휴일 또는 휴무일인 경우 그 전일에 지급한다.",
                        "type": null,
                        "rowId": null,
                        "cells": null
                    }
                ],
                "coordinate": null
            },
            {
                "id": 22,
                "type": "TEXT",
                "format_content": "1009AAC",
                "depth": 1,
                "sort_order": 23,
                "article": 5,
                "paragraph": 3,
                "subParagraph": null,
                "is_article_title": false,
                "content_labels": [
                    "1009009"
                ],
                "note": "",
                "name": null,
                "contents": [
                    {
                        "text": "③ 회사는 관계법령에 따른 세금, 4대보험료 등을 공제한 후 지급하며, 결근·지각·조퇴 등에 대한 임금은 지급하지 않는다.",
                        "type": null,
                        "rowId": null,
                        "cells": null
                    }
                ],
                "coordinate": null
            },
            {
                "id": 23,
                "type": "TEXT",
                "format_content": "1009AAC",
                "depth": 1,
                "sort_order": 24,
                "article": 5,
                "paragraph": 4,
                "subParagraph": null,
                "is_article_title": false,
                "content_labels": [
                    "1009012"
                ],
                "note": "",
                "name": null,
                "contents": [
                    {
                        "text": "④ 회사는 불확정적인 기준 및 절차에 따라 경영상황, 실적 등에 따라 임금성이 배제된 인센티브를 지급할 수 있으며, 그 지급여부 및 지급기준은 회사가 임의로 정하는 기준에 따르며, 인센티브는 지급일 현재 재직중인 자에 한하여 지급한다 .",
                        "type": null,
                        "rowId": null,
                        "cells": null
                    }
                ],
                "coordinate": null
            },
            {
                "id": 24,
                "type": "TEXT",
                "format_content": "1009AAC",
                "depth": 0,
                "sort_order": 25,
                "article": 6,
                "paragraph": null,
                "subParagraph": null,
                "is_article_title": true,
                "content_labels": [
                    "1009014"
                ],
                "note": "",
                "name": null,
                "contents": [
                    {
                        "text": "제6조 (휴일)",
                        "type": null,
                        "rowId": null,
                        "cells": null
                    }
                ],
                "coordinate": null
            },
            {
                "id": 25,
                "type": "TEXT",
                "format_content": "1009AAC",
                "depth": 1,
                "sort_order": 26,
                "article": 6,
                "paragraph": 1,
                "subParagraph": null,
                "is_article_title": false,
                "content_labels": [
                    "1009014"
                ],
                "note": "",
                "name": null,
                "contents": [
                    {
                        "text": "① 1주간의 소정근로일수를 개근한 경우 매주 일요일을 주휴일로 부여하며, 매주 토요일을 무급휴무일로 한다.",
                        "type": null,
                        "rowId": null,
                        "cells": null
                    }
                ],
                "coordinate": null
            },
            {
                "id": 27,
                "type": "TEXT",
                "format_content": "1009AAC",
                "depth": 1,
                "sort_order": 27,
                "article": 6,
                "paragraph": 2,
                "subParagraph": null,
                "is_article_title": false,
                "content_labels": [
                    "1009014"
                ],
                "note": "",
                "name": null,
                "contents": [
                    {
                        "text": "② 제1항 주휴일과 매년 근로자의 날(5월 1일), 그리고 관계법령에 따른 휴일은 유급휴일로 한다.",
                        "type": null,
                        "rowId": null,
                        "cells": null
                    }
                ],
                "coordinate": null
            },
            {
                "id": 28,
                "type": "TEXT",
                "format_content": "1009AAC",
                "depth": 0,
                "sort_order": 28,
                "article": 7,
                "paragraph": null,
                "subParagraph": null,
                "is_article_title": true,
                "content_labels": [
                    "1009015"
                ],
                "note": "",
                "name": null,
                "contents": [
                    {
                        "text": "제7조 (연차휴가)",
                        "type": null,
                        "rowId": null,
                        "cells": null
                    }
                ],
                "coordinate": null
            },
            {
                "id": 29,
                "type": "TEXT",
                "format_content": "1009AAC",
                "depth": 1,
                "sort_order": 29,
                "article": 7,
                "paragraph": null,
                "subParagraph": null,
                "is_article_title": false,
                "content_labels": [
                    "1009015"
                ],
                "note": "",
                "name": null,
                "contents": [
                    {
                        "text": "연차휴가는 근로기준법이 정하는 바에 따르며, 근로자대표와의 서면합의에 따라 하계휴가 등에 휴무시 연차대체를 적용한다.",
                        "type": null,
                        "rowId": null,
                        "cells": null
                    }
                ],
                "coordinate": null
            },
            {
                "id": 31,
                "type": "TEXT",
                "format_content": "1009AAC",
                "depth": 0,
                "sort_order": 30,
                "article": 8,
                "paragraph": null,
                "subParagraph": null,
                "is_article_title": true,
                "content_labels": [
                    "1009016",
                    "1009017"
                ],
                "note": "",
                "name": null,
                "contents": [
                    {
                        "text": "제8조 (퇴직 및 퇴직금의 지급)",
                        "type": null,
                        "rowId": null,
                        "cells": null
                    }
                ],
                "coordinate": null
            },
            {
                "id": 32,
                "type": "TEXT",
                "format_content": "1009AAC",
                "depth": 1,
                "sort_order": 31,
                "article": 8,
                "paragraph": 1,
                "subParagraph": null,
                "is_article_title": false,
                "content_labels": [
                    "1009016"
                ],
                "note": "",
                "name": null,
                "contents": [
                    {
                        "text": "① ‘근로자’는 퇴직시 1개월 전까지 퇴직원을 제출하고, 인수인계, 회사 자산반납 등에 적극 협조하여야 한다.",
                        "type": null,
                        "rowId": null,
                        "cells": null
                    }
                ],
                "coordinate": null
            },
            {
                "id": 33,
                "type": "TEXT",
                "format_content": "1009AAC",
                "depth": 1,
                "sort_order": 32,
                "article": 8,
                "paragraph": 2,
                "subParagraph": null,
                "is_article_title": false,
                "content_labels": [
                    "1009016"
                ],
                "note": "",
                "name": null,
                "contents": [
                    {
                        "text": "② ‘근로자’가 제1항 퇴직원 제출기한을 준수하지 않는 경우 회사는 30일 이내의 범위에서 사직일자를 지정하여 수리할 수 있으며, 이 경우 근로자는 퇴직일 전까지 출근하여야 하고, 위반시 무단결근으로 처리할 수 있다.",
                        "type": null,
                        "rowId": null,
                        "cells": null
                    }
                ],
                "coordinate": null
            },
            {
                "id": 34,
                "type": "TEXT",
                "format_content": "1009AAC",
                "depth": 1,
                "sort_order": 33,
                "article": 8,
                "paragraph": 3,
                "subParagraph": null,
                "is_article_title": false,
                "content_labels": [
                    "1009019"
                ],
                "note": "",
                "name": null,
                "contents": [
                    {
                        "text": "③ ‘근로자’가 제1항 및 제2항 퇴직절차를 준수하지 않고 사직하여 ‘회사’에 손해 발생시 손해배상을 청구할 수 있다.",
                        "type": null,
                        "rowId": null,
                        "cells": null
                    }
                ],
                "coordinate": null
            },
            {
                "id": 35,
                "type": "TEXT",
                "format_content": "1009AAC",
                "depth": 1,
                "sort_order": 34,
                "article": 8,
                "paragraph": 4,
                "subParagraph": null,
                "is_article_title": false,
                "content_labels": [
                    "1009017"
                ],
                "note": "",
                "name": null,
                "contents": [
                    {
                        "text": "④ 퇴직금은 계속근로연수 매 1년에 대하여 30일에 해당하는 퇴직금을 지급하거나, 퇴직연금으로 지급한다.",
                        "type": null,
                        "rowId": null,
                        "cells": null
                    }
                ],
                "coordinate": null
            },
            {
                "id": 36,
                "type": "TEXT",
                "format_content": "1009AAC",
                "depth": 0,
                "sort_order": 35,
                "article": 9,
                "paragraph": null,
                "subParagraph": null,
                "is_article_title": true,
                "content_labels": [
                    "1009018"
                ],
                "note": "",
                "name": null,
                "contents": [
                    {
                        "text": "제9조 (근로계약의 해지)",
                        "type": null,
                        "rowId": null,
                        "cells": null
                    }
                ],
                "coordinate": null
            },
            {
                "id": 37,
                "type": "TEXT",
                "format_content": "1009AAC",
                "depth": 1,
                "sort_order": 36,
                "article": 9,
                "paragraph": null,
                "subParagraph": null,
                "is_article_title": false,
                "content_labels": [
                    "1009018"
                ],
                "note": "",
                "name": null,
                "contents": [
                    {
                        "text": "‘근로자’가 다음 각호에 해당하는 경우 ‘회사’는 근로계약을 해지할 수 있다.",
                        "type": null,
                        "rowId": null,
                        "cells": null
                    }
                ],
                "coordinate": null
            },
            {
                "id": 38,
                "type": "TEXT",
                "format_content": "1009AAC",
                "depth": 1,
                "sort_order": 37,
                "article": 9,
                "paragraph": 1,
                "subParagraph": null,
                "is_article_title": false,
                "content_labels": [
                    "1009018"
                ],
                "note": "",
                "name": null,
                "contents": [
                    {
                        "text": "1. 업무를 태만히 하거나 업무수행 능력이 부족한 경우",
                        "type": null,
                        "rowId": null,
                        "cells": null
                    }
                ],
                "coordinate": null
            },
            {
                "id": 39,
                "type": "TEXT",
                "format_content": "1009AAC",
                "depth": 1,
                "sort_order": 38,
                "article": 9,
                "paragraph": 2,
                "subParagraph": null,
                "is_article_title": false,
                "content_labels": [
                    "1009018"
                ],
                "note": "",
                "name": null,
                "contents": [
                    {
                        "text": "2. 회사질서를 문란하게 하거나 고의·과실로 회사에 손해를 입히는 경우",
                        "type": null,
                        "rowId": null,
                        "cells": null
                    }
                ],
                "coordinate": null
            },
            {
                "id": 40,
                "type": "TEXT",
                "format_content": "1009AAC",
                "depth": 1,
                "sort_order": 39,
                "article": 9,
                "paragraph": 3,
                "subParagraph": null,
                "is_article_title": false,
                "content_labels": [
                    "1009018"
                ],
                "note": "",
                "name": null,
                "contents": [
                    {
                        "text": "3. 회사의 제반사항(영업정보 등 기타 업무상 취득한 사항)에 대하여 누설하거나 사적인 용도로 사용하였을 경우",
                        "type": null,
                        "rowId": null,
                        "cells": null
                    }
                ],
                "coordinate": null
            },
            {
                "id": 41,
                "type": "TEXT",
                "format_content": "1009AAC",
                "depth": 1,
                "sort_order": 40,
                "article": 9,
                "paragraph": 4,
                "subParagraph": null,
                "is_article_title": false,
                "content_labels": [
                    "1009018"
                ],
                "note": "",
                "name": null,
                "contents": [
                    {
                        "text": "4. 월간 5회 이상 또는 계속하여 3일 이상 무단결근을 하거나 무단지각, 조퇴, 외출을 월 3회 이상한 경우",
                        "type": null,
                        "rowId": null,
                        "cells": null
                    }
                ],
                "coordinate": null
            },
            {
                "id": 42,
                "type": "TEXT",
                "format_content": "1009AAC",
                "depth": 1,
                "sort_order": 41,
                "article": 9,
                "paragraph": 5,
                "subParagraph": null,
                "is_article_title": false,
                "content_labels": [
                    "1009018"
                ],
                "note": "",
                "name": null,
                "contents": [
                    {
                        "text": "5. 기타 내규상 징계사유 및 기타 계속근로가 어렵다고 인정되는 경우로서 상기 각호의 사유에 준하는 사유에 해당하는 경우",
                        "type": null,
                        "rowId": null,
                        "cells": null
                    }
                ],
                "coordinate": null
            },
            {
                "id": 51,
                "type": "TEXT",
                "format_content": "1009AAC",
                "depth": null,
                "sort_order": 42,
                "article": 10,
                "paragraph": null,
                "subParagraph": null,
                "is_article_title": true,
                "content_labels": [
                    "1009021"
                ],
                "note": "",
                "name": null,
                "contents": [
                    {
                        "text": "제10조 (비밀유지)",
                        "type": null,
                        "rowId": null,
                        "cells": null
                    }
                ],
                "coordinate": null
            },
            {
                "id": 52,
                "type": "TEXT",
                "format_content": "1009AAC",
                "depth": null,
                "sort_order": 43,
                "article": 10,
                "paragraph": 1,
                "subParagraph": null,
                "is_article_title": false,
                "content_labels": [
                    "1009021"
                ],
                "note": "",
                "name": null,
                "contents": [
                    {
                        "text": "① ‘근로자’는 임금 및 근로계약서와 관련된 제반 사항을 비밀로 유지하며, 이를 위반하는 경우 ‘회사’는 인사조치 할 수 있다.",
                        "type": null,
                        "rowId": null,
                        "cells": null
                    }
                ],
                "coordinate": null
            },
            {
                "id": 43,
                "type": "TEXT",
                "format_content": "1009AAC",
                "depth": 1,
                "sort_order": 44,
                "article": 10,
                "paragraph": 2,
                "subParagraph": null,
                "is_article_title": false,
                "content_labels": [
                    "1009021"
                ],
                "note": "",
                "name": null,
                "contents": [
                    {
                        "text": "② ‘회사’의 제반 사항(영업, 개발, 재무, 인사 등)은 비밀로 하여 제3자에게 누설하지 아니하며, ‘근로자’는 퇴직 후에도 이를 준수한다.",
                        "type": null,
                        "rowId": null,
                        "cells": null
                    }
                ],
                "coordinate": null
            },
            {
                "id": 44,
                "type": "TEXT",
                "format_content": "1009AAC",
                "depth": 0,
                "sort_order": 45,
                "article": 11,
                "paragraph": null,
                "subParagraph": null,
                "is_article_title": true,
                "content_labels": [
                    "1009020"
                ],
                "note": "",
                "name": null,
                "contents": [
                    {
                        "text": "제11조 (겸업 및 경업 등 금지)",
                        "type": null,
                        "rowId": null,
                        "cells": null
                    }
                ],
                "coordinate": null
            },
            {
                "id": 45,
                "type": "TEXT",
                "format_content": "1009AAC",
                "depth": 1,
                "sort_order": 46,
                "article": 11,
                "paragraph": 1,
                "subParagraph": null,
                "is_article_title": false,
                "content_labels": [
                    "1009020"
                ],
                "note": "",
                "name": null,
                "contents": [
                    {
                        "text": "① 본 계약에 따른 근로기간 동안 근로자는 회사의 경쟁업체나 경쟁업체의 계열사를 위해 용역을 제공하지 아니하며, 회사가 사전에 서면으로 동의하지 않는 한 회사의 이익에 반하는 어떠한 행위도 하지 아니한다.",
                        "type": null,
                        "rowId": null,
                        "cells": null
                    }
                ],
                "coordinate": null
            },
            {
                "id": 46,
                "type": "TEXT",
                "format_content": "1009AAC",
                "depth": 1,
                "sort_order": 47,
                "article": 11,
                "paragraph": 2,
                "subParagraph": null,
                "is_article_title": false,
                "content_labels": [
                    "1009020"
                ],
                "note": "",
                "name": null,
                "contents": [
                    {
                        "text": "② 근로자는 퇴사 후 1년간 회사에서 습득한 정보와 기술을 이용하여 동일한 사업 내용의 경쟁업체에 취업하거나, 이를 기반으로 창업하여 회사에 손해를 끼치는 행위를 하지 않는다.",
                        "type": null,
                        "rowId": null,
                        "cells": null
                    }
                ],
                "coordinate": null
            },
            {
                "id": 47,
                "type": "TEXT",
                "format_content": "1009AAC",
                "depth": 0,
                "sort_order": 48,
                "article": 12,
                "paragraph": null,
                "subParagraph": null,
                "is_article_title": true,
                "content_labels": [
                    "1009025"
                ],
                "note": "",
                "name": null,
                "contents": [
                    {
                        "text": "제12조 (기타)",
                        "type": null,
                        "rowId": null,
                        "cells": null
                    }
                ],
                "coordinate": null
            },
            {
                "id": 48,
                "type": "TEXT",
                "format_content": "1009AAC",
                "depth": 1,
                "sort_order": 49,
                "article": 12,
                "paragraph": null,
                "subParagraph": null,
                "is_article_title": false,
                "content_labels": [
                    "1009033"
                ],
                "note": "",
                "name": null,
                "contents": [
                    {
                        "text": "본 계약서에 명시되지 않은 사항은 취업규칙, 노동관계법령 등이 정하는 바에 따른다.",
                        "type": null,
                        "rowId": null,
                        "cells": null
                    }
                ],
                "coordinate": null
            },
            {
                "id": 49,
                "type": "TEXT",
                "format_content": "1009AAD",
                "depth": 1,
                "sort_order": 50,
                "article": null,
                "paragraph": null,
                "subParagraph": null,
                "is_article_title": false,
                "content_labels": [
                    "1009023"
                ],
                "note": "",
                "name": null,
                "contents": [
                    {
                        "text": "본 근로계약서는 2부를 작성하여 근로자와 사용자가 각 1부씩 교부하였음을 확인한다.",
                        "type": null,
                        "rowId": null,
                        "cells": null
                    }
                ],
                "coordinate": null
            }
        ]
    }
}