{
    "document": {
        "doc_type": "1011",
        "title": null,
        "status": 4,
        "is_hold": null,
        "page_count": 7,
        "sub_document_count": 87,
        "created_time": "2024-10-28T12:13:49.725",
        "main_category": null,
        "sub_category": null,
        "detail_category": null,
        "related_law": null,
        "purpose": null,
        "use_case": null,
        "sub_documents": [
            {
                "id": 1,
                "type": "TEXT",
                "format_content": "1011AAA",
                "depth": 0,
                "sort_order": 1,
                "article": null,
                "paragraph": null,
                "subParagraph": null,
                "is_article_title": false,
                "content_labels": [
                    "1011033"
                ],
                "note": "",
                "name": null,
                "contents": [
                    {
                        "text": "사장 경영계약서",
                        "type": null,
                        "rowId": null,
                        "cells": null
                    }
                ],
                "coordinate": null
            },
            {
                "id": 2,
                "type": "TEXT",
                "format_content": "1011AAC",
                "depth": 0,
                "sort_order": 2,
                "article": null,
                "paragraph": null,
                "subParagraph": null,
                "is_article_title": false,
                "content_labels": [
                    "1011033"
                ],
                "note": "",
                "name": null,
                "contents": [
                    {
                        "text": "제 1 장 총 칙",
                        "type": null,
                        "rowId": null,
                        "cells": null
                    }
                ],
                "coordinate": null
            },
            {
                "id": 3,
                "type": "TEXT",
                "format_content": "1011AAC",
                "depth": 0,
                "sort_order": 3,
                "article": 1,
                "paragraph": null,
                "subParagraph": null,
                "is_article_title": true,
                "content_labels": [
                    "1011002"
                ],
                "note": "",
                "name": null,
                "contents": [
                    {
                        "text": "제1조 (계약의목적)",
                        "type": null,
                        "rowId": null,
                        "cells": null
                    }
                ],
                "coordinate": null
            },
            {
                "id": 4,
                "type": "TEXT",
                "format_content": "1011AAC",
                "depth": 1,
                "sort_order": 4,
                "article": 1,
                "paragraph": null,
                "subParagraph": null,
                "is_article_title": false,
                "content_labels": [
                    "1011002"
                ],
                "note": "",
                "name": null,
                "contents": [
                    {
                        "text": "이 계약은 정부투자기관관리기본법(이하 '기본법'이라 한다) 제13조의5 에 의거하여 OOOO의 사장(이하 '사장'이라 한다)의 임기중 달성 하여야 할 경영목표, 사장의 권한과 책임, 성과급을 포함하는 보수 등 제 반 사항에 대하여 공사와 사장간에 경영계약을 체결함으로써 회사의 경영성과 향상과 경쟁력을 제고하는 데 그 목적 이 있다.",
                        "type": null,
                        "rowId": null,
                        "cells": null
                    }
                ],
                "coordinate": null
            },
            {
                "id": 6,
                "type": "TEXT",
                "format_content": "1011AAC",
                "depth": 1,
                "sort_order": 5,
                "article": 2,
                "paragraph": null,
                "subParagraph": null,
                "is_article_title": true,
                "content_labels": [
                    "1011003"
                ],
                "note": "",
                "name": null,
                "contents": [
                    {
                        "text": "제2조 (계약의체결)",
                        "type": null,
                        "rowId": null,
                        "cells": null
                    }
                ],
                "coordinate": null
            },
            {
                "id": 7,
                "type": "TEXT",
                "format_content": "1011AAC",
                "depth": 2,
                "sort_order": 6,
                "article": 2,
                "paragraph": 1,
                "subParagraph": null,
                "is_article_title": false,
                "content_labels": [
                    "1011003"
                ],
                "note": "",
                "name": null,
                "contents": [
                    {
                        "text": "① 사장과 공사는 각각 이 계약의 당사자가 되며, 계약의 이행에 대하여 상대방에 대하여 책임을 진다",
                        "type": null,
                        "rowId": null,
                        "cells": null
                    }
                ],
                "coordinate": null
            },
            {
                "id": 8,
                "type": "TEXT",
                "format_content": "1011AAC",
                "depth": 2,
                "sort_order": 7,
                "article": 2,
                "paragraph": 2,
                "subParagraph": null,
                "is_article_title": false,
                "content_labels": [
                    "1011003"
                ],
                "note": "",
                "name": null,
                "contents": [
                    {
                        "text": "② 사장과 비상임이사 중 호선에 의하여 선출된 대표자가 공사를 대표하여 이 계약서에 각각 자필 서명함으로써 이 계약이 성립된다.",
                        "type": null,
                        "rowId": null,
                        "cells": null
                    }
                ],
                "coordinate": null
            },
            {
                "id": 9,
                "type": "TEXT",
                "format_content": "1011AAC",
                "depth": 1,
                "sort_order": 8,
                "article": 3,
                "paragraph": null,
                "subParagraph": null,
                "is_article_title": true,
                "content_labels": [
                    "1011006"
                ],
                "note": "",
                "name": null,
                "contents": [
                    {
                        "text": "제3조 (계약기간)",
                        "type": null,
                        "rowId": null,
                        "cells": null
                    }
                ],
                "coordinate": null
            },
            {
                "id": 10,
                "type": "TEXT",
                "format_content": "1011AAC",
                "depth": 2,
                "sort_order": 9,
                "article": 3,
                "paragraph": 1,
                "subParagraph": null,
                "is_article_title": false,
                "content_labels": [
                    "1011006"
                ],
                "note": "",
                "name": null,
                "contents": [
                    {
                        "text": "① 이 계약의 계약기간은 사장의 임기가 개시된 20OO년 OO월 OO일부터 그 임기가 종료 되는 20OO년 OO월 OO일까지로 한다.",
                        "type": null,
                        "rowId": null,
                        "cells": null
                    }
                ],
                "coordinate": null
            },
            {
                "id": 11,
                "type": "TEXT",
                "format_content": "1011AAC",
                "depth": 3,
                "sort_order": 10,
                "article": 3,
                "paragraph": 2,
                "subParagraph": null,
                "is_article_title": false,
                "content_labels": [
                    "1011006"
                ],
                "note": "",
                "name": null,
                "contents": [
                    {
                        "text": "② 이 계약은 전항의 계약기간 중이라 하더라도 본인의 사임 또는 해임, 기타의 사유로 중도에 퇴임하는 경우에는 퇴임과 동시에 종료되는 것으로 한다.",
                        "type": null,
                        "rowId": null,
                        "cells": null
                    }
                ],
                "coordinate": null
            },
            {
                "id": 13,
                "type": "TEXT",
                "format_content": "1011AAC",
                "depth": 1,
                "sort_order": 11,
                "article": 4,
                "paragraph": null,
                "subParagraph": null,
                "is_article_title": true,
                "content_labels": [
                    "1011005"
                ],
                "note": "",
                "name": null,
                "contents": [
                    {
                        "text": "제4조 (사장의권한과 책임)",
                        "type": null,
                        "rowId": null,
                        "cells": null
                    }
                ],
                "coordinate": null
            },
            {
                "id": 14,
                "type": "TEXT",
                "format_content": "1011AAC",
                "depth": 2,
                "sort_order": 12,
                "article": 4,
                "paragraph": 1,
                "subParagraph": null,
                "is_article_title": false,
                "content_labels": [
                    "1011005"
                ],
                "note": "",
                "name": null,
                "contents": [
                    {
                        "text": "①  사장은 공사의 최고경영자로서 공사를 대표하며 제반 경영활동을 통할하여 관리한다.",
                        "type": null,
                        "rowId": null,
                        "cells": null
                    }
                ],
                "coordinate": null
            },
            {
                "id": 15,
                "type": "TEXT",
                "format_content": "1011AAC",
                "depth": 2,
                "sort_order": 13,
                "article": 4,
                "paragraph": 2,
                "subParagraph": null,
                "is_article_title": false,
                "content_labels": [
                    "1011005"
                ],
                "note": "",
                "name": null,
                "contents": [
                    {
                        "text": "② 사장의 직무 수행과 관련된 권한은 기본법과 공사의 정관 및 이 계약서가 정한바에 따라 보장되며 상임이사와 비상임이사의 임명제청권 및 직원의 임면 권한을 가진다.",
                        "type": null,
                        "rowId": null,
                        "cells": null
                    }
                ],
                "coordinate": null
            },
            {
                "id": 16,
                "type": "TEXT",
                "format_content": "1011AAC",
                "depth": 2,
                "sort_order": 14,
                "article": 4,
                "paragraph": 3,
                "subParagraph": null,
                "is_article_title": false,
                "content_labels": [
                    "1011005"
                ],
                "note": "",
                "name": null,
                "contents": [
                    {
                        "text": "③  제1항 내지 제2항에서 정하지 아니한 기타 사장의 권한과 책임은 이사회의 의결을 거쳐 정한 공사의 관련 규정에 의한다.",
                        "type": null,
                        "rowId": null,
                        "cells": null
                    }
                ],
                "coordinate": null
            },
            {
                "id": 17,
                "type": "TEXT",
                "format_content": "1011AAC",
                "depth": 1,
                "sort_order": 15,
                "article": 5,
                "paragraph": null,
                "subParagraph": null,
                "is_article_title": false,
                "content_labels": [
                    "1011003"
                ],
                "note": "",
                "name": null,
                "contents": [
                    {
                        "text": "제5조 (임기중겸직제한 등)",
                        "type": null,
                        "rowId": null,
                        "cells": null
                    }
                ],
                "coordinate": null
            },
            {
                "id": 18,
                "type": "TEXT",
                "format_content": "1011AAC",
                "depth": 2,
                "sort_order": 16,
                "article": 5,
                "paragraph": 1,
                "subParagraph": null,
                "is_article_title": false,
                "content_labels": [
                    "1011003"
                ],
                "note": "",
                "name": null,
                "contents": [
                    {
                        "text": "① 사장은 공사에 재임하는 동안 그 직무 이 외에 영리를 목적으로 하는 다른 직무를 겸할 수없다. 다만 이사회의 동의와 산업자원부장관의 승인을 받은 경우에는 그러하지 아니하다.",
                        "type": null,
                        "rowId": null,
                        "cells": null
                    }
                ],
                "coordinate": null
            },
            {
                "id": 19,
                "type": "TEXT",
                "format_content": "1011AAC",
                "depth": 2,
                "sort_order": 17,
                "article": 5,
                "paragraph": 2,
                "subParagraph": null,
                "is_article_title": false,
                "content_labels": [
                    "1011003"
                ],
                "note": "",
                "name": null,
                "contents": [
                    {
                        "text": "② 사장은 퇴임후 O년 동안 공사와 경쟁관계 또는 중요한 거래관계에 있는 기관의 직위에 취임하거나 대가를 받고 그 회사를 위하여 활동할 수 없다. 다만 이사회의 동의가 있는 경우에는 그러하지 아니하다.",
                        "type": null,
                        "rowId": null,
                        "cells": null
                    }
                ],
                "coordinate": null
            },
            {
                "id": 20,
                "type": "TEXT",
                "format_content": "1011AAC",
                "depth": 2,
                "sort_order": 18,
                "article": 5,
                "paragraph": 3,
                "subParagraph": null,
                "is_article_title": false,
                "content_labels": [
                    "1011003"
                ],
                "note": "",
                "name": null,
                "contents": [
                    {
                        "text": "③ 사장은 재임 중에는 물론 퇴임 후에도 사장으로 재임하면서 알게되었거나 취득한 공사의 기밀을 외부에 누설하여 서는 아니되며 그 기밀을 이용하여 공사의 이익에 상반되는 행위를 하여서도 아니 된다.",
                        "type": null,
                        "rowId": null,
                        "cells": null
                    }
                ],
                "coordinate": null
            },
            {
                "id": 21,
                "type": "TEXT",
                "format_content": "1011AAC",
                "depth": 2,
                "sort_order": 19,
                "article": 5,
                "paragraph": 4,
                "subParagraph": null,
                "is_article_title": false,
                "content_labels": [
                    "1011022"
                ],
                "note": "",
                "name": null,
                "contents": [
                    {
                        "text": "④ 사장은 제2항과 제3항에서 정한 의무를 위반한 경우 상법 등 관련 법률이 정하는 바에 따라 손해배상 책임을 부담한다.",
                        "type": null,
                        "rowId": null,
                        "cells": null
                    }
                ],
                "coordinate": null
            },
            {
                "id": 22,
                "type": "TEXT",
                "format_content": "1011AAC",
                "depth": 0,
                "sort_order": 20,
                "article": null,
                "paragraph": null,
                "subParagraph": null,
                "is_article_title": false,
                "content_labels": [
                    "1011033"
                ],
                "note": "",
                "name": null,
                "contents": [
                    {
                        "text": "제 2 장 경영목표 및 경영실적 평가",
                        "type": null,
                        "rowId": null,
                        "cells": null
                    }
                ],
                "coordinate": null
            },
            {
                "id": 23,
                "type": "TEXT",
                "format_content": "1011AAC",
                "depth": 1,
                "sort_order": 21,
                "article": 6,
                "paragraph": null,
                "subParagraph": null,
                "is_article_title": true,
                "content_labels": [
                    "1011003"
                ],
                "note": "",
                "name": null,
                "contents": [
                    {
                        "text": "제6조 (경영목표)",
                        "type": null,
                        "rowId": null,
                        "cells": null
                    }
                ],
                "coordinate": null
            },
            {
                "id": 24,
                "type": "TEXT",
                "format_content": "1011AAC",
                "depth": 2,
                "sort_order": 22,
                "article": 6,
                "paragraph": 1,
                "subParagraph": null,
                "is_article_title": false,
                "content_labels": [
                    "1011003"
                ],
                "note": "",
                "name": null,
                "contents": [
                    {
                        "text": "① 경영계약에는 사장이 임기중에 달성하여야 할 경영목표(이하 '경영목표'라 한다)가 포함되어야 한다.",
                        "type": null,
                        "rowId": null,
                        "cells": null
                    }
                ],
                "coordinate": null
            },
            {
                "id": 25,
                "type": "TEXT",
                "format_content": "1011AAC",
                "depth": 2,
                "sort_order": 23,
                "article": 6,
                "paragraph": 2,
                "subParagraph": null,
                "is_article_title": false,
                "content_labels": [
                    "1011003"
                ],
                "note": "",
                "name": null,
                "contents": [
                    {
                        "text": "②  전항의 경영목표에는 공사 및 국민경제발전에 기여할 수 있도록 공익성과 기업성, 경영혁신, 종합경영을 위한 목표 등이 반영되어야 한다.",
                        "type": null,
                        "rowId": null,
                        "cells": null
                    }
                ],
                "coordinate": null
            },
            {
                "id": 26,
                "type": "TEXT",
                "format_content": "1011AAC",
                "depth": 1,
                "sort_order": 24,
                "article": 7,
                "paragraph": null,
                "subParagraph": null,
                "is_article_title": true,
                "content_labels": [
                    "1011026"
                ],
                "note": "",
                "name": null,
                "contents": [
                    {
                        "text": "제7조 (경영목표의 설정)",
                        "type": null,
                        "rowId": null,
                        "cells": null
                    }
                ],
                "coordinate": null
            },
            {
                "id": 27,
                "type": "TEXT",
                "format_content": "1011AAC",
                "depth": 2,
                "sort_order": 25,
                "article": 7,
                "paragraph": 1,
                "subParagraph": null,
                "is_article_title": false,
                "content_labels": [
                    "1011026"
                ],
                "note": "",
                "name": null,
                "contents": [
                    {
                        "text": "① 이사회는 공사의 경영환경과 사업여건을 감안 하여 매 사업연도마다 경영목표를 정할 수 있다. 이 경우 경영목표는 매 사업연도 개시 전까지 비상임이사가 과반수 출석한 이사회의 의결을 거쳐 산업자원부장관 의 승인을 받아야 한다.",
                        "type": null,
                        "rowId": null,
                        "cells": null
                    }
                ],
                "coordinate": null
            },
            {
                "id": 28,
                "type": "TEXT",
                "format_content": "1011AAC",
                "depth": 2,
                "sort_order": 26,
                "article": 7,
                "paragraph": 2,
                "subParagraph": null,
                "is_article_title": false,
                "content_labels": [
                    "1011020"
                ],
                "note": "",
                "name": null,
                "contents": [
                    {
                        "text": "② 사장은 전항에 의거하여 경영목표가 확정된 경우 그 결과를 확정일로 부터 7일 이내에\n기획예산처장관에게 통보하 여야 한다.",
                        "type": null,
                        "rowId": null,
                        "cells": null
                    }
                ],
                "coordinate": null
            },
            {
                "id": 29,
                "type": "TEXT",
                "format_content": "1011AAC",
                "depth": 2,
                "sort_order": 27,
                "article": 7,
                "paragraph": 3,
                "subParagraph": null,
                "is_article_title": false,
                "content_labels": [
                    "1011015"
                ],
                "note": "",
                "name": null,
                "contents": [
                    {
                        "text": "③ 비상임이사중 호선에 의하여 선출된 대표자는 제1항에 의거하여 이사 회가 이 계약 체결일이 속하는 사업연도 이 후 사업연도의 경영목표를 정함에 있어서 사장과 사전에 협의하여야 한다.",
                        "type": null,
                        "rowId": null,
                        "cells": null
                    }
                ],
                "coordinate": null
            },
            {
                "id": 30,
                "type": "TEXT",
                "format_content": "1011AAC",
                "depth": 2,
                "sort_order": 28,
                "article": 7,
                "paragraph": 4,
                "subParagraph": null,
                "is_article_title": false,
                "content_labels": [
                    "1011003"
                ],
                "note": "",
                "name": null,
                "contents": [
                    {
                        "text": "④ 사장은 경영목표를 정하는 이사회에 참여할 수 없다. 이 경우에는 전항에 의한 이사가 이사회의 의장이 된다.",
                        "type": null,
                        "rowId": null,
                        "cells": null
                    }
                ],
                "coordinate": null
            },
            {
                "id": 31,
                "type": "TEXT",
                "format_content": "1011AAC",
                "depth": 2,
                "sort_order": 29,
                "article": 7,
                "paragraph": 5,
                "subParagraph": null,
                "is_article_title": false,
                "content_labels": [
                    "1011003"
                ],
                "note": "",
                "name": null,
                "contents": [
                    {
                        "text": "⑤ 사장이 2000년도에 달성하여야 할 경영목표는 별표1과 같다. 별표는 별도첨부하세요",
                        "type": null,
                        "rowId": null,
                        "cells": null
                    }
                ],
                "coordinate": null
            },
            {
                "id": 32,
                "type": "TEXT",
                "format_content": "1011AAC",
                "depth": 1,
                "sort_order": 30,
                "article": 8,
                "paragraph": null,
                "subParagraph": null,
                "is_article_title": true,
                "content_labels": [
                    "1011003"
                ],
                "note": "",
                "name": null,
                "contents": [
                    {
                        "text": "제8조 (경영계약이행실적 보고)",
                        "type": null,
                        "rowId": null,
                        "cells": null
                    }
                ],
                "coordinate": null
            },
            {
                "id": 33,
                "type": "TEXT",
                "format_content": "1011AAC",
                "depth": 2,
                "sort_order": 31,
                "article": 8,
                "paragraph": null,
                "subParagraph": null,
                "is_article_title": false,
                "content_labels": [
                    "1011003"
                ],
                "note": "",
                "name": null,
                "contents": [
                    {
                        "text": "사장은 매년 경영계약의 이행에 관한 당해 연도 실적보고서를 작성하여 다음연도 OO월 OO 일까지 국회, 기획예산처장 관 및 산업자원부장관에게 제출하여야 한다.",
                        "type": null,
                        "rowId": null,
                        "cells": null
                    }
                ],
                "coordinate": null
            },
            {
                "id": 35,
                "type": "TEXT",
                "format_content": "1011AAC",
                "depth": 1,
                "sort_order": 32,
                "article": 9,
                "paragraph": null,
                "subParagraph": null,
                "is_article_title": true,
                "content_labels": [
                    "1011003"
                ],
                "note": "",
                "name": null,
                "contents": [
                    {
                        "text": "제9조 (경영계약 이행실적평가)",
                        "type": null,
                        "rowId": null,
                        "cells": null
                    }
                ],
                "coordinate": null
            },
            {
                "id": 36,
                "type": "TEXT",
                "format_content": "1011AAC",
                "depth": 2,
                "sort_order": 33,
                "article": 9,
                "paragraph": 1,
                "subParagraph": null,
                "is_article_title": false,
                "content_labels": [
                    "1011026"
                ],
                "note": "",
                "name": null,
                "contents": [
                    {
                        "text": "① 사장의 경영계약 이행실적에 대한 평가 (이하 '경영실적 평가'라 한다) 는 기본법 제7조 의 규정에 의거하여 기획예 산처장관이 실시하며, 기획예산처장관이 정하는 평가방법과 기준에 의 한다.",
                        "type": null,
                        "rowId": null,
                        "cells": null
                    }
                ],
                "coordinate": null
            },
            {
                "id": 37,
                "type": "TEXT",
                "format_content": "1011AAC",
                "depth": 2,
                "sort_order": 34,
                "article": 9,
                "paragraph": 2,
                "subParagraph": null,
                "is_article_title": false,
                "content_labels": [
                    "1011026"
                ],
                "note": "",
                "name": null,
                "contents": [
                    {
                        "text": "② 사장은 제1항의 경영실적 평가와 관련하여 기획예산처장관이 추가로 관련 자료의 제출을 요청할 경우 그에 응하여 야 하며 기획예산처장관 이 사장의 경영실적 평가를 제3의 전문기관에 의뢰하는 경우에도 그러하다.",
                        "type": null,
                        "rowId": null,
                        "cells": null
                    }
                ],
                "coordinate": null
            },
            {
                "id": 38,
                "type": "TEXT",
                "format_content": "1011AAC",
                "depth": 0,
                "sort_order": 35,
                "article": null,
                "paragraph": null,
                "subParagraph": null,
                "is_article_title": false,
                "content_labels": [
                    "1011033"
                ],
                "note": "",
                "name": null,
                "contents": [
                    {
                        "text": "제 3 장 보수 및 복리후생",
                        "type": null,
                        "rowId": null,
                        "cells": null
                    }
                ],
                "coordinate": null
            },
            {
                "id": 39,
                "type": "TEXT",
                "format_content": "1011AAC",
                "depth": 1,
                "sort_order": 36,
                "article": 10,
                "paragraph": null,
                "subParagraph": null,
                "is_article_title": true,
                "content_labels": [
                    "1011019"
                ],
                "note": "",
                "name": null,
                "contents": [
                    {
                        "text": "제10조 (보수체계)",
                        "type": null,
                        "rowId": null,
                        "cells": null
                    }
                ],
                "coordinate": null
            },
            {
                "id": 40,
                "type": "TEXT",
                "format_content": "1011AAC",
                "depth": 2,
                "sort_order": 37,
                "article": 10,
                "paragraph": null,
                "subParagraph": null,
                "is_article_title": false,
                "content_labels": [
                    "1011019"
                ],
                "note": "",
                "name": null,
                "contents": [
                    {
                        "text": "사장의 보수는 기본연봉, 성과급 및 퇴직금으로 하며 그 지급시기와 방법은 이 계약에서 특별히 정함이 없는 한 회사의 관련 규정을 준용한다.",
                        "type": null,
                        "rowId": null,
                        "cells": null
                    }
                ],
                "coordinate": null
            },
            {
                "id": 42,
                "type": "TEXT",
                "format_content": "1011AAC",
                "depth": 1,
                "sort_order": 38,
                "article": 11,
                "paragraph": null,
                "subParagraph": null,
                "is_article_title": true,
                "content_labels": [
                    "1011003"
                ],
                "note": "",
                "name": null,
                "contents": [
                    {
                        "text": "제11조 (기본연봉)",
                        "type": null,
                        "rowId": null,
                        "cells": null
                    }
                ],
                "coordinate": null
            },
            {
                "id": 43,
                "type": "TEXT",
                "format_content": "1011AAC",
                "depth": 2,
                "sort_order": 39,
                "article": 11,
                "paragraph": 1,
                "subParagraph": null,
                "is_article_title": false,
                "content_labels": [
                    "1011003"
                ],
                "note": "",
                "name": null,
                "contents": [
                    {
                        "text": "① 사장의 기본연봉은 연간 연봉을 기록하세요OOO,OOO만원(￦O,OO,OOO,OOO) 으로 하며, 매월 12분의 1씩 회사의 급여지급일 에 지급한다.",
                        "type": null,
                        "rowId": null,
                        "cells": null
                    }
                ],
                "coordinate": null
            },
            {
                "id": 44,
                "type": "TEXT",
                "format_content": "1011AAC",
                "depth": 3,
                "sort_order": 40,
                "article": 11,
                "paragraph": 2,
                "subParagraph": null,
                "is_article_title": false,
                "content_labels": [
                    "1011003"
                ],
                "note": "",
                "name": null,
                "contents": [
                    {
                        "text": "② 전항의 기본연봉에는 사장에게 지급되는 제수당 및 금전적 복리후생 비가 포함된 것으로 한다.",
                        "type": null,
                        "rowId": null,
                        "cells": null
                    }
                ],
                "coordinate": null
            },
            {
                "id": 45,
                "type": "TEXT",
                "format_content": "1011AAC",
                "depth": 2,
                "sort_order": 41,
                "article": 11,
                "paragraph": 3,
                "subParagraph": null,
                "is_article_title": false,
                "content_labels": [
                    "1011003"
                ],
                "note": "",
                "name": null,
                "contents": [
                    {
                        "text": "③ 사장이 임기 중 해임되거나 임기만료 또는 사망 기타의 사유로 중도 에 퇴임하는 경우에 해임 또는 퇴임일이 속하는 월 의 기본연봉은 일할 계산 하 여 지급한다.",
                        "type": null,
                        "rowId": null,
                        "cells": null
                    }
                ],
                "coordinate": null
            },
            {
                "id": 47,
                "type": "TEXT",
                "format_content": "1011AAC",
                "depth": 1,
                "sort_order": 42,
                "article": 12,
                "paragraph": null,
                "subParagraph": null,
                "is_article_title": true,
                "content_labels": [
                    "1011022"
                ],
                "note": "",
                "name": null,
                "contents": [
                    {
                        "text": "제12조 (손해배상)",
                        "type": null,
                        "rowId": null,
                        "cells": null
                    }
                ],
                "coordinate": null
            },
            {
                "id": 48,
                "type": "TEXT",
                "format_content": "1011AAC",
                "depth": 2,
                "sort_order": 43,
                "article": 12,
                "paragraph": 1,
                "subParagraph": null,
                "is_article_title": false,
                "content_labels": [
                    "1011022"
                ],
                "note": "",
                "name": null,
                "contents": [
                    {
                        "text": "1. 당사자 일방이 본 계약을 위반하여 상대방 당사자에게 손해를 발생시킨 경우, 귀책당사자는 그로 인한 상대방의 모든 손해를 배상하여야 한다.",
                        "type": null,
                        "rowId": null,
                        "cells": null
                    }
                ],
                "coordinate": null
            },
            {
                "id": 49,
                "type": "TEXT",
                "format_content": "1011AAC",
                "depth": 2,
                "sort_order": 44,
                "article": 12,
                "paragraph": 2,
                "subParagraph": null,
                "is_article_title": false,
                "content_labels": [
                    "1011022"
                ],
                "note": "",
                "name": null,
                "contents": [
                    {
                        "text": "2. “을”이 “갑” 아닌 법무법인, 법률사무소 등 제3자에게 법률용역을 의뢰하여 “갑”에 이익을 귀속시키지 않고 개인적으로 영리를 취한 경우, 해당 금원의 (@숫자)배를 위약벌로 배상한다.",
                        "type": null,
                        "rowId": null,
                        "cells": null
                    }
                ],
                "coordinate": null
            },
            {
                "id": 50,
                "type": "TEXT",
                "format_content": "1011AAC",
                "depth": 1,
                "sort_order": 45,
                "article": 13,
                "paragraph": null,
                "subParagraph": null,
                "is_article_title": true,
                "content_labels": [
                    "1011019"
                ],
                "note": "",
                "name": null,
                "contents": [
                    {
                        "text": "제13조 (미기재사항)",
                        "type": null,
                        "rowId": null,
                        "cells": null
                    }
                ],
                "coordinate": null
            },
            {
                "id": 51,
                "type": "TEXT",
                "format_content": "1011AAC",
                "depth": 2,
                "sort_order": 46,
                "article": 13,
                "paragraph": null,
                "subParagraph": null,
                "is_article_title": false,
                "content_labels": [
                    "1011019"
                ],
                "note": "",
                "name": null,
                "contents": [
                    {
                        "text": "본 계약서에 명시되지 않은 사항에 대해서는 관계 법령, 일반적인 상관례 및 한국 영화계의 관례에 따른다.",
                        "type": null,
                        "rowId": null,
                        "cells": null
                    }
                ],
                "coordinate": null
            },
            {
                "id": 53,
                "type": "TEXT",
                "format_content": "1011AAC",
                "depth": 1,
                "sort_order": 47,
                "article": 14,
                "paragraph": null,
                "subParagraph": null,
                "is_article_title": false,
                "content_labels": [
                    "1011003"
                ],
                "note": "",
                "name": null,
                "contents": [
                    {
                        "text": "제14조 (성과급)",
                        "type": null,
                        "rowId": null,
                        "cells": null
                    }
                ],
                "coordinate": null
            },
            {
                "id": 54,
                "type": "TEXT",
                "format_content": "1011AAC",
                "depth": 2,
                "sort_order": 48,
                "article": 14,
                "paragraph": 1,
                "subParagraph": null,
                "is_article_title": false,
                "content_labels": [
                    "1011003"
                ],
                "note": "",
                "name": null,
                "contents": [
                    {
                        "text": "① 사장의 성과급은 매년 사장의 경영실적 평가 결과와 공사의 경영실적 평가 결과를 감안하여 기획예산 처장관이 별도로 정하는 바에 따라 기본연봉의 200%를 한도로 지급하며 지급률은 다음과 같이 산출한다\n연간 성과급 ＝ 기본연봉 ×(종합 평가점수－70)÷30 ×200%\n※평가점수의 만점이 100이 아닌 경우에는 100으로 환산하고,\n70점이하인 경우는 계산하지 아니함",
                        "type": null,
                        "rowId": null,
                        "cells": null
                    }
                ],
                "coordinate": null
            },
            {
                "id": 57,
                "type": "TEXT",
                "format_content": "1011AAC",
                "depth": 2,
                "sort_order": 49,
                "article": 14,
                "paragraph": 2,
                "subParagraph": null,
                "is_article_title": false,
                "content_labels": [
                    "1011003"
                ],
                "note": "",
                "name": null,
                "contents": [
                    {
                        "text": "② 성과급 지급시기는 정부의 정부투자기관 경영실적 평가가 완료되는 시점이 속하는 월의 급여지급일에 지급함을 원칙으로 한다.",
                        "type": null,
                        "rowId": null,
                        "cells": null
                    }
                ],
                "coordinate": null
            },
            {
                "id": 58,
                "type": "TEXT",
                "format_content": "1011AAC",
                "depth": 2,
                "sort_order": 50,
                "article": 14,
                "paragraph": 3,
                "subParagraph": null,
                "is_article_title": false,
                "content_labels": [
                    "1011003"
                ],
                "note": "",
                "name": null,
                "contents": [
                    {
                        "text": "③ 사장이 기본법 제7조 제5항의 규정에 따라 경영실적이 저조하여 해임 되는 경우에는 해임일이 속하는 사업연도의 성과급을 지급하지 아니 한다.",
                        "type": null,
                        "rowId": null,
                        "cells": null
                    }
                ],
                "coordinate": null
            },
            {
                "id": 59,
                "type": "TEXT",
                "format_content": "1011AAC",
                "depth": 2,
                "sort_order": 51,
                "article": 14,
                "paragraph": 4,
                "subParagraph": null,
                "is_article_title": false,
                "content_labels": [
                    "1011003"
                ],
                "note": "",
                "name": null,
                "contents": [
                    {
                        "text": "④ 사장이 기본법 제7조 제5항에서 정한 사유 외의 사유로 사업연도 중에 퇴임 또는 취임하는경우에는 퇴임일 또는 취임일이 속하는 사업연도 의 성과급은 퇴임일까지 또는 임기개시일로부터 계산한 근무기간에 대하여 월할 계산하여 지급한다.",
                        "type": null,
                        "rowId": null,
                        "cells": null
                    }
                ],
                "coordinate": null
            },
            {
                "id": 60,
                "type": "TEXT",
                "format_content": "1011AAC",
                "depth": 2,
                "sort_order": 52,
                "article": 14,
                "paragraph": 5,
                "subParagraph": null,
                "is_article_title": false,
                "content_labels": [
                    "1011003"
                ],
                "note": "",
                "name": null,
                "contents": [
                    {
                        "text": "⑤ 공사는 사장이 사업연도 중에 퇴임한 경우에는 퇴임일로부터 1월 이 내에 해당 성과급을 지급함을 원칙으로 한다. 다만, 퇴임일이 속하는 사업 연도의 직전 사업연도에 대한 경영실적 평가가 종료되지 아니한 경 우 에는 직전 사업 연도에 대한 경영실적 평가가 종료된 날로부터 1월 이내에 지급한다.",
                        "type": null,
                        "rowId": null,
                        "cells": null
                    }
                ],
                "coordinate": null
            },
            {
                "id": 61,
                "type": "TEXT",
                "format_content": "1011AAC",
                "depth": 2,
                "sort_order": 53,
                "article": 14,
                "paragraph": 6,
                "subParagraph": null,
                "is_article_title": false,
                "content_labels": [
                    "1011003"
                ],
                "note": "",
                "name": null,
                "contents": [
                    {
                        "text": "⑥ 제4항 및 제5항의 규정에 따라 지급하여야 할 성과급은 사장이 이 계 약에 의하여 지급 받은 성과급이 있는 경우 에는 가장 최근의 성과급 지급률(제5항단서에 해당하는 경우에는퇴임일이 속하는 사업연도의 직전 사업연도에 대한 경영실적 평가에 따라 산정된 성과급\n지급률을 말 한다 )을 기준으로 계산하고 경영실적 평가를 받은 적이 없 음으로 인하 여성과급 지급금액을 산정할 수 없는 경우에는 기본연봉의 O%를 기 준으로 계산한다.",
                        "type": null,
                        "rowId": null,
                        "cells": null
                    }
                ],
                "coordinate": null
            },
            {
                "id": 62,
                "type": "TEXT",
                "format_content": "1011AAC",
                "depth": 1,
                "sort_order": 54,
                "article": 15,
                "paragraph": null,
                "subParagraph": null,
                "is_article_title": true,
                "content_labels": [
                    "1011003"
                ],
                "note": "",
                "name": null,
                "contents": [
                    {
                        "text": "제15조 (성과급지급 후의조정)",
                        "type": null,
                        "rowId": null,
                        "cells": null
                    }
                ],
                "coordinate": null
            },
            {
                "id": 63,
                "type": "TEXT",
                "format_content": "1011AAC",
                "depth": 2,
                "sort_order": 55,
                "article": 15,
                "paragraph": 1,
                "subParagraph": null,
                "is_article_title": false,
                "content_labels": [
                    "1011003"
                ],
                "note": "",
                "name": null,
                "contents": [
                    {
                        "text": "① 사장에게 성과급을 지급한 이후에 조세 환급, 오류의 발견 기타의 사유로 인하여 성과급 지급 금액을 변경하여야 할 경우에는 다음연도의 성과급 지급시에 이를 가감 조정한다.",
                        "type": null,
                        "rowId": null,
                        "cells": null
                    }
                ],
                "coordinate": null
            },
            {
                "id": 64,
                "type": "TEXT",
                "format_content": "1011AAC",
                "depth": 2,
                "sort_order": 56,
                "article": 15,
                "paragraph": 2,
                "subParagraph": null,
                "is_article_title": false,
                "content_labels": [
                    "1011003"
                ],
                "note": "",
                "name": null,
                "contents": [
                    {
                        "text": "② 사장이 중도에 퇴임하여 전항의 규정에 의한 성과급을 다음연도의 성과급에서 가감 지급할 수 없는 경우로서 가산 지급의 사유가 있는 경 우에는 공사가 퇴임한 사장에게 추가로 지급하고 감산 지급의 사유가 있는 경우에는 퇴임한 사장이 그 금액을 회사에 반환하여야 한다.",
                        "type": null,
                        "rowId": null,
                        "cells": null
                    }
                ],
                "coordinate": null
            },
            {
                "id": 67,
                "type": "TEXT",
                "format_content": "1011AAC",
                "depth": 1,
                "sort_order": 57,
                "article": 16,
                "paragraph": null,
                "subParagraph": null,
                "is_article_title": true,
                "content_labels": [
                    "1011003"
                ],
                "note": "",
                "name": null,
                "contents": [
                    {
                        "text": "제16조 (퇴직금)",
                        "type": null,
                        "rowId": null,
                        "cells": null
                    }
                ],
                "coordinate": null
            },
            {
                "id": 68,
                "type": "TEXT",
                "format_content": "1011AAC",
                "depth": 2,
                "sort_order": 58,
                "article": 16,
                "paragraph": 1,
                "subParagraph": null,
                "is_article_title": false,
                "content_labels": [
                    "1011003"
                ],
                "note": "",
                "name": null,
                "contents": [
                    {
                        "text": "① 퇴직금은 사장이 1년 이상 근속한 경우에 한하여 지급하며, 지급금액은 재임기간 1년에 대하여 1개 월분의 월평균보수로 한다.",
                        "type": null,
                        "rowId": null,
                        "cells": null
                    }
                ],
                "coordinate": null
            },
            {
                "id": 69,
                "type": "TEXT",
                "format_content": "1011AAC",
                "depth": 2,
                "sort_order": 59,
                "article": 16,
                "paragraph": 2,
                "subParagraph": null,
                "is_article_title": false,
                "content_labels": [
                    "1011003"
                ],
                "note": "",
                "name": null,
                "contents": [
                    {
                        "text": "② 퇴직금 지급의 기준이 되는 월평균보수는 사장이 재임시 지급 받은 기본연봉과 성과급을\n합한 금액을 재임한 개 월수로 나누어 산출한다.",
                        "type": null,
                        "rowId": null,
                        "cells": null
                    }
                ],
                "coordinate": null
            },
            {
                "id": 70,
                "type": "TEXT",
                "format_content": "1011AAC",
                "depth": 2,
                "sort_order": 60,
                "article": 16,
                "paragraph": 3,
                "subParagraph": null,
                "is_article_title": false,
                "content_labels": [
                    "1011003"
                ],
                "note": "",
                "name": null,
                "contents": [
                    {
                        "text": "③ 제1항의 재임기간을 계산함에 있어서 1년 미만에 대해서는 월할 계산 하되, 1개월 미만의 재임기간에 대해서는 재 임일수가 15일 이상인 경 우 1월로 계산하고 15일 미만인 경우에는 계산하지 아니한다.",
                        "type": null,
                        "rowId": null,
                        "cells": null
                    }
                ],
                "coordinate": null
            },
            {
                "id": 71,
                "type": "TEXT",
                "format_content": "1011AAC",
                "depth": 2,
                "sort_order": 61,
                "article": 16,
                "paragraph": 4,
                "subParagraph": null,
                "is_article_title": false,
                "content_labels": [
                    "1011019"
                ],
                "note": "",
                "name": null,
                "contents": [
                    {
                        "text": "④ 기타 퇴직금과 관련하여 이 계약에서 정하지 않은 사항은 회사의 관련 규정을 준용한다.",
                        "type": null,
                        "rowId": null,
                        "cells": null
                    }
                ],
                "coordinate": null
            },
            {
                "id": 72,
                "type": "TEXT",
                "format_content": "1011AAC",
                "depth": 2,
                "sort_order": 62,
                "article": 17,
                "paragraph": null,
                "subParagraph": null,
                "is_article_title": true,
                "content_labels": [
                    "1011033"
                ],
                "note": "",
                "name": null,
                "contents": [
                    {
                        "text": "제17조",
                        "type": null,
                        "rowId": null,
                        "cells": null
                    }
                ],
                "coordinate": null
            },
            {
                "id": 73,
                "type": "TEXT",
                "format_content": "1011AAC",
                "depth": 3,
                "sort_order": 63,
                "article": 17,
                "paragraph": null,
                "subParagraph": null,
                "is_article_title": false,
                "content_labels": [
                    "1011019"
                ],
                "note": "",
                "name": null,
                "contents": [
                    {
                        "text": "(복리후생등) 공사는 사장의 업무 수행에 필요한 차량, 주택, 보험 등의 편의를 제공할 수 있으며 이 계약에서 정하지 아니한 의료, 보건관리, 기타 비금전적인 복리후생 혜택은 공사의 관련 규정을 준용한다.",
                        "type": null,
                        "rowId": null,
                        "cells": null
                    }
                ],
                "coordinate": null
            },
            {
                "id": 74,
                "type": "TEXT",
                "format_content": "1011AAC",
                "depth": 0,
                "sort_order": 64,
                "article": null,
                "paragraph": null,
                "subParagraph": null,
                "is_article_title": false,
                "content_labels": [
                    "1011033"
                ],
                "note": "",
                "name": null,
                "contents": [
                    {
                        "text": "제 4 장 기 타",
                        "type": null,
                        "rowId": null,
                        "cells": null
                    }
                ],
                "coordinate": null
            },
            {
                "id": 75,
                "type": "TEXT",
                "format_content": "1011AAC",
                "depth": 1,
                "sort_order": 65,
                "article": 18,
                "paragraph": null,
                "subParagraph": null,
                "is_article_title": true,
                "content_labels": [
                    "1011023"
                ],
                "note": "",
                "name": null,
                "contents": [
                    {
                        "text": "제18조 (경영목표 및 계약내용의변경)",
                        "type": null,
                        "rowId": null,
                        "cells": null
                    }
                ],
                "coordinate": null
            },
            {
                "id": 76,
                "type": "TEXT",
                "format_content": "1011AAC",
                "depth": 2,
                "sort_order": 66,
                "article": 18,
                "paragraph": 1,
                "subParagraph": null,
                "is_article_title": false,
                "content_labels": [
                    "1011023"
                ],
                "note": "",
                "name": null,
                "contents": [
                    {
                        "text": "① 이 계약 체결 후 다음 각 호의 1에 해당하는 사유로 인하여 경영목표 및 계 약 내용의 변경이 불가피한 경우에는 산업자원부장관, 사장 또는 이사회의 요청으로 계약내용을 변경할 수 있다.",
                        "type": null,
                        "rowId": null,
                        "cells": null
                    }
                ],
                "coordinate": null
            },
            {
                "id": 78,
                "type": "TEXT",
                "format_content": "1011AAC",
                "depth": 3,
                "sort_order": 67,
                "article": 18,
                "paragraph": 1,
                "subParagraph": 1,
                "is_article_title": false,
                "content_labels": [
                    "1011023"
                ],
                "note": "",
                "name": null,
                "contents": [
                    {
                        "text": "1. 정부정책, 시장환경의 급격한 변화 등으로 경영목표를 변경해야 될 중 대한 사유가 발생하거나 발생이 명확하게 예상되는 경우",
                        "type": null,
                        "rowId": null,
                        "cells": null
                    }
                ],
                "coordinate": null
            },
            {
                "id": 79,
                "type": "TEXT",
                "format_content": "1011AAC",
                "depth": 3,
                "sort_order": 68,
                "article": 18,
                "paragraph": 1,
                "subParagraph": 2,
                "is_article_title": false,
                "content_labels": [
                    "1011023"
                ],
                "note": "",
                "name": null,
                "contents": [
                    {
                        "text": "2. 보수 등 계약내용에 관한 중대한 오류나 결함이 있다고 판단되거나, 여건변화로 변경이 필요하다고 상호 인정하는 경우",
                        "type": null,
                        "rowId": null,
                        "cells": null
                    }
                ],
                "coordinate": null
            },
            {
                "id": 80,
                "type": "TEXT",
                "format_content": "1011AAC",
                "depth": 2,
                "sort_order": 69,
                "article": 18,
                "paragraph": 2,
                "subParagraph": null,
                "is_article_title": false,
                "content_labels": [
                    "1011023"
                ],
                "note": "",
                "name": null,
                "contents": [
                    {
                        "text": "② 제1항에 의한 경영목표 및 계약내용의 변경은 비상임이사가 과반수 출석한 이사회의 의결을 거쳐 산업자원부장관 의 승인을 받아야 한다. 이 경우에는 제7조 제3항 및 제4항의 규정을 준용한다.",
                        "type": null,
                        "rowId": null,
                        "cells": null
                    }
                ],
                "coordinate": null
            },
            {
                "id": 81,
                "type": "TEXT",
                "format_content": "1011AAC",
                "depth": 2,
                "sort_order": 70,
                "article": 18,
                "paragraph": 3,
                "subParagraph": null,
                "is_article_title": false,
                "content_labels": [
                    "1011023"
                ],
                "note": "",
                "name": null,
                "contents": [
                    {
                        "text": "③ 공사와 사장은 계약내용이 변경된 경우 특별한 이유가 없는 한 승 인이 있은 날로부터 7일 이내에 변경계약을 체결 하고 그 결과를 기획예산 처장관에게 통보하여야 한다.",
                        "type": null,
                        "rowId": null,
                        "cells": null
                    }
                ],
                "coordinate": null
            },
            {
                "id": 82,
                "type": "TEXT",
                "format_content": "1011AAC",
                "depth": 1,
                "sort_order": 71,
                "article": 19,
                "paragraph": null,
                "subParagraph": null,
                "is_article_title": true,
                "content_labels": [
                    "1011003"
                ],
                "note": "",
                "name": null,
                "contents": [
                    {
                        "text": "제19조 (계약의 해석)",
                        "type": null,
                        "rowId": null,
                        "cells": null
                    }
                ],
                "coordinate": null
            },
            {
                "id": 83,
                "type": "TEXT",
                "format_content": "1011AAC",
                "depth": 2,
                "sort_order": 72,
                "article": 19,
                "paragraph": null,
                "subParagraph": null,
                "is_article_title": false,
                "content_labels": [
                    "1011003"
                ],
                "note": "",
                "name": null,
                "contents": [
                    {
                        "text": "이 계약의 용어 및 계약내용의 해석과 관련하여 공사 와 사장 상호간에 이견이 있는 경우에는 사장이 참석하지 아니한 이사회의 결정에 따른다. 이 경우 이사회에는 비상임이사가 과반수 출석하여야 하 며, 비상임이사 중 호선에 의하여 선출된 대표자가 이사회 의장을 맡는다.",
                        "type": null,
                        "rowId": null,
                        "cells": null
                    }
                ],
                "coordinate": null
            },
            {
                "id": 85,
                "type": "TEXT",
                "format_content": "1011AAC",
                "depth": 1,
                "sort_order": 73,
                "article": 20,
                "paragraph": null,
                "subParagraph": null,
                "is_article_title": true,
                "content_labels": [
                    "1011008"
                ],
                "note": "",
                "name": null,
                "contents": [
                    {
                        "text": "제20조 (권리의 귀속)",
                        "type": null,
                        "rowId": null,
                        "cells": null
                    }
                ],
                "coordinate": null
            },
            {
                "id": 86,
                "type": "TEXT",
                "format_content": "1011AAC",
                "depth": 2,
                "sort_order": 74,
                "article": 20,
                "paragraph": null,
                "subParagraph": null,
                "is_article_title": false,
                "content_labels": [
                    "1011008"
                ],
                "note": "",
                "name": null,
                "contents": [
                    {
                        "text": "사장이 재임기간 중 업무와 관련하여 개발한 발명품, 특허권, 등록상표, 아이디어 및 기타의 모든 지적재산권은 공사에 귀속되 며, 사장은 이와 관련된 어떠한 권리도 주장하지 못한다.",
                        "type": null,
                        "rowId": null,
                        "cells": null
                    }
                ],
                "coordinate": null
            },
            {
                "id": 88,
                "type": "TEXT",
                "format_content": "1011AAC",
                "depth": 1,
                "sort_order": 75,
                "article": 21,
                "paragraph": null,
                "subParagraph": null,
                "is_article_title": true,
                "content_labels": [
                    "1011003"
                ],
                "note": "",
                "name": null,
                "contents": [
                    {
                        "text": "제21조 (세금)",
                        "type": null,
                        "rowId": null,
                        "cells": null
                    }
                ],
                "coordinate": null
            },
            {
                "id": 89,
                "type": "TEXT",
                "format_content": "1011AAC",
                "depth": 2,
                "sort_order": 76,
                "article": 21,
                "paragraph": null,
                "subParagraph": null,
                "is_article_title": false,
                "content_labels": [
                    "1011003"
                ],
                "note": "",
                "name": null,
                "contents": [
                    {
                        "text": "사장에게 지급하는 모든 보수에 대하여 관련 법령에 따라 징수 하여야 하는 제반 세금과 공과금은 사장에게 지급되는 모든 보수에서 원 천징수한다.",
                        "type": null,
                        "rowId": null,
                        "cells": null
                    }
                ],
                "coordinate": null
            },
            {
                "id": 91,
                "type": "TEXT",
                "format_content": "1011AAC",
                "depth": 2,
                "sort_order": 77,
                "article": null,
                "paragraph": null,
                "subParagraph": null,
                "is_article_title": false,
                "content_labels": [
                    "1011033"
                ],
                "note": "",
                "name": null,
                "contents": [
                    {
                        "text": "제22조",
                        "type": null,
                        "rowId": null,
                        "cells": null
                    }
                ],
                "coordinate": null
            },
            {
                "id": 92,
                "type": "TEXT",
                "format_content": "1011AAC",
                "depth": 2,
                "sort_order": 78,
                "article": null,
                "paragraph": null,
                "subParagraph": null,
                "is_article_title": false,
                "content_labels": [
                    "1011027"
                ],
                "note": "",
                "name": null,
                "contents": [
                    {
                        "text": "(계약서의보관)   이 계약서는 2부를 작성하여 각 계약당사자가 1부 씩 보관한다.",
                        "type": null,
                        "rowId": null,
                        "cells": null
                    }
                ],
                "coordinate": null
            },
            {
                "id": 93,
                "type": "TEXT",
                "format_content": "1011AAC",
                "depth": 2,
                "sort_order": 79,
                "article": null,
                "paragraph": null,
                "subParagraph": null,
                "is_article_title": false,
                "content_labels": [
                    "1011033"
                ],
                "note": "",
                "name": null,
                "contents": [
                    {
                        "text": "부 칙",
                        "type": null,
                        "rowId": null,
                        "cells": null
                    }
                ],
                "coordinate": null
            },
            {
                "id": 94,
                "type": "TEXT",
                "format_content": "1011AAC",
                "depth": 1,
                "sort_order": 80,
                "article": 23,
                "paragraph": null,
                "subParagraph": null,
                "is_article_title": true,
                "content_labels": [
                    "1011003"
                ],
                "note": "",
                "name": null,
                "contents": [
                    {
                        "text": "제23조 (시행일)",
                        "type": null,
                        "rowId": null,
                        "cells": null
                    }
                ],
                "coordinate": null
            },
            {
                "id": 95,
                "type": "TEXT",
                "format_content": "1011AAC",
                "depth": 2,
                "sort_order": 81,
                "article": 23,
                "paragraph": null,
                "subParagraph": null,
                "is_article_title": false,
                "content_labels": [
                    "1011003"
                ],
                "note": "",
                "name": null,
                "contents": [
                    {
                        "text": "이 변경계약은 계약의 당사자가 이 계약서에 각각 서명 날 인한 날부터 시행한다.",
                        "type": null,
                        "rowId": null,
                        "cells": null
                    }
                ],
                "coordinate": null
            },
            {
                "id": 96,
                "type": "TEXT",
                "format_content": "1011AAC",
                "depth": 1,
                "sort_order": 82,
                "article": 24,
                "paragraph": null,
                "subParagraph": null,
                "is_article_title": true,
                "content_labels": [
                    "1011003"
                ],
                "note": "",
                "name": null,
                "contents": [
                    {
                        "text": "제24조 (경과조치)",
                        "type": null,
                        "rowId": null,
                        "cells": null
                    }
                ],
                "coordinate": null
            },
            {
                "id": 97,
                "type": "TEXT",
                "format_content": "1011AAC",
                "depth": 2,
                "sort_order": 83,
                "article": 24,
                "paragraph": null,
                "subParagraph": null,
                "is_article_title": false,
                "content_labels": [
                    "1011003",
                    "1011023"
                ],
                "note": "",
                "name": null,
                "contents": [
                    {
                        "text": "이 변경계약의 시행일이 속하는 월의 기본연봉은 종전의 계약에 의한 연간기본급과 이 계약에 의한 기본 연봉을 기준으로 일할 계산 하여 지급하며 일할 계산의 기준일은 20OO년 OO월 OO일로 한다.",
                        "type": null,
                        "rowId": null,
                        "cells": null
                    }
                ],
                "coordinate": null
            },
            {
                "id": 101,
                "type": "TEXT",
                "format_content": "1011AAC",
                "depth": 0,
                "sort_order": 84,
                "article": 24,
                "paragraph": null,
                "subParagraph": null,
                "is_article_title": false,
                "content_labels": [
                    "1011023"
                ],
                "note": "",
                "name": null,
                "contents": [
                    {
                        "text": "정부투자기관관리기본법과 한국전력공사 정관에 따라 비상임 이사를 대표하는 이사 OOO와 사장 OOO은 위 계약서의 모든 내용을 확인한 후 상호 합의에 의하여 이 변경경영계약을 체결함",
                        "type": null,
                        "rowId": null,
                        "cells": null
                    }
                ],
                "coordinate": null
            },
            {
                "id": 102,
                "type": "TEXT",
                "format_content": "1011AAE",
                "depth": 0,
                "sort_order": 85,
                "article": null,
                "paragraph": null,
                "subParagraph": null,
                "is_article_title": false,
                "content_labels": [
                    "1011028"
                ],
                "note": "",
                "name": null,
                "contents": [
                    {
                        "text": "20OO년 OO월 OO일",
                        "type": null,
                        "rowId": null,
                        "cells": null
                    }
                ],
                "coordinate": null
            },
            {
                "id": 103,
                "type": "TEXT",
                "format_content": "1011AAF",
                "depth": 0,
                "sort_order": 86,
                "article": null,
                "paragraph": null,
                "subParagraph": null,
                "is_article_title": false,
                "content_labels": [
                    "1011030"
                ],
                "note": "",
                "name": null,
                "contents": [
                    {
                        "text": "비 상 임 이 사 대표\nO O O 인",
                        "type": null,
                        "rowId": null,
                        "cells": null
                    }
                ],
                "coordinate": null
            },
            {
                "id": 104,
                "type": "TEXT",
                "format_content": "1011AAF",
                "depth": 0,
                "sort_order": 87,
                "article": null,
                "paragraph": null,
                "subParagraph": null,
                "is_article_title": false,
                "content_labels": [
                    "1011032"
                ],
                "note": "",
                "name": null,
                "contents": [
                    {
                        "text": "OOOOO 사장\nO O O 인",
                        "type": null,
                        "rowId": null,
                        "cells": null
                    }
                ],
                "coordinate": null
            }
        ]
    }
}