{
    "document": {
        "doc_type": "1011",
        "title": null,
        "status": 4,
        "is_hold": null,
        "page_count": 3,
        "sub_document_count": 47,
        "created_time": "2024-10-29T16:31:23.841",
        "main_category": null,
        "sub_category": null,
        "detail_category": null,
        "related_law": null,
        "purpose": null,
        "use_case": null,
        "sub_documents": [
            {
                "id": 1,
                "type": "TEXT",
                "format_content": "1011AAA",
                "depth": 0,
                "sort_order": 1,
                "article": null,
                "paragraph": null,
                "subParagraph": null,
                "is_article_title": false,
                "content_labels": [
                    "1011033"
                ],
                "note": "",
                "name": null,
                "contents": [
                    {
                        "text": "번역작업 프리랜서계약서",
                        "type": null,
                        "rowId": null,
                        "cells": null
                    }
                ],
                "coordinate": null
            },
            {
                "id": 2,
                "type": "TEXT",
                "format_content": "1011AAB",
                "depth": 0,
                "sort_order": 2,
                "article": null,
                "paragraph": null,
                "subParagraph": null,
                "is_article_title": false,
                "content_labels": [
                    "1011001"
                ],
                "note": "",
                "name": null,
                "contents": [
                    {
                        "text": "출판사 (주) (이하 “갑”이라 칭한다)와 번역가 (이하 “을”이라 칭한다)는 상호간에 다음과 같이 번역작업 프리랜서 계약을 체결한다.",
                        "type": null,
                        "rowId": null,
                        "cells": null
                    }
                ],
                "coordinate": null
            },
            {
                "id": 4,
                "type": "TEXT",
                "format_content": "1011AAC",
                "depth": 0,
                "sort_order": 3,
                "article": 1,
                "paragraph": null,
                "subParagraph": null,
                "is_article_title": true,
                "content_labels": [
                    "1011002"
                ],
                "note": "",
                "name": null,
                "contents": [
                    {
                        "text": "제1조 (목적)",
                        "type": null,
                        "rowId": null,
                        "cells": null
                    }
                ],
                "coordinate": null
            },
            {
                "id": 5,
                "type": "TEXT",
                "format_content": "1011AAC",
                "depth": 1,
                "sort_order": 4,
                "article": 1,
                "paragraph": null,
                "subParagraph": null,
                "is_article_title": false,
                "content_labels": [
                    "1011002"
                ],
                "note": "",
                "name": null,
                "contents": [
                    {
                        "text": "본 계약은 “갑”이 수입 출판하고자 하는 서적의 번역작업을 “을”이 프리랜서로서 대필하는 제반 권리의무 사항의 규율을 목적으로 한다.",
                        "type": null,
                        "rowId": null,
                        "cells": null
                    }
                ],
                "coordinate": null
            },
            {
                "id": 7,
                "type": "TEXT",
                "format_content": "1011AAC",
                "depth": 0,
                "sort_order": 5,
                "article": 2,
                "paragraph": null,
                "subParagraph": null,
                "is_article_title": false,
                "content_labels": [
                    "1011003"
                ],
                "note": "",
                "name": null,
                "contents": [
                    {
                        "text": "제2조 (번역분야)",
                        "type": null,
                        "rowId": null,
                        "cells": null
                    }
                ],
                "coordinate": null
            },
            {
                "id": 8,
                "type": "TEXT",
                "format_content": "1011AAC",
                "depth": 1,
                "sort_order": 6,
                "article": 2,
                "paragraph": null,
                "subParagraph": null,
                "is_article_title": false,
                "content_labels": [
                    "1011003"
                ],
                "note": "",
                "name": null,
                "contents": [
                    {
                        "text": "“을”은 언어를 한국어로 번역하는 작업을 수행하며 주된 번역의 영역은 분야로 한정한다.",
                        "type": null,
                        "rowId": null,
                        "cells": null
                    }
                ],
                "coordinate": null
            },
            {
                "id": 10,
                "type": "TEXT",
                "format_content": "1011AAC",
                "depth": 0,
                "sort_order": 7,
                "article": 3,
                "paragraph": null,
                "subParagraph": null,
                "is_article_title": false,
                "content_labels": [
                    "1011007"
                ],
                "note": "",
                "name": null,
                "contents": [
                    {
                        "text": "제3조 (번역비)",
                        "type": null,
                        "rowId": null,
                        "cells": null
                    }
                ],
                "coordinate": null
            },
            {
                "id": 11,
                "type": "TEXT",
                "format_content": "1011AAC",
                "depth": 1,
                "sort_order": 8,
                "article": 3,
                "paragraph": 1,
                "subParagraph": null,
                "is_article_title": false,
                "content_labels": [
                    "1011007"
                ],
                "note": "",
                "name": null,
                "contents": [
                    {
                        "text": "1. 번역비는 A4 1장당 일금 원정(\\ )으로 책정하며 다만 글자의 폰트는 으로 한다.",
                        "type": null,
                        "rowId": null,
                        "cells": null
                    }
                ],
                "coordinate": null
            },
            {
                "id": 13,
                "type": "TEXT",
                "format_content": "1011AAC",
                "depth": 1,
                "sort_order": 9,
                "article": 3,
                "paragraph": 2,
                "subParagraph": null,
                "is_article_title": false,
                "content_labels": [
                    "1011007"
                ],
                "note": "",
                "name": null,
                "contents": [
                    {
                        "text": "2. “갑”은 본 계약 체결과 동시에 번역비의 일부로서 일금 원정(\\ )을 선지급 하며 번역의 완료와 동시에 “갑”의 감수 종료 즉시 잔금 일금 원정(\\ )을 지급하도록 한다.",
                        "type": null,
                        "rowId": null,
                        "cells": null
                    }
                ],
                "coordinate": null
            },
            {
                "id": 17,
                "type": "TEXT",
                "format_content": "1011AAC",
                "depth": 1,
                "sort_order": 10,
                "article": 3,
                "paragraph": 3,
                "subParagraph": null,
                "is_article_title": false,
                "content_labels": [
                    "1011007"
                ],
                "note": "",
                "name": null,
                "contents": [
                    {
                        "text": "3. 제2항의 감수는 일을 경과하여서는 아니되며 동 기일이 경과한 경우 아무 통지가 없을 시 자동으로 감수통과로 보고 잔금을 지급하도록 한다.",
                        "type": null,
                        "rowId": null,
                        "cells": null
                    }
                ],
                "coordinate": null
            },
            {
                "id": 18,
                "type": "TEXT",
                "format_content": "1011AAC",
                "depth": 0,
                "sort_order": 11,
                "article": 4,
                "paragraph": null,
                "subParagraph": null,
                "is_article_title": true,
                "content_labels": [
                    "1011018"
                ],
                "note": "",
                "name": null,
                "contents": [
                    {
                        "text": "제4조 (기일준수)",
                        "type": null,
                        "rowId": null,
                        "cells": null
                    }
                ],
                "coordinate": null
            },
            {
                "id": 19,
                "type": "TEXT",
                "format_content": "1011AAC",
                "depth": 1,
                "sort_order": 12,
                "article": 4,
                "paragraph": null,
                "subParagraph": null,
                "is_article_title": false,
                "content_labels": [
                    "1011018"
                ],
                "note": "",
                "name": null,
                "contents": [
                    {
                        "text": "“을”은 “갑”이 의뢰한 번역 종료일을 준수하여 “갑”의 출판일정에 차질이 발생하지 않도록 하여야 한다.",
                        "type": null,
                        "rowId": null,
                        "cells": null
                    }
                ],
                "coordinate": null
            },
            {
                "id": 21,
                "type": "TEXT",
                "format_content": "1011AAC",
                "depth": 0,
                "sort_order": 13,
                "article": 5,
                "paragraph": null,
                "subParagraph": null,
                "is_article_title": true,
                "content_labels": [
                    "1011015"
                ],
                "note": "",
                "name": null,
                "contents": [
                    {
                        "text": "제5조 (업무협조)",
                        "type": null,
                        "rowId": null,
                        "cells": null
                    }
                ],
                "coordinate": null
            },
            {
                "id": 22,
                "type": "TEXT",
                "format_content": "1011AAC",
                "depth": 1,
                "sort_order": 14,
                "article": 5,
                "paragraph": 1,
                "subParagraph": null,
                "is_article_title": false,
                "content_labels": [
                    "1011015"
                ],
                "note": "",
                "name": null,
                "contents": [
                    {
                        "text": "1. “을”은 “갑”과 항시적 업무연락 체제를 갖추어서 작업의 원활한 진행이 이루어지도록 한다.",
                        "type": null,
                        "rowId": null,
                        "cells": null
                    }
                ],
                "coordinate": null
            },
            {
                "id": 23,
                "type": "TEXT",
                "format_content": "1011AAC",
                "depth": 1,
                "sort_order": 15,
                "article": 5,
                "paragraph": 2,
                "subParagraph": null,
                "is_article_title": false,
                "content_labels": [
                    "1011015"
                ],
                "note": "",
                "name": null,
                "contents": [
                    {
                        "text": "2. “갑”은 필요한 경우 “을”에 대해 일정한 작업의 형식 및 디자인 유형을 제시할 수 있고 “을”은 이를 존중하고 사이트의 특성에 적합한 디자인 제작을 하여야 한다.",
                        "type": null,
                        "rowId": null,
                        "cells": null
                    }
                ],
                "coordinate": null
            },
            {
                "id": 24,
                "type": "TEXT",
                "format_content": "1011AAC",
                "depth": 0,
                "sort_order": 16,
                "article": 6,
                "paragraph": null,
                "subParagraph": null,
                "is_article_title": true,
                "content_labels": [
                    "1011023"
                ],
                "note": "",
                "name": null,
                "contents": [
                    {
                        "text": "제6조 (계약 변경)",
                        "type": null,
                        "rowId": null,
                        "cells": null
                    }
                ],
                "coordinate": null
            },
            {
                "id": 25,
                "type": "TEXT",
                "format_content": "1011AAC",
                "depth": 1,
                "sort_order": 17,
                "article": 6,
                "paragraph": null,
                "subParagraph": null,
                "is_article_title": false,
                "content_labels": [
                    "1011023"
                ],
                "note": "",
                "name": null,
                "contents": [
                    {
                        "text": "계약당사자 전원의 서면 합의에 의하지 아니하고는 본 계약의 내용을 변경할 수 없다.",
                        "type": null,
                        "rowId": null,
                        "cells": null
                    }
                ],
                "coordinate": null
            },
            {
                "id": 26,
                "type": "TEXT",
                "format_content": "1011AAC",
                "depth": 0,
                "sort_order": 18,
                "article": 7,
                "paragraph": null,
                "subParagraph": null,
                "is_article_title": true,
                "content_labels": [
                    "1011023"
                ],
                "note": "",
                "name": null,
                "contents": [
                    {
                        "text": "제7조 (작업장)",
                        "type": null,
                        "rowId": null,
                        "cells": null
                    }
                ],
                "coordinate": null
            },
            {
                "id": 27,
                "type": "TEXT",
                "format_content": "1011AAC",
                "depth": 1,
                "sort_order": 19,
                "article": 7,
                "paragraph": null,
                "subParagraph": null,
                "is_article_title": false,
                "content_labels": [
                    "1011023"
                ],
                "note": "",
                "name": null,
                "contents": [
                    {
                        "text": "“을”은 재택근무를 원칙으로하며 “갑”이 요청한 경우 “갑”의 사업장을 방문하여 관련 작업을 진행할 수 있으나, “갑”은 소요 교통비 및 식비를 선지급 하여야 한다.",
                        "type": null,
                        "rowId": null,
                        "cells": null
                    }
                ],
                "coordinate": null
            },
            {
                "id": 28,
                "type": "TEXT",
                "format_content": "1011AAC",
                "depth": 0,
                "sort_order": 20,
                "article": 8,
                "paragraph": null,
                "subParagraph": null,
                "is_article_title": true,
                "content_labels": [
                    "1011014"
                ],
                "note": "",
                "name": null,
                "contents": [
                    {
                        "text": "제8조 (비밀유지)",
                        "type": null,
                        "rowId": null,
                        "cells": null
                    }
                ],
                "coordinate": null
            },
            {
                "id": 29,
                "type": "TEXT",
                "format_content": "1011AAC",
                "depth": 1,
                "sort_order": 21,
                "article": 8,
                "paragraph": null,
                "subParagraph": null,
                "is_article_title": false,
                "content_labels": [
                    "1011014"
                ],
                "note": "",
                "name": null,
                "contents": [
                    {
                        "text": "“을”은 번역물에 대하여 일체 제3자에게 여하한 이유로도 누설을 하여서는 아니되며 유출에 따른 모든 손해를 “갑”에게 배상하여야 한다.",
                        "type": null,
                        "rowId": null,
                        "cells": null
                    }
                ],
                "coordinate": null
            },
            {
                "id": 30,
                "type": "TEXT",
                "format_content": "1011AAC",
                "depth": 0,
                "sort_order": 22,
                "article": 9,
                "paragraph": null,
                "subParagraph": null,
                "is_article_title": true,
                "content_labels": [
                    "1011022"
                ],
                "note": "",
                "name": null,
                "contents": [
                    {
                        "text": "제9조 (손해배상)",
                        "type": null,
                        "rowId": null,
                        "cells": null
                    }
                ],
                "coordinate": null
            },
            {
                "id": 31,
                "type": "TEXT",
                "format_content": "1011AAC",
                "depth": 1,
                "sort_order": 23,
                "article": 9,
                "paragraph": null,
                "subParagraph": null,
                "is_article_title": false,
                "content_labels": [
                    "1011022"
                ],
                "note": "",
                "name": null,
                "contents": [
                    {
                        "text": "1. 당사자 일방이 본 계약을 위반하여 상대방 당사자에게 손해를 발생시킨 경우, 귀책당사자는 그로 인한 상대방의 모든 손해를 배상하여야 한다.",
                        "type": null,
                        "rowId": null,
                        "cells": null
                    }
                ],
                "coordinate": null
            },
            {
                "id": 32,
                "type": "TEXT",
                "format_content": "1011AAC",
                "depth": 1,
                "sort_order": 24,
                "article": 9,
                "paragraph": 2,
                "subParagraph": null,
                "is_article_title": false,
                "content_labels": [
                    "1011022"
                ],
                "note": "",
                "name": null,
                "contents": [
                    {
                        "text": "2. “을”이 “갑” 아닌 법무법인, 법률사무소 등 제3자에게 법률용역을 의뢰하여 “갑”에 이익을 귀속시키지 않고 개인적으로 영리를 취한 경우, 해당 금원의 2배를 위약벌로 배상한다.",
                        "type": null,
                        "rowId": null,
                        "cells": null
                    }
                ],
                "coordinate": null
            },
            {
                "id": 33,
                "type": "TEXT",
                "format_content": "1011AAC",
                "depth": 0,
                "sort_order": 25,
                "article": 10,
                "paragraph": null,
                "subParagraph": null,
                "is_article_title": true,
                "content_labels": [
                    "1011010"
                ],
                "note": "",
                "name": null,
                "contents": [
                    {
                        "text": "제10조 (작업종료)",
                        "type": null,
                        "rowId": null,
                        "cells": null
                    }
                ],
                "coordinate": null
            },
            {
                "id": 34,
                "type": "TEXT",
                "format_content": "1011AAC",
                "depth": 1,
                "sort_order": 26,
                "article": 10,
                "paragraph": 1,
                "subParagraph": null,
                "is_article_title": false,
                "content_labels": [
                    "1011010"
                ],
                "note": "",
                "name": null,
                "contents": [
                    {
                        "text": "1. “을”은 작업 종료 시 당해 번역물을 한글문서로 작성하여 “갑”에게 이메일 전송하도록 한다.",
                        "type": null,
                        "rowId": null,
                        "cells": null
                    }
                ],
                "coordinate": null
            },
            {
                "id": 35,
                "type": "TEXT",
                "format_content": "1011AAC",
                "depth": 1,
                "sort_order": 27,
                "article": 10,
                "paragraph": 2,
                "subParagraph": null,
                "is_article_title": false,
                "content_labels": [
                    "1011010"
                ],
                "note": "",
                "name": null,
                "contents": [
                    {
                        "text": "2. “을”은 “갑”이 감수 후 수정사항을 요구할 경우 즉시 당해 부분의 수정작업을 하여 “갑”에게 전송한다.",
                        "type": null,
                        "rowId": null,
                        "cells": null
                    }
                ],
                "coordinate": null
            },
            {
                "id": 36,
                "type": "TEXT",
                "format_content": "1011AAC",
                "depth": 0,
                "sort_order": 28,
                "article": 11,
                "paragraph": null,
                "subParagraph": null,
                "is_article_title": true,
                "content_labels": [
                    "1011033"
                ],
                "note": "",
                "name": null,
                "contents": [
                    {
                        "text": "제11조 (성명명시 등)",
                        "type": null,
                        "rowId": null,
                        "cells": null
                    }
                ],
                "coordinate": null
            },
            {
                "id": 37,
                "type": "TEXT",
                "format_content": "1011AAC",
                "depth": 1,
                "sort_order": 29,
                "article": 11,
                "paragraph": 1,
                "subParagraph": null,
                "is_article_title": false,
                "content_labels": [
                    "1011033"
                ],
                "note": "",
                "name": null,
                "contents": [
                    {
                        "text": "1. “갑”은 번역 도서에 대하여 출판 관행에 따른 “을”의 성명 명시 등의 조치를 취하여야 한다.",
                        "type": null,
                        "rowId": null,
                        "cells": null
                    }
                ],
                "coordinate": null
            },
            {
                "id": 38,
                "type": "TEXT",
                "format_content": "1011AAC",
                "depth": 1,
                "sort_order": 30,
                "article": 11,
                "paragraph": 2,
                "subParagraph": null,
                "is_article_title": false,
                "content_labels": [
                    "1011033"
                ],
                "note": "",
                "name": null,
                "contents": [
                    {
                        "text": "2. “갑”은 출판물에 대하여 “을”에게 무상으로     권을 증정하며 당해 증정권 이외의 부수에 대하여는 시중 판매가격 보다     % 할인된 가격으로 공급한다.",
                        "type": null,
                        "rowId": null,
                        "cells": null
                    }
                ],
                "coordinate": null
            },
            {
                "id": 39,
                "type": "TEXT",
                "format_content": "1011AAC",
                "depth": 0,
                "sort_order": 31,
                "article": 12,
                "paragraph": null,
                "subParagraph": null,
                "is_article_title": true,
                "content_labels": [
                    "1011006"
                ],
                "note": "",
                "name": null,
                "contents": [
                    {
                        "text": "제12조 (계약기간)",
                        "type": null,
                        "rowId": null,
                        "cells": null
                    }
                ],
                "coordinate": null
            },
            {
                "id": 40,
                "type": "TEXT",
                "format_content": "1011AAC",
                "depth": 1,
                "sort_order": 32,
                "article": 12,
                "paragraph": null,
                "subParagraph": null,
                "is_article_title": false,
                "content_labels": [
                    "1011006"
                ],
                "note": "",
                "name": null,
                "contents": [
                    {
                        "text": "본 계약은         년     월     일부터         년     월     일까지     년간 효력을 발휘하여 존속한다. 다만, 기간의 만료     일 이전에 어느 일방이 계약의 종료를 서면으로 통지 하지 아니하는 경우에는 동일한 기간으로 계약은 자동연장된다.",
                        "type": null,
                        "rowId": null,
                        "cells": null
                    }
                ],
                "coordinate": null
            },
            {
                "id": 42,
                "type": "TEXT",
                "format_content": "1011AAC",
                "depth": 0,
                "sort_order": 33,
                "article": 13,
                "paragraph": null,
                "subParagraph": null,
                "is_article_title": true,
                "content_labels": [
                    "1011010"
                ],
                "note": "",
                "name": null,
                "contents": [
                    {
                        "text": "제13조 (해지)",
                        "type": null,
                        "rowId": null,
                        "cells": null
                    }
                ],
                "coordinate": null
            },
            {
                "id": 43,
                "type": "TEXT",
                "format_content": "1011AAC",
                "depth": 1,
                "sort_order": 34,
                "article": 13,
                "paragraph": 1,
                "subParagraph": null,
                "is_article_title": false,
                "content_labels": [
                    "1011010"
                ],
                "note": "",
                "name": null,
                "contents": [
                    {
                        "text": "1. \"갑\"은 “을”이 정당한 이유없이 작업 진행을 하지 않거나 작업수행 중이라도 해당 기간 내에 작업완료가 불가능하다고 판단될 때 본 계약을 해지할 수 있다.",
                        "type": null,
                        "rowId": null,
                        "cells": null
                    }
                ],
                "coordinate": null
            },
            {
                "id": 44,
                "type": "TEXT",
                "format_content": "1011AAC",
                "depth": 1,
                "sort_order": 35,
                "article": 13,
                "paragraph": 2,
                "subParagraph": null,
                "is_article_title": false,
                "content_labels": [
                    "1011022"
                ],
                "note": "",
                "name": null,
                "contents": [
                    {
                        "text": "2. \"을\"의 귀책사유로 인하여 납기 지연 등 본 계약이 불이행 되었을 경우 \"을\"은 손해배상의 책임을 진다.",
                        "type": null,
                        "rowId": null,
                        "cells": null
                    }
                ],
                "coordinate": null
            },
            {
                "id": 45,
                "type": "TEXT",
                "format_content": "1011AAC",
                "depth": 0,
                "sort_order": 36,
                "article": 14,
                "paragraph": null,
                "subParagraph": null,
                "is_article_title": true,
                "content_labels": [
                    "1011033"
                ],
                "note": "",
                "name": null,
                "contents": [
                    {
                        "text": "제14조 (기타사항)",
                        "type": null,
                        "rowId": null,
                        "cells": null
                    }
                ],
                "coordinate": null
            },
            {
                "id": 46,
                "type": "TEXT",
                "format_content": "1011AAC",
                "depth": 1,
                "sort_order": 37,
                "article": 14,
                "paragraph": 1,
                "subParagraph": null,
                "is_article_title": false,
                "content_labels": [
                    "1011033"
                ],
                "note": "",
                "name": null,
                "contents": [
                    {
                        "text": "1. 계약의 당사자는 본 계약의 내용을 신의성실에 의거하여 준수하여야 한다.",
                        "type": null,
                        "rowId": null,
                        "cells": null
                    }
                ],
                "coordinate": null
            },
            {
                "id": 47,
                "type": "TEXT",
                "format_content": "1011AAC",
                "depth": 1,
                "sort_order": 38,
                "article": 14,
                "paragraph": 2,
                "subParagraph": null,
                "is_article_title": false,
                "content_labels": [
                    "1011019"
                ],
                "note": "",
                "name": null,
                "contents": [
                    {
                        "text": "2. 본 계약서에서 명시되지 않은 부분에 대하여는 취업규칙 및 단체협약에 따르고, 정해지지 않은 사항에 대해서는 근로기준법 등 노동관계 법령에 따른다.",
                        "type": null,
                        "rowId": null,
                        "cells": null
                    }
                ],
                "coordinate": null
            },
            {
                "id": 49,
                "type": "TEXT",
                "format_content": "1011AAC",
                "depth": 0,
                "sort_order": 39,
                "article": 15,
                "paragraph": null,
                "subParagraph": null,
                "is_article_title": true,
                "content_labels": [
                    "1011025"
                ],
                "note": "",
                "name": null,
                "contents": [
                    {
                        "text": "제15조 (분쟁해결)",
                        "type": null,
                        "rowId": null,
                        "cells": null
                    }
                ],
                "coordinate": null
            },
            {
                "id": 50,
                "type": "TEXT",
                "format_content": "1011AAC",
                "depth": 1,
                "sort_order": 40,
                "article": 15,
                "paragraph": null,
                "subParagraph": null,
                "is_article_title": false,
                "content_labels": [
                    "1011018"
                ],
                "note": "",
                "name": null,
                "contents": [
                    {
                        "text": "1. 본 계약과 관련하여 양 당사자간의 분쟁이 발생한 경우, 원칙적으로 “갑”과 “을” 상호간의 합의에 의해 해결한다.",
                        "type": null,
                        "rowId": null,
                        "cells": null
                    }
                ],
                "coordinate": null
            },
            {
                "id": 51,
                "type": "TEXT",
                "format_content": "1011AAC",
                "depth": 1,
                "sort_order": 41,
                "article": 15,
                "paragraph": 2,
                "subParagraph": null,
                "is_article_title": false,
                "content_labels": [
                    "1011025"
                ],
                "note": "",
                "name": null,
                "contents": [
                    {
                        "text": "2. 제1항에도 불구하고 분쟁이 해결되지 않을 경우 “갑”의 주소지 관할 지방법원을 그 관할로 하여 재판함으로써 해결한다.",
                        "type": null,
                        "rowId": null,
                        "cells": null
                    }
                ],
                "coordinate": null
            },
            {
                "id": 52,
                "type": "TEXT",
                "format_content": "1011AAC",
                "depth": 0,
                "sort_order": 42,
                "article": 16,
                "paragraph": null,
                "subParagraph": null,
                "is_article_title": true,
                "content_labels": [
                    "1011033"
                ],
                "note": "",
                "name": null,
                "contents": [
                    {
                        "text": "제16조 (특약사항)",
                        "type": null,
                        "rowId": null,
                        "cells": null
                    }
                ],
                "coordinate": null
            },
            {
                "id": 53,
                "type": "TEXT",
                "format_content": "1011AAC",
                "depth": 1,
                "sort_order": 43,
                "article": 16,
                "paragraph": null,
                "subParagraph": null,
                "is_article_title": false,
                "content_labels": [
                    "1011033"
                ],
                "note": "",
                "name": null,
                "contents": [
                    {
                        "text": "상기 계약일반사항 이외에 “갑”과 “을”은 아래 내용을 특약사항으로 정하며, 특약사항이 본문과 상충되는 경우에는 특약사항이 우선하여 적용된다.",
                        "type": null,
                        "rowId": null,
                        "cells": null
                    }
                ],
                "coordinate": null
            },
            {
                "id": 55,
                "type": "TEXT",
                "format_content": "1011AAD",
                "depth": 1,
                "sort_order": 44,
                "article": null,
                "paragraph": null,
                "subParagraph": null,
                "is_article_title": false,
                "content_labels": [
                    "1011027"
                ],
                "note": "",
                "name": null,
                "contents": [
                    {
                        "text": "위와 같이 본 계약이 유효하게 성립하였음을 각 당사자는 증명하면서 본 계약서 2통을 작성하여, 각각 서명(또는 기명)날인 후 “갑”과 “을”이 각각 1통씩을 보관한다.",
                        "type": null,
                        "rowId": null,
                        "cells": null
                    }
                ],
                "coordinate": null
            },
            {
                "id": 56,
                "type": "TEXT",
                "format_content": "1011AAE",
                "depth": 1,
                "sort_order": 45,
                "article": null,
                "paragraph": null,
                "subParagraph": null,
                "is_article_title": false,
                "content_labels": [
                    "1011028"
                ],
                "note": "",
                "name": null,
                "contents": [
                    {
                        "text": "년 월 일",
                        "type": null,
                        "rowId": null,
                        "cells": null
                    }
                ],
                "coordinate": null
            },
            {
                "id": 58,
                "type": "TEXT",
                "format_content": "1011AAF",
                "depth": 1,
                "sort_order": 46,
                "article": null,
                "paragraph": null,
                "subParagraph": null,
                "is_article_title": false,
                "content_labels": [
                    "1011029",
                    "1011030"
                ],
                "note": "",
                "name": null,
                "contents": [
                    {
                        "text": "(“갑”)\n상호 : (주)\n주소 : 시 구 동\n번지\n대표이사 : (인)",
                        "type": null,
                        "rowId": null,
                        "cells": null
                    }
                ],
                "coordinate": null
            },
            {
                "id": 59,
                "type": "TEXT",
                "format_content": "1011AAF",
                "depth": null,
                "sort_order": 47,
                "article": null,
                "paragraph": null,
                "subParagraph": null,
                "is_article_title": false,
                "content_labels": [
                    "1011031",
                    "1011032"
                ],
                "note": "",
                "name": null,
                "contents": [
                    {
                        "text": "(“을”)\n주민번호 :\n주소 : 시 구 동\n번지\n성명 : (인)",
                        "type": null,
                        "rowId": null,
                        "cells": null
                    }
                ],
                "coordinate": null
            }
        ]
    }
}