{
    "document": {
        "doc_type": "1011",
        "title": null,
        "status": 4,
        "is_hold": null,
        "page_count": 8,
        "sub_document_count": 106,
        "created_time": "2024-10-29T17:08:46.746",
        "main_category": null,
        "sub_category": null,
        "detail_category": null,
        "related_law": null,
        "purpose": null,
        "use_case": null,
        "sub_documents": [
            {
                "id": 1,
                "type": "TEXT",
                "format_content": "1011AAA",
                "depth": 0,
                "sort_order": 1,
                "article": null,
                "paragraph": null,
                "subParagraph": null,
                "is_article_title": false,
                "content_labels": [
                    "1011033"
                ],
                "note": "",
                "name": null,
                "contents": [
                    {
                        "text": "전  속  계  약  서",
                        "type": null,
                        "rowId": null,
                        "cells": null
                    }
                ],
                "coordinate": null
            },
            {
                "id": 2,
                "type": "TEXT",
                "format_content": "1011AAB",
                "depth": 0,
                "sort_order": 2,
                "article": null,
                "paragraph": null,
                "subParagraph": null,
                "is_article_title": false,
                "content_labels": [
                    "1011001"
                ],
                "note": "",
                "name": null,
                "contents": [
                    {
                        "text": "갑 : (@회사명1) 주식회사 대표이사 (@성명1)\n을 : (@성명2)\n<(@회사명1) 주식회사> (이하 ‘갑’이라 한다)와 아티스트 (@성명2)(이하 ‘을’이라 한다)은 다음과 같이 전속계약을 체결하고 성실히 이행하기로 상호 간에 합의한다.",
                        "type": null,
                        "rowId": null,
                        "cells": null
                    }
                ],
                "coordinate": null
            },
            {
                "id": 5,
                "type": "TEXT",
                "format_content": "1011AAC",
                "depth": 1,
                "sort_order": 3,
                "article": 1,
                "paragraph": null,
                "subParagraph": null,
                "is_article_title": true,
                "content_labels": [
                    "1011002"
                ],
                "note": "",
                "name": null,
                "contents": [
                    {
                        "text": "제1조 : 계약의 목적",
                        "type": null,
                        "rowId": null,
                        "cells": null
                    }
                ],
                "coordinate": null
            },
            {
                "id": 7,
                "type": "TEXT",
                "format_content": "1011AAC",
                "depth": 2,
                "sort_order": 4,
                "article": 1,
                "paragraph": 1,
                "subParagraph": null,
                "is_article_title": false,
                "content_labels": [
                    "1011002"
                ],
                "note": "",
                "name": null,
                "contents": [
                    {
                        "text": "1)본 계약은 계약기간 동안 ‘을’이 국내 및 해외에서 ‘갑’의 전속 아티스트로 활동하고, ‘갑’은 ‘을’의 연예활동을 지원하되, ‘을’의 연예활동 관련 계약에 대한 교섭 및 체결의 독점적 권한을 ‘갑’에게 위임하고, ‘갑’과 ‘을’ 상호 간에 ‘을’의 연예활동에서 발생하는 수익 및 권리를 분배함을 그 목적으로 한다.",
                        "type": null,
                        "rowId": null,
                        "cells": null
                    }
                ],
                "coordinate": null
            },
            {
                "id": 8,
                "type": "TEXT",
                "format_content": "1011AAC",
                "depth": 2,
                "sort_order": 5,
                "article": 1,
                "paragraph": 2,
                "subParagraph": null,
                "is_article_title": false,
                "content_labels": [
                    "1011002"
                ],
                "note": "",
                "name": null,
                "contents": [
                    {
                        "text": "2)연예활동이라 함은 국내와 해외를 불문하고 ‘을’의 대중문화예술인으로서의 활동 일체, ‘을’이 대중문화예술인으로서 보유한 지적재산권, 초상권, 퍼블리시티권과 관련한 영리 및 비영리 활동 일체, 위 활동의 준비행위 및 부수행위 일체를 의미하며, 다음 사항을 포함한다.\n(@구체적 사실)",
                        "type": null,
                        "rowId": null,
                        "cells": null
                    }
                ],
                "coordinate": null
            },
            {
                "id": 9,
                "type": "TEXT",
                "format_content": "1011AAC",
                "depth": 1,
                "sort_order": 6,
                "article": 2,
                "paragraph": null,
                "subParagraph": null,
                "is_article_title": true,
                "content_labels": [
                    "1011003"
                ],
                "note": "",
                "name": null,
                "contents": [
                    {
                        "text": "제2조 : 계약의 내용",
                        "type": null,
                        "rowId": null,
                        "cells": null
                    }
                ],
                "coordinate": null
            },
            {
                "id": 10,
                "type": "TEXT",
                "format_content": "1011AAC",
                "depth": 2,
                "sort_order": 7,
                "article": 2,
                "paragraph": 1,
                "subParagraph": null,
                "is_article_title": false,
                "content_labels": [
                    "1011003"
                ],
                "note": "",
                "name": null,
                "contents": [
                    {
                        "text": "1) (@구체적 사실)",
                        "type": null,
                        "rowId": null,
                        "cells": null
                    }
                ],
                "coordinate": null
            },
            {
                "id": 11,
                "type": "TEXT",
                "format_content": "1011AAC",
                "depth": 2,
                "sort_order": 8,
                "article": 2,
                "paragraph": 2,
                "subParagraph": null,
                "is_article_title": false,
                "content_labels": [
                    "1011003"
                ],
                "note": "",
                "name": null,
                "contents": [
                    {
                        "text": "2)‘갑’은 전항의 권한을 행사함에 있어 ‘을’의 명예나 기타 ‘을’의 인격권이 훼손되는 방식으로 행사하여서는 아니된다.",
                        "type": null,
                        "rowId": null,
                        "cells": null
                    }
                ],
                "coordinate": null
            },
            {
                "id": 12,
                "type": "TEXT",
                "format_content": "1011AAC",
                "depth": 1,
                "sort_order": 9,
                "article": 3,
                "paragraph": null,
                "subParagraph": null,
                "is_article_title": true,
                "content_labels": [
                    "1011012"
                ],
                "note": "",
                "name": null,
                "contents": [
                    {
                        "text": "제3조 : 계약기간의 효력범위",
                        "type": null,
                        "rowId": null,
                        "cells": null
                    }
                ],
                "coordinate": null
            },
            {
                "id": 13,
                "type": "TEXT",
                "format_content": "1011AAC",
                "depth": 2,
                "sort_order": 10,
                "article": 3,
                "paragraph": 1,
                "subParagraph": null,
                "is_article_title": false,
                "content_labels": [
                    "1011012"
                ],
                "note": "",
                "name": null,
                "contents": [
                    {
                        "text": "1) (@구체적 사실)",
                        "type": null,
                        "rowId": null,
                        "cells": null
                    }
                ],
                "coordinate": null
            },
            {
                "id": 14,
                "type": "TEXT",
                "format_content": "1011AAC",
                "depth": 2,
                "sort_order": 11,
                "article": 3,
                "paragraph": 2,
                "subParagraph": null,
                "is_article_title": false,
                "content_labels": [
                    "1011012"
                ],
                "note": "",
                "name": null,
                "contents": [
                    {
                        "text": "2) (@구체적 사실)",
                        "type": null,
                        "rowId": null,
                        "cells": null
                    }
                ],
                "coordinate": null
            },
            {
                "id": 15,
                "type": "TEXT",
                "format_content": "1011AAC",
                "depth": 2,
                "sort_order": 12,
                "article": 3,
                "paragraph": 3,
                "subParagraph": null,
                "is_article_title": false,
                "content_labels": [
                    "1011012"
                ],
                "note": "",
                "name": null,
                "contents": [
                    {
                        "text": "3)계약기간 중 ‘갑’의 사전 동의 하에 ‘을’이 장기 해외출장이나, 유학, 군 복무, 건강상의 요양사유로 인하여 장기간 연예 활동을 할 수 없는 경우, 계약기간은 그 기간만큼 자동 연장된다. 단, ‘을’의 건강상의 요양사유가 3년 이상의 집중적 치료(연예활동과 치료를 병행할 수 없음을 의미한다)를 요할 것으로 판단되어 ‘을’이 이에 대한 진단서 등 증빙을 제출하는 경우 본 계약은 그 즉시 종료된다.",
                        "type": null,
                        "rowId": null,
                        "cells": null
                    }
                ],
                "coordinate": null
            },
            {
                "id": 17,
                "type": "TEXT",
                "format_content": "1011AAC",
                "depth": 2,
                "sort_order": 13,
                "article": 3,
                "paragraph": 4,
                "subParagraph": null,
                "is_article_title": false,
                "content_labels": [
                    "1011012",
                    "1011010"
                ],
                "note": "",
                "name": null,
                "contents": [
                    {
                        "text": "4) ‘갑’은 ‘을’의 사전 서면동의를 얻은 후 이 계약상 권리 또는 지위의 전부 또는 일부를 제3자에게 양도하거나 해지할 수 있다.",
                        "type": null,
                        "rowId": null,
                        "cells": null
                    }
                ],
                "coordinate": null
            },
            {
                "id": 18,
                "type": "TEXT",
                "format_content": "1011AAC",
                "depth": 1,
                "sort_order": 14,
                "article": 4,
                "paragraph": null,
                "subParagraph": null,
                "is_article_title": true,
                "content_labels": [
                    "1011006"
                ],
                "note": "",
                "name": null,
                "contents": [
                    {
                        "text": "제4조 : 계약의 연장",
                        "type": null,
                        "rowId": null,
                        "cells": null
                    }
                ],
                "coordinate": null
            },
            {
                "id": 19,
                "type": "TEXT",
                "format_content": "1011AAC",
                "depth": 2,
                "sort_order": 15,
                "article": 4,
                "paragraph": null,
                "subParagraph": null,
                "is_article_title": false,
                "content_labels": [
                    "1011006"
                ],
                "note": "",
                "name": null,
                "contents": [
                    {
                        "text": "계약만기 시점이 되면 계약 종료 6개월 전까지 재계약여부를 쌍방이 논의하여 서면으로 합의함을 원칙으로 한다. ‘갑’과 ‘을’이 계약 종료 6개월 전까지 타방에 대하여 이의를 제기하지 아니하는 경우, 계약기간은 2년간 자동연장 된다.",
                        "type": null,
                        "rowId": null,
                        "cells": null
                    }
                ],
                "coordinate": null
            },
            {
                "id": 21,
                "type": "TEXT",
                "format_content": "1011AAC",
                "depth": 1,
                "sort_order": 16,
                "article": 5,
                "paragraph": null,
                "subParagraph": null,
                "is_article_title": true,
                "content_labels": [
                    "1011007"
                ],
                "note": "",
                "name": null,
                "contents": [
                    {
                        "text": "제5조 : 전속 계약금의 지급",
                        "type": null,
                        "rowId": null,
                        "cells": null
                    }
                ],
                "coordinate": null
            },
            {
                "id": 22,
                "type": "TEXT",
                "format_content": "1011AAC",
                "depth": 2,
                "sort_order": 17,
                "article": 5,
                "paragraph": 1,
                "subParagraph": null,
                "is_article_title": false,
                "content_labels": [
                    "1011007"
                ],
                "note": "",
                "name": null,
                "contents": [
                    {
                        "text": "1) ‘갑’은 전속에 따른 계약금을 계약일로부터 1개월 내에 ‘을’에게 지급한다. 계약금은 일금 (@금액)원 ((@금액)- 원천징수 공제 전 금액임)으로 한다. ‘을’은 위 계약금이 계약기간 동안 ‘을’이 ‘갑’에게 전속되어 있음을 조건으로 그 대가를 선급하는 것임을 확인하며, 여하한 사유로 '을’이 ‘갑’에게 전속된 관계가 유지되지 않거나 본 계약이 중도에 종료되는 경우 ‘을’은 계약금 및 이에 대한 지급시로부터 상사법정이율에 의한 이자액을 ‘갑’에게 반환하기로 한다. 이때 ‘을’이 반환할 계약금은 전체 계약기간 중 ‘을’이 ‘갑’에 전속되어 있지 아니한 기간에 비례하여 산정한다. 단, ‘갑’ 회사의 해산이나 기타 ‘갑’의 귀책사유로 ‘갑’이 본 계약을 정상적으로 유지할 수 없는 상황이 발생할 경우, ‘을’은 ‘갑’에게 계약의 해지를 통보할 수 있으며, 이 경우 ‘을’은 계약금 반환의무가 없다.",
                        "type": null,
                        "rowId": null,
                        "cells": null
                    }
                ],
                "coordinate": null
            },
            {
                "id": 23,
                "type": "TEXT",
                "format_content": "1011AAC",
                "depth": 2,
                "sort_order": 18,
                "article": 5,
                "paragraph": 2,
                "subParagraph": null,
                "is_article_title": false,
                "content_labels": [
                    "1011007"
                ],
                "note": "",
                "name": null,
                "contents": [
                    {
                        "text": "2)  ‘을’은 대한민국의 세법에 따라 계약금과 관련한 납세의 의무를 성실히 이행한다.",
                        "type": null,
                        "rowId": null,
                        "cells": null
                    }
                ],
                "coordinate": null
            },
            {
                "id": 24,
                "type": "TEXT",
                "format_content": "1011AAC",
                "depth": 1,
                "sort_order": 19,
                "article": 6,
                "paragraph": null,
                "subParagraph": null,
                "is_article_title": true,
                "content_labels": [
                    "1011033"
                ],
                "note": "",
                "name": null,
                "contents": [
                    {
                        "text": "제6조 : ‘갑’과 ‘을’의 역할",
                        "type": null,
                        "rowId": null,
                        "cells": null
                    }
                ],
                "coordinate": null
            },
            {
                "id": 25,
                "type": "TEXT",
                "format_content": "1011AAC",
                "depth": 2,
                "sort_order": 20,
                "article": 6,
                "paragraph": 1,
                "subParagraph": null,
                "is_article_title": false,
                "content_labels": [
                    "1011033"
                ],
                "note": "",
                "name": null,
                "contents": [
                    {
                        "text": "1) (@구체적 사실)",
                        "type": null,
                        "rowId": null,
                        "cells": null
                    }
                ],
                "coordinate": null
            },
            {
                "id": 26,
                "type": "TEXT",
                "format_content": "1011AAC",
                "depth": 2,
                "sort_order": 21,
                "article": 6,
                "paragraph": 2,
                "subParagraph": null,
                "is_article_title": false,
                "content_labels": [
                    "1011010"
                ],
                "note": "",
                "name": null,
                "contents": [
                    {
                        "text": "2) (@구체적 사실)하는 경우 본 계약은 종료된다.",
                        "type": null,
                        "rowId": null,
                        "cells": null
                    }
                ],
                "coordinate": null
            },
            {
                "id": 27,
                "type": "TEXT",
                "format_content": "1011AAC",
                "depth": 2,
                "sort_order": 22,
                "article": 6,
                "paragraph": 3,
                "subParagraph": null,
                "is_article_title": false,
                "content_labels": [
                    "1011018"
                ],
                "note": "",
                "name": null,
                "contents": [
                    {
                        "text": "3) ‘을’은 본 계약과 관련된 모든 매출 현황, 비용, 순수익금 등에 관한 데이터를 ‘갑’에게 요청할 수 있으며, ‘갑’은 이에 성실히 응해야 한다.",
                        "type": null,
                        "rowId": null,
                        "cells": null
                    }
                ],
                "coordinate": null
            },
            {
                "id": 28,
                "type": "TEXT",
                "format_content": "1011AAC",
                "depth": 2,
                "sort_order": 23,
                "article": 6,
                "paragraph": 4,
                "subParagraph": null,
                "is_article_title": false,
                "content_labels": [
                    "1011033"
                ],
                "note": "",
                "name": null,
                "contents": [
                    {
                        "text": "4) (@구체적 사실)의 성공을 통해 상호간의 공동이익을 극대화하기 위하여 최선을 다한다.",
                        "type": null,
                        "rowId": null,
                        "cells": null
                    }
                ],
                "coordinate": null
            },
            {
                "id": 30,
                "type": "TEXT",
                "format_content": "1011AAC",
                "depth": 3,
                "sort_order": 24,
                "article": 6,
                "paragraph": 5,
                "subParagraph": null,
                "is_article_title": false,
                "content_labels": [
                    "1011033"
                ],
                "note": "",
                "name": null,
                "contents": [
                    {
                        "text": "5) (@구체적 사실)",
                        "type": null,
                        "rowId": null,
                        "cells": null
                    }
                ],
                "coordinate": null
            },
            {
                "id": 31,
                "type": "TEXT",
                "format_content": "1011AAC",
                "depth": 3,
                "sort_order": 25,
                "article": 6,
                "paragraph": 6,
                "subParagraph": null,
                "is_article_title": false,
                "content_labels": [
                    "1011015"
                ],
                "note": "",
                "name": null,
                "contents": [
                    {
                        "text": "6)(@구체적 사실)이 계약서의 근본 취지에 벗어날 경우 ‘을’은 이의를 제기할 수 있고, ‘갑’과 ‘을’은 서로 협의하여 해결한다.",
                        "type": null,
                        "rowId": null,
                        "cells": null
                    }
                ],
                "coordinate": null
            },
            {
                "id": 33,
                "type": "TEXT",
                "format_content": "1011AAC",
                "depth": 3,
                "sort_order": 26,
                "article": 6,
                "paragraph": 7,
                "subParagraph": null,
                "is_article_title": false,
                "content_labels": [
                    "1011015"
                ],
                "note": "",
                "name": null,
                "contents": [
                    {
                        "text": "7)(@구체적 사실)이 계약서의 근본 취지에 벗어날 경우 ‘을’은 이의를 제기할 수 있고, ‘갑’과 ‘을’은 서로 협의하여 해결한다.",
                        "type": null,
                        "rowId": null,
                        "cells": null
                    }
                ],
                "coordinate": null
            },
            {
                "id": 35,
                "type": "TEXT",
                "format_content": "1011AAC",
                "depth": 3,
                "sort_order": 27,
                "article": 6,
                "paragraph": 8,
                "subParagraph": null,
                "is_article_title": false,
                "content_labels": [
                    "1011015"
                ],
                "note": "",
                "name": null,
                "contents": [
                    {
                        "text": "8) (@구체적 사실)",
                        "type": null,
                        "rowId": null,
                        "cells": null
                    }
                ],
                "coordinate": null
            },
            {
                "id": 36,
                "type": "TEXT",
                "format_content": "1011AAC",
                "depth": 2,
                "sort_order": 28,
                "article": 6,
                "paragraph": 9,
                "subParagraph": null,
                "is_article_title": false,
                "content_labels": [
                    "1011015"
                ],
                "note": "",
                "name": null,
                "contents": [
                    {
                        "text": "9)‘을’의 연예활동을 제3자가 침해하거나 방해하는 경우 ‘갑’은 그 침해나 방해를 배제하기 위한 필요한 조치를 취하되, 필요한 조치의 구체적 방안 및 정도에 대해서는 ‘갑’이 ‘을’과 협의하여 결정한다.",
                        "type": null,
                        "rowId": null,
                        "cells": null
                    }
                ],
                "coordinate": null
            },
            {
                "id": 37,
                "type": "TEXT",
                "format_content": "1011AAC",
                "depth": 1,
                "sort_order": 29,
                "article": 7,
                "paragraph": null,
                "subParagraph": null,
                "is_article_title": true,
                "content_labels": [
                    "1011033"
                ],
                "note": "",
                "name": null,
                "contents": [
                    {
                        "text": "제7조 : ‘을’ 의 전속의무 등",
                        "type": null,
                        "rowId": null,
                        "cells": null
                    }
                ],
                "coordinate": null
            },
            {
                "id": 38,
                "type": "TEXT",
                "format_content": "1011AAC",
                "depth": 2,
                "sort_order": 30,
                "article": 7,
                "paragraph": 1,
                "subParagraph": null,
                "is_article_title": false,
                "content_labels": [
                    "1011008",
                    "1011009",
                    "1011010"
                ],
                "note": "",
                "name": null,
                "contents": [
                    {
                        "text": "1) ‘을’은 ‘을’의 연예활동 일체에 대한 제반 법적인 권리를 본 계약에 의하여 독점적으로 ‘갑’에게 위임한다. ‘을’이 ‘갑’에게 위임한 제반 법적인 권리라 함은 본 계약기간 내에 기간, 지역, 기타의 어떠한 제한 없이 제작권, 복제권, 편집권, 판매권, 출판권, 초상권 기타의 사용, 수익, 처분에 관한 모든 권리를 의미한다. 또한, ‘을’은 ‘갑’의 귀책사유가 없을 시 일방적으로 계약을 해제 기타 종료시키는 행위를 하여서는 안 된다.",
                        "type": null,
                        "rowId": null,
                        "cells": null
                    }
                ],
                "coordinate": null
            },
            {
                "id": 39,
                "type": "TEXT",
                "format_content": "1011AAC",
                "depth": 2,
                "sort_order": 31,
                "article": 7,
                "paragraph": 2,
                "subParagraph": null,
                "is_article_title": false,
                "content_labels": [
                    "1011020"
                ],
                "note": "",
                "name": null,
                "contents": [
                    {
                        "text": "2) (@구체적 사실)하여서는 아니되며, 정당한 부동의 사유가 있는 경우에 ‘갑’은 그 사유를 ‘을’에게 통지해야 한다.",
                        "type": null,
                        "rowId": null,
                        "cells": null
                    }
                ],
                "coordinate": null
            },
            {
                "id": 41,
                "type": "TEXT",
                "format_content": "1011AAC",
                "depth": 3,
                "sort_order": 32,
                "article": 7,
                "paragraph": 3,
                "subParagraph": null,
                "is_article_title": false,
                "content_labels": [
                    "1011015"
                ],
                "note": "",
                "name": null,
                "contents": [
                    {
                        "text": "3)(@구체적 사실)이 계약서의 근본 취지에 벗어날 경우 ‘을’은 이의를 제기할 수 있고, ‘갑’과 ‘을’은 서로 협의하여 해결한다.",
                        "type": null,
                        "rowId": null,
                        "cells": null
                    }
                ],
                "coordinate": null
            },
            {
                "id": 43,
                "type": "TEXT",
                "format_content": "1011AAC",
                "depth": 3,
                "sort_order": 33,
                "article": 7,
                "paragraph": 4,
                "subParagraph": null,
                "is_article_title": false,
                "content_labels": [
                    "1011033"
                ],
                "note": "",
                "name": null,
                "contents": [
                    {
                        "text": "4) (@구체적 사실)",
                        "type": null,
                        "rowId": null,
                        "cells": null
                    }
                ],
                "coordinate": null
            },
            {
                "id": 44,
                "type": "TEXT",
                "format_content": "1011AAC",
                "depth": 2,
                "sort_order": 34,
                "article": 7,
                "paragraph": 5,
                "subParagraph": null,
                "is_article_title": false,
                "content_labels": [
                    "1011033"
                ],
                "note": "",
                "name": null,
                "contents": [
                    {
                        "text": "5)‘을’은 계약종료 후 1년간 ‘갑’이 개발 제작한 콘텐츠와 유사한 콘텐츠를 제작 사용 판매할 수 없다.",
                        "type": null,
                        "rowId": null,
                        "cells": null
                    }
                ],
                "coordinate": null
            },
            {
                "id": 45,
                "type": "TEXT",
                "format_content": "1011AAC",
                "depth": 1,
                "sort_order": 35,
                "article": 8,
                "paragraph": null,
                "subParagraph": null,
                "is_article_title": true,
                "content_labels": [
                    "1011008"
                ],
                "note": "",
                "name": null,
                "contents": [
                    {
                        "text": "제8조 : 로열티",
                        "type": null,
                        "rowId": null,
                        "cells": null
                    }
                ],
                "coordinate": null
            },
            {
                "id": 46,
                "type": "TEXT",
                "format_content": "1011AAC",
                "depth": 2,
                "sort_order": 36,
                "article": 8,
                "paragraph": null,
                "subParagraph": null,
                "is_article_title": false,
                "content_labels": [
                    "1011008",
                    "1011007"
                ],
                "note": "",
                "name": null,
                "contents": [
                    {
                        "text": "국내 및 해외의 모든 수익금은 ‘갑’이 관리하며, 수익금의 배분에 대해서는 다음과 같이 ‘갑’과 ’을’이 상호 합의한다.",
                        "type": null,
                        "rowId": null,
                        "cells": null
                    }
                ],
                "coordinate": null
            },
            {
                "id": 47,
                "type": "TEXT",
                "format_content": "1011AAC",
                "depth": 2,
                "sort_order": 37,
                "article": 8,
                "paragraph": 1,
                "subParagraph": null,
                "is_article_title": false,
                "content_labels": [
                    "1011033"
                ],
                "note": "",
                "name": null,
                "contents": [
                    {
                        "text": "1) (@구체적 사실)\n(@구체적 사실)",
                        "type": null,
                        "rowId": null,
                        "cells": null
                    }
                ],
                "coordinate": null
            },
            {
                "id": 49,
                "type": "TEXT",
                "format_content": "1011AAC",
                "depth": 2,
                "sort_order": 38,
                "article": 8,
                "paragraph": 2,
                "subParagraph": null,
                "is_article_title": false,
                "content_labels": [
                    "1011008",
                    "1011007"
                ],
                "note": "",
                "name": null,
                "contents": [
                    {
                        "text": "2) (@구체적 사실)에 대한 로열티\n(@구체적 사실)",
                        "type": null,
                        "rowId": null,
                        "cells": null
                    }
                ],
                "coordinate": null
            },
            {
                "id": 51,
                "type": "TEXT",
                "format_content": "1011AAC",
                "depth": 2,
                "sort_order": 39,
                "article": 8,
                "paragraph": 3,
                "subParagraph": null,
                "is_article_title": false,
                "content_labels": [
                    "1011008",
                    "1011007"
                ],
                "note": "",
                "name": null,
                "contents": [
                    {
                        "text": "3) (@구체적 사실)을 통한 수익에 대한 로열티\n(@구체적 사실)",
                        "type": null,
                        "rowId": null,
                        "cells": null
                    }
                ],
                "coordinate": null
            },
            {
                "id": 53,
                "type": "TEXT",
                "format_content": "1011AAC",
                "depth": 2,
                "sort_order": 40,
                "article": 8,
                "paragraph": 4,
                "subParagraph": null,
                "is_article_title": false,
                "content_labels": [
                    "1011007",
                    "1011008"
                ],
                "note": "",
                "name": null,
                "contents": [
                    {
                        "text": "4) 기타 연예활동에 대한 로열티",
                        "type": null,
                        "rowId": null,
                        "cells": null
                    }
                ],
                "coordinate": null
            },
            {
                "id": 129,
                "type": "TEXT",
                "format_content": "1011AAC",
                "depth": 2,
                "sort_order": 41,
                "article": 8,
                "paragraph": 4,
                "subParagraph": null,
                "is_article_title": false,
                "content_labels": [
                    "1011007",
                    "1011008"
                ],
                "note": "",
                "name": null,
                "contents": [
                    {
                        "text": "연예활동 수익이란 전속 계약 기간 중 본조 1)항에서 3)항을 제외하고 그 외에 국내외 모든 연예활동으로 인하여 발생되는 모든 매출을 의미한다.\n‘갑’은 연예활동으로 발생되는 모든 수익에서 해당 연예활동을 위하여 ‘갑’이 지출한 직접 관련 비용을 제외한 순수익에서 아래와 같은 비율의 로열티를 ‘을’에게 지급한다.\n(@구체적 사실)",
                        "type": null,
                        "rowId": null,
                        "cells": null
                    }
                ],
                "coordinate": null
            },
            {
                "id": 58,
                "type": "TEXT",
                "format_content": "1011AAC",
                "depth": 3,
                "sort_order": 42,
                "article": 8,
                "paragraph": 5,
                "subParagraph": null,
                "is_article_title": false,
                "content_labels": [
                    "1011033"
                ],
                "note": "",
                "name": null,
                "contents": [
                    {
                        "text": "5) (@구체적 사실)",
                        "type": null,
                        "rowId": null,
                        "cells": null
                    }
                ],
                "coordinate": null
            },
            {
                "id": 59,
                "type": "TEXT",
                "format_content": "1011AAC",
                "depth": 1,
                "sort_order": 43,
                "article": 9,
                "paragraph": null,
                "subParagraph": null,
                "is_article_title": true,
                "content_labels": [
                    "1011008"
                ],
                "note": "",
                "name": null,
                "contents": [
                    {
                        "text": "제9조 : 저작권",
                        "type": null,
                        "rowId": null,
                        "cells": null
                    }
                ],
                "coordinate": null
            },
            {
                "id": 60,
                "type": "TEXT",
                "format_content": "1011AAC",
                "depth": 2,
                "sort_order": 44,
                "article": 9,
                "paragraph": null,
                "subParagraph": null,
                "is_article_title": false,
                "content_labels": [
                    "1011008"
                ],
                "note": "",
                "name": null,
                "contents": [
                    {
                        "text": "계약 기간 동안 ‘을’이 창작(작사 작곡 편곡 등)한 곡에 대한 저작권은 ‘을’에게 귀속되며, ‘을’의 저작권 신탁에 대해서는 ‘갑’이 우선적 권리를 갖는다. ‘을’은 ‘갑’의 수익 사업에 반하는 저작권 권리를 행사하여서는 아니 되며, ‘을’은 저작권 권리 행사에 대하여 ‘갑’과 먼저 상의하여야 한다.",
                        "type": null,
                        "rowId": null,
                        "cells": null
                    }
                ],
                "coordinate": null
            },
            {
                "id": 62,
                "type": "TEXT",
                "format_content": "1011AAC",
                "depth": 1,
                "sort_order": 45,
                "article": 10,
                "paragraph": null,
                "subParagraph": null,
                "is_article_title": true,
                "content_labels": [
                    "1011007"
                ],
                "note": "",
                "name": null,
                "contents": [
                    {
                        "text": "제10조 : 대금 결제",
                        "type": null,
                        "rowId": null,
                        "cells": null
                    }
                ],
                "coordinate": null
            },
            {
                "id": 63,
                "type": "TEXT",
                "format_content": "1011AAC",
                "depth": 2,
                "sort_order": 46,
                "article": 10,
                "paragraph": 1,
                "subParagraph": null,
                "is_article_title": false,
                "content_labels": [
                    "1011007"
                ],
                "note": "",
                "name": null,
                "contents": [
                    {
                        "text": "1) ‘갑’은 정산서를 매 분기 말 마감 정산 후 익월 말일까지 ‘을’에 제공한다.",
                        "type": null,
                        "rowId": null,
                        "cells": null
                    }
                ],
                "coordinate": null
            },
            {
                "id": 64,
                "type": "TEXT",
                "format_content": "1011AAC",
                "depth": 2,
                "sort_order": 47,
                "article": 10,
                "paragraph": 2,
                "subParagraph": null,
                "is_article_title": false,
                "content_labels": [
                    "1011007"
                ],
                "note": "",
                "name": null,
                "contents": [
                    {
                        "text": "2) 정산서는 ‘갑’이 정하는 소정의 정산서 양식에 의하며, ‘갑’이 작성한 로열티 정산서에 이의가 있는 경우 ‘을’은 정산서 제공일로부터 30일 이내에 서면으로 이의 신청을 하며, 이 기간이 경과하며 이의가 없다고 ‘을’이 인정한 것으로 간주한다.",
                        "type": null,
                        "rowId": null,
                        "cells": null
                    }
                ],
                "coordinate": null
            },
            {
                "id": 65,
                "type": "TEXT",
                "format_content": "1011AAC",
                "depth": 2,
                "sort_order": 48,
                "article": 10,
                "paragraph": 3,
                "subParagraph": null,
                "is_article_title": false,
                "content_labels": [
                    "1011007"
                ],
                "note": "",
                "name": null,
                "contents": [
                    {
                        "text": "3) ‘갑’은 정산 내용에 이의 신청이 없음을 확인한 후 각 분기말 로열티 금액이 확정된 시점의 익월 말까지 관련 세금을 원천징수 후 현금으로 ‘을’에게 지급한다.",
                        "type": null,
                        "rowId": null,
                        "cells": null
                    }
                ],
                "coordinate": null
            },
            {
                "id": 66,
                "type": "TEXT",
                "format_content": "1011AAC",
                "depth": 2,
                "sort_order": 49,
                "article": 11,
                "paragraph": null,
                "subParagraph": null,
                "is_article_title": true,
                "content_labels": [
                    "1011014"
                ],
                "note": "",
                "name": null,
                "contents": [
                    {
                        "text": "제11조 : 기밀의 유지",
                        "type": null,
                        "rowId": null,
                        "cells": null
                    }
                ],
                "coordinate": null
            },
            {
                "id": 130,
                "type": "TEXT",
                "format_content": "1011AAC",
                "depth": 2,
                "sort_order": 50,
                "article": 11,
                "paragraph": null,
                "subParagraph": null,
                "is_article_title": false,
                "content_labels": [
                    "1011014"
                ],
                "note": "",
                "name": null,
                "contents": [
                    {
                        "text": "‘을’은 본 계약서의 내용 및 거래의 조건을 기밀로 유지하여야 하며, 언론이나 기타 제3자에게 공개하여서는 안 된다. 단 법률에 의하여 공개가 요구되는 경우에는 사전에 ‘갑’의 동의를 얻어 공개하여야 한다.",
                        "type": null,
                        "rowId": null,
                        "cells": null
                    }
                ],
                "coordinate": null
            },
            {
                "id": 67,
                "type": "TEXT",
                "format_content": "1011AAC",
                "depth": 1,
                "sort_order": 51,
                "article": 12,
                "paragraph": null,
                "subParagraph": null,
                "is_article_title": true,
                "content_labels": [
                    "1011009"
                ],
                "note": "",
                "name": null,
                "contents": [
                    {
                        "text": "제12조 : 이중계약의 금지 및 전속권의 양도",
                        "type": null,
                        "rowId": null,
                        "cells": null
                    }
                ],
                "coordinate": null
            },
            {
                "id": 68,
                "type": "TEXT",
                "format_content": "1011AAC",
                "depth": 2,
                "sort_order": 52,
                "article": 12,
                "paragraph": null,
                "subParagraph": null,
                "is_article_title": false,
                "content_labels": [
                    "1011009"
                ],
                "note": "",
                "name": null,
                "contents": [
                    {
                        "text": "‘을’은 어떠한 경우라도 본 계약서에 대하여 제3자와 이와 동일하거나 유사한 어떠한 계약도 하여서는 안되며, 현재 이와 동일하거나 유사한 계약이 체결된 사항이 없음을 보증하며, 만일 이를 위반할 경우에는 모든 손해배상은 물론 모든 민, 형사상의 책임을 감수한다.\n단, ‘갑’은 ‘을’의 동의 하에 ‘을’의 전속권을 본 계약서와 동일한 조건으로 타사로 양도할 수 있다.",
                        "type": null,
                        "rowId": null,
                        "cells": null
                    }
                ],
                "coordinate": null
            },
            {
                "id": 70,
                "type": "TEXT",
                "format_content": "1011AAC",
                "depth": 1,
                "sort_order": 53,
                "article": 13,
                "paragraph": null,
                "subParagraph": null,
                "is_article_title": true,
                "content_labels": [
                    "1011033"
                ],
                "note": "",
                "name": null,
                "contents": [
                    {
                        "text": "제13조 : 보증 및 동의",
                        "type": null,
                        "rowId": null,
                        "cells": null
                    }
                ],
                "coordinate": null
            },
            {
                "id": 71,
                "type": "TEXT",
                "format_content": "1011AAC",
                "depth": 2,
                "sort_order": 54,
                "article": 13,
                "paragraph": null,
                "subParagraph": null,
                "is_article_title": false,
                "content_labels": [
                    "1011033"
                ],
                "note": "",
                "name": null,
                "contents": [
                    {
                        "text": "‘을’은 ‘갑’에게 다음 사항을 보증하고 동의한다.",
                        "type": null,
                        "rowId": null,
                        "cells": null
                    }
                ],
                "coordinate": null
            },
            {
                "id": 72,
                "type": "TEXT",
                "format_content": "1011AAC",
                "depth": 2,
                "sort_order": 55,
                "article": 13,
                "paragraph": 1,
                "subParagraph": null,
                "is_article_title": false,
                "content_labels": [
                    "1011033"
                ],
                "note": "",
                "name": null,
                "contents": [
                    {
                        "text": "1) ‘을’은 본 계약서를 읽었으며, 본 계약의 의미를 이해하고, ‘을’이 선택한 변호사와 상의하였다.",
                        "type": null,
                        "rowId": null,
                        "cells": null
                    }
                ],
                "coordinate": null
            },
            {
                "id": 73,
                "type": "TEXT",
                "format_content": "1011AAC",
                "depth": 2,
                "sort_order": 56,
                "article": 13,
                "paragraph": 2,
                "subParagraph": null,
                "is_article_title": false,
                "content_labels": [
                    "1011033"
                ],
                "note": "",
                "name": null,
                "contents": [
                    {
                        "text": "2) ‘을’은 본 계약을 시행하는 데 필요한 모든 관련 동의 및 승인을 획득하고 유지한다.",
                        "type": null,
                        "rowId": null,
                        "cells": null
                    }
                ],
                "coordinate": null
            },
            {
                "id": 74,
                "type": "TEXT",
                "format_content": "1011AAC",
                "depth": 2,
                "sort_order": 57,
                "article": 13,
                "paragraph": 3,
                "subParagraph": null,
                "is_article_title": false,
                "content_labels": [
                    "1011033"
                ],
                "note": "",
                "name": null,
                "contents": [
                    {
                        "text": "3) ‘을’은 ‘갑’의 사전 서면 동의 없이 ‘갑’을 대신하여 지출 또는 비용을 지불할 수 없다.",
                        "type": null,
                        "rowId": null,
                        "cells": null
                    }
                ],
                "coordinate": null
            },
            {
                "id": 75,
                "type": "TEXT",
                "format_content": "1011AAC",
                "depth": 2,
                "sort_order": 58,
                "article": 13,
                "paragraph": 4,
                "subParagraph": null,
                "is_article_title": false,
                "content_labels": [
                    "1011033"
                ],
                "note": "",
                "name": null,
                "contents": [
                    {
                        "text": "4) ‘을’은 본 계약 기간 동안 사전에 ‘갑’에 의해 합의되지 않은 약정이나 계약에 따른 공연을 할 수 없다.",
                        "type": null,
                        "rowId": null,
                        "cells": null
                    }
                ],
                "coordinate": null
            },
            {
                "id": 76,
                "type": "TEXT",
                "format_content": "1011AAC",
                "depth": 2,
                "sort_order": 59,
                "article": 13,
                "paragraph": 5,
                "subParagraph": null,
                "is_article_title": false,
                "content_labels": [
                    "1011033"
                ],
                "note": "",
                "name": null,
                "contents": [
                    {
                        "text": "5) ‘을’은 전문적인 방법으로 자신의 최고 수준의 기술과 능력을 발휘할 수 있어야 하며, 방송, 공연, 체류, 여행 등의 기간 동안 타인과 협력하겠다는 의지를 보여야 한다.",
                        "type": null,
                        "rowId": null,
                        "cells": null
                    }
                ],
                "coordinate": null
            },
            {
                "id": 77,
                "type": "TEXT",
                "format_content": "1011AAC",
                "depth": 2,
                "sort_order": 60,
                "article": 13,
                "paragraph": 6,
                "subParagraph": null,
                "is_article_title": false,
                "content_labels": [
                    "1011033"
                ],
                "note": "",
                "name": null,
                "contents": [
                    {
                        "text": "6) ‘을’은 계약 기간 내내 항상 자신의 건강을 지키고 유지하기 위한 모든 실질적인 조치를 취해야 한다.",
                        "type": null,
                        "rowId": null,
                        "cells": null
                    }
                ],
                "coordinate": null
            },
            {
                "id": 78,
                "type": "TEXT",
                "format_content": "1011AAC",
                "depth": 2,
                "sort_order": 61,
                "article": 13,
                "paragraph": 7,
                "subParagraph": null,
                "is_article_title": false,
                "content_labels": [
                    "1011033"
                ],
                "note": "",
                "name": null,
                "contents": [
                    {
                        "text": "7)‘을’은 계약 기간 동안 마약, 도박, 폭력, 등의 여하한 사유로든 사회적 물의를 야기하거나 기타 법령을 위반하여 ‘갑’ 평판을 침해하거나 손상시킬 수 있는 행동을 하여서는 아니 되며, 만약 이를 어길 시 모든 손해배상의 책임을 지기로 한다.",
                        "type": null,
                        "rowId": null,
                        "cells": null
                    }
                ],
                "coordinate": null
            },
            {
                "id": 79,
                "type": "TEXT",
                "format_content": "1011AAC",
                "depth": 2,
                "sort_order": 62,
                "article": 13,
                "paragraph": 8,
                "subParagraph": null,
                "is_article_title": false,
                "content_labels": [
                    "1011033"
                ],
                "note": "",
                "name": null,
                "contents": [
                    {
                        "text": "8) 성공적인 ‘을’의 재능 발굴과 실력 향상을 위한 ‘갑’의 노력을 제한하거나 방해하지 않는다.",
                        "type": null,
                        "rowId": null,
                        "cells": null
                    }
                ],
                "coordinate": null
            },
            {
                "id": 80,
                "type": "TEXT",
                "format_content": "1011AAC",
                "depth": 2,
                "sort_order": 63,
                "article": 13,
                "paragraph": 9,
                "subParagraph": null,
                "is_article_title": false,
                "content_labels": [
                    "1011033"
                ],
                "note": "",
                "name": null,
                "contents": [
                    {
                        "text": "9)‘을’은 본 계약 기간 동안 위험한 목표를 추구하지 않으며, 본 계약에 따라 ‘을’이 자신의 의무와 서비스를 수행할 수 있는 능력을 언제든지 방해받을 수 있는 불합리한 위험을 자발적으로 취하지 않는다.",
                        "type": null,
                        "rowId": null,
                        "cells": null
                    }
                ],
                "coordinate": null
            },
            {
                "id": 81,
                "type": "TEXT",
                "format_content": "1011AAC",
                "depth": 2,
                "sort_order": 64,
                "article": 13,
                "paragraph": 10,
                "subParagraph": null,
                "is_article_title": false,
                "content_labels": [
                    "1011020"
                ],
                "note": "",
                "name": null,
                "contents": [
                    {
                        "text": "10) ‘을’은 ‘갑’의 사전 서면 동의 없이 어떠한 약정서 체결이나 또는 기타 협상을 할 수 없으며, 본 계약 기간 동안 아티스트로서 받는 공연 제안, 이해관계자, 타사, 협회 등 제3자에게 받을 수 있는 모든 문의 및 요청에 대해 ‘갑’에게 알려야 한다.",
                        "type": null,
                        "rowId": null,
                        "cells": null
                    }
                ],
                "coordinate": null
            },
            {
                "id": 82,
                "type": "TEXT",
                "format_content": "1011AAC",
                "depth": 2,
                "sort_order": 65,
                "article": 13,
                "paragraph": 11,
                "subParagraph": null,
                "is_article_title": false,
                "content_labels": [
                    "1011033"
                ],
                "note": "",
                "name": null,
                "contents": [
                    {
                        "text": "11) ‘을’은 ‘갑’의 사전 서면 동의 없이 직접 또는 간접적으로 뮤직 비디오, 영화 및 드라마 노래 또는 기타 서비스의 공연을 위해 다른 레이블, 음반 회사 등과 계약을 체결할 수 없다. 본 조항은 본 계약의 핵심적인 사항으로, 위반 시에는 본 계약의 중대한 위반으로 간주된다.",
                        "type": null,
                        "rowId": null,
                        "cells": null
                    }
                ],
                "coordinate": null
            },
            {
                "id": 83,
                "type": "TEXT",
                "format_content": "1011AAC",
                "depth": 2,
                "sort_order": 66,
                "article": 13,
                "paragraph": 12,
                "subParagraph": null,
                "is_article_title": false,
                "content_labels": [
                    "1011033"
                ],
                "note": "",
                "name": null,
                "contents": [
                    {
                        "text": "12) (@구체적 사실)",
                        "type": null,
                        "rowId": null,
                        "cells": null
                    }
                ],
                "coordinate": null
            },
            {
                "id": 84,
                "type": "TEXT",
                "format_content": "1011AAC",
                "depth": 2,
                "sort_order": 67,
                "article": 13,
                "paragraph": 13,
                "subParagraph": null,
                "is_article_title": false,
                "content_labels": [
                    "1011020"
                ],
                "note": "",
                "name": null,
                "contents": [
                    {
                        "text": "13) ‘을’은 자신의 연락처, 주소 및 거주지가 변경되는 경우 ‘갑’에게 이를 통지하여야 한다.",
                        "type": null,
                        "rowId": null,
                        "cells": null
                    }
                ],
                "coordinate": null
            },
            {
                "id": 85,
                "type": "TEXT",
                "format_content": "1011AAC",
                "depth": 2,
                "sort_order": 68,
                "article": 13,
                "paragraph": 14,
                "subParagraph": null,
                "is_article_title": false,
                "content_labels": [
                    "1011033"
                ],
                "note": "",
                "name": null,
                "contents": [
                    {
                        "text": "14) ‘을’은 ‘갑’이 ‘을’에 대해 어떠한 보험 가입에 대한 책임도 없음을 동의하고 인정한다.",
                        "type": null,
                        "rowId": null,
                        "cells": null
                    }
                ],
                "coordinate": null
            },
            {
                "id": 86,
                "type": "TEXT",
                "format_content": "1011AAC",
                "depth": 2,
                "sort_order": 69,
                "article": 13,
                "paragraph": 15,
                "subParagraph": null,
                "is_article_title": false,
                "content_labels": [
                    "1011033"
                ],
                "note": "",
                "name": null,
                "contents": [
                    {
                        "text": "15) ‘을’은 본 계약서에 따라 아티스트로서의 자신의 역할을 수행할 때 자신의 개인 안전에 대한 전적인 책임을 지며, 자신의 비용으로 적절한 보험에 가입할 수 있다.",
                        "type": null,
                        "rowId": null,
                        "cells": null
                    }
                ],
                "coordinate": null
            },
            {
                "id": 87,
                "type": "TEXT",
                "format_content": "1011AAC",
                "depth": 2,
                "sort_order": 70,
                "article": 13,
                "paragraph": 16,
                "subParagraph": null,
                "is_article_title": false,
                "content_labels": [
                    "1011033"
                ],
                "note": "",
                "name": null,
                "contents": [
                    {
                        "text": "16) ‘을’은 ‘갑’의 사전 서면 동의 없이 본 계약 기간 중 언제라도 다음의 사항을 해서는 안 된다.",
                        "type": null,
                        "rowId": null,
                        "cells": null
                    }
                ],
                "coordinate": null
            },
            {
                "id": 88,
                "type": "TEXT",
                "format_content": "1011AAC",
                "depth": 2,
                "sort_order": 71,
                "article": 13,
                "paragraph": 16,
                "subParagraph": 1,
                "is_article_title": false,
                "content_labels": [
                    "1011033"
                ],
                "note": "",
                "name": null,
                "contents": [
                    {
                        "text": "(i) ‘갑’의 지시 없이 제 3 자에게 아티스트로서의 활동(유료 또는 무료 관계없이)을 제공",
                        "type": null,
                        "rowId": null,
                        "cells": null
                    }
                ],
                "coordinate": null
            },
            {
                "id": 89,
                "type": "TEXT",
                "format_content": "1011AAC",
                "depth": 2,
                "sort_order": 72,
                "article": 13,
                "paragraph": 16,
                "subParagraph": 2,
                "is_article_title": false,
                "content_labels": [
                    "1011033"
                ],
                "note": "",
                "name": null,
                "contents": [
                    {
                        "text": "(ii) 구두, 서면 또는 행위에 관계없이 계약 약정의 조건을 변경",
                        "type": null,
                        "rowId": null,
                        "cells": null
                    }
                ],
                "coordinate": null
            },
            {
                "id": 90,
                "type": "TEXT",
                "format_content": "1011AAC",
                "depth": 2,
                "sort_order": 73,
                "article": 13,
                "paragraph": 16,
                "subParagraph": 3,
                "is_article_title": false,
                "content_labels": [
                    "1011033"
                ],
                "note": "",
                "name": null,
                "contents": [
                    {
                        "text": "(iii) 연예 활동을 수행하는 동안 ‘갑’이 지정하지 않은 사람을 개인적으로 고용",
                        "type": null,
                        "rowId": null,
                        "cells": null
                    }
                ],
                "coordinate": null
            },
            {
                "id": 91,
                "type": "TEXT",
                "format_content": "1011AAC",
                "depth": 2,
                "sort_order": 74,
                "article": 13,
                "paragraph": 17,
                "subParagraph": null,
                "is_article_title": false,
                "content_labels": [
                    "1011033"
                ],
                "note": "",
                "name": null,
                "contents": [
                    {
                        "text": "17) ‘을’은 ‘갑’이 통지한 모든 약속을 지키며, 공연, 참석, 또는 기타 관련 활동에 관하여 ‘갑’이 통보한 지정된 날짜, 시간에 참석해야 한다.",
                        "type": null,
                        "rowId": null,
                        "cells": null
                    }
                ],
                "coordinate": null
            },
            {
                "id": 92,
                "type": "TEXT",
                "format_content": "1011AAC",
                "depth": 2,
                "sort_order": 75,
                "article": 13,
                "paragraph": 18,
                "subParagraph": null,
                "is_article_title": false,
                "content_labels": [
                    "1011033"
                ],
                "note": "",
                "name": null,
                "contents": [
                    {
                        "text": "18) ‘을’은 계약 기간 동안 (아티스트로서의 활동을 수행하는 동안) 자신의 외모에 대한 적절한 주의를 기울여야 한다.",
                        "type": null,
                        "rowId": null,
                        "cells": null
                    }
                ],
                "coordinate": null
            },
            {
                "id": 93,
                "type": "TEXT",
                "format_content": "1011AAC",
                "depth": 2,
                "sort_order": 76,
                "article": 13,
                "paragraph": 19,
                "subParagraph": null,
                "is_article_title": false,
                "content_labels": [
                    "1011033"
                ],
                "note": "",
                "name": null,
                "contents": [
                    {
                        "text": "19) ‘갑’의 요청이 있는 경우, ‘을’은 아티스트의 활동과 관련된 모든 사전 계약 및 약정을 ‘갑’에 공개해야 한다.",
                        "type": null,
                        "rowId": null,
                        "cells": null
                    }
                ],
                "coordinate": null
            },
            {
                "id": 94,
                "type": "TEXT",
                "format_content": "1011AAC",
                "depth": 2,
                "sort_order": 77,
                "article": 13,
                "paragraph": 20,
                "subParagraph": null,
                "is_article_title": false,
                "content_labels": [
                    "1011019"
                ],
                "note": "",
                "name": null,
                "contents": [
                    {
                        "text": "20)‘을’은 아티스트가 본 계약에 따라 아티스트로서의 활동을 제공하도록 요구될 수 있는 장소에서 시행될 수 있는 안전, 화재 예방, 또는 일반 관리와 관련된 모든 규칙, 법률, 규정 및 계약을 준수해야 한다.",
                        "type": null,
                        "rowId": null,
                        "cells": null
                    }
                ],
                "coordinate": null
            },
            {
                "id": 95,
                "type": "TEXT",
                "format_content": "1011AAC",
                "depth": 2,
                "sort_order": 78,
                "article": 13,
                "paragraph": 21,
                "subParagraph": null,
                "is_article_title": false,
                "content_labels": [
                    "1011022",
                    "1011016",
                    "1011021"
                ],
                "note": "",
                "name": null,
                "contents": [
                    {
                        "text": "21)‘을’은 자신의 보증, 진술, 행위, 사실은폐로 인해 발생하는 계약위반이나 제3자의 권리침해 주장에 대해 ‘갑’을 면책하고 이와 관련하여 발생하는 변호사 비용을 포함한 모든 법률적 비용과 ‘갑’에게 발생되는 손해액이 있는 경우 이를 배상해야 한다. ‘을’의 계약위반 및 위반 혐의가 있는 경우,’갑’은 ‘을’에게 지급할 금액에서 해당 금액의 지급을 보류할 수 있다.",
                        "type": null,
                        "rowId": null,
                        "cells": null
                    }
                ],
                "coordinate": null
            },
            {
                "id": 97,
                "type": "TEXT",
                "format_content": "1011AAC",
                "depth": 1,
                "sort_order": 79,
                "article": 14,
                "paragraph": null,
                "subParagraph": null,
                "is_article_title": true,
                "content_labels": [
                    "1011013",
                    "1011010"
                ],
                "note": "",
                "name": null,
                "contents": [
                    {
                        "text": "제14조 : 계약의 위반 및 해지",
                        "type": null,
                        "rowId": null,
                        "cells": null
                    }
                ],
                "coordinate": null
            },
            {
                "id": 98,
                "type": "TEXT",
                "format_content": "1011AAC",
                "depth": 2,
                "sort_order": 80,
                "article": 14,
                "paragraph": 1,
                "subParagraph": null,
                "is_article_title": false,
                "content_labels": [
                    "1011010",
                    "1011022"
                ],
                "note": "",
                "name": null,
                "contents": [
                    {
                        "text": "1) ‘갑’ 또는 ‘을’이 계약상의 내용을 위반하는 경우, 본 계약서에서 다른 정함이 없는 한, 그 상대방은 위반자에 대하여 14일 간의 유예기간을 정하여 위반사항을 시정할 것을 먼저 요구하고, 그 기간 내에 위반사항이 시정되지 아니하는 경우에 상대방은 계약을 해제 또는 해지하고, 손해배상을 청구할 수 있다.",
                        "type": null,
                        "rowId": null,
                        "cells": null
                    }
                ],
                "coordinate": null
            },
            {
                "id": 99,
                "type": "TEXT",
                "format_content": "1011AAC",
                "depth": 2,
                "sort_order": 81,
                "article": 14,
                "paragraph": 2,
                "subParagraph": null,
                "is_article_title": false,
                "content_labels": [
                    "1011013",
                    "1011022"
                ],
                "note": "",
                "name": null,
                "contents": [
                    {
                        "text": "2) ‘갑’이 계약내용에 따른 자신의 의무를 충실히 이행하고 있음에도 불구하고, ‘을’이 계약기간 도중에 계약을 일방적으로 파기할 목적으로 계약상의 내용을 위반한 경우에는 ‘을’은 제1항의 손해배상과는 별도로 아래의 위약금1과 2 중 보다 큰 금액을 ‘갑’에게 지급하여야 한다.\n위약금1- (@구체적 사실)\n위약금2- (@구체적 사실)",
                        "type": null,
                        "rowId": null,
                        "cells": null
                    }
                ],
                "coordinate": null
            },
            {
                "id": 102,
                "type": "TEXT",
                "format_content": "1011AAC",
                "depth": 1,
                "sort_order": 82,
                "article": 15,
                "paragraph": null,
                "subParagraph": null,
                "is_article_title": true,
                "content_labels": [
                    "1011010"
                ],
                "note": "",
                "name": null,
                "contents": [
                    {
                        "text": "제15조 : 계약 해지사유",
                        "type": null,
                        "rowId": null,
                        "cells": null
                    }
                ],
                "coordinate": null
            },
            {
                "id": 104,
                "type": "TEXT",
                "format_content": "1011AAC",
                "depth": 2,
                "sort_order": 83,
                "article": 15,
                "paragraph": null,
                "subParagraph": null,
                "is_article_title": false,
                "content_labels": [
                    "1011010"
                ],
                "note": "",
                "name": null,
                "contents": [
                    {
                        "text": "’갑’과 ‘을’은 다음 각항 중 어느 하나에 해당하는 경우에는 최고 절차 후 계약을 해지한다.",
                        "type": null,
                        "rowId": null,
                        "cells": null
                    }
                ],
                "coordinate": null
            },
            {
                "id": 131,
                "type": "TEXT",
                "format_content": "1011AAC",
                "depth": 2,
                "sort_order": 84,
                "article": 15,
                "paragraph": 1,
                "subParagraph": null,
                "is_article_title": false,
                "content_labels": [
                    "1011010"
                ],
                "note": "",
                "name": null,
                "contents": [
                    {
                        "text": "1) ‘갑’ 또는 ‘을’이 본 계약의 근본 취지에 영향을 미치는 중대한 조항을 위반할 때",
                        "type": null,
                        "rowId": null,
                        "cells": null
                    }
                ],
                "coordinate": null
            },
            {
                "id": 105,
                "type": "TEXT",
                "format_content": "1011AAC",
                "depth": 2,
                "sort_order": 85,
                "article": 15,
                "paragraph": 2,
                "subParagraph": null,
                "is_article_title": false,
                "content_labels": [
                    "1011010"
                ],
                "note": "",
                "name": null,
                "contents": [
                    {
                        "text": "2) 본 계약의 이행이 불가능한 도산 또는 기업 파산절차의 개시, 영업의 폐지, 해산의 결의가 있을 때",
                        "type": null,
                        "rowId": null,
                        "cells": null
                    }
                ],
                "coordinate": null
            },
            {
                "id": 106,
                "type": "TEXT",
                "format_content": "1011AAC",
                "depth": 2,
                "sort_order": 86,
                "article": 15,
                "paragraph": 3,
                "subParagraph": null,
                "is_article_title": false,
                "content_labels": [
                    "1011010",
                    "1011020"
                ],
                "note": "",
                "name": null,
                "contents": [
                    {
                        "text": "3) 천재지변, 전쟁, 화재, 정부규제 등 신속히 해결할 수 없는 문제가 발생하였을 시에는 빠른 시일 내에 계약 상대방에게 통보하여야 하며, 이러한 상황이 30일 이상 계속될 경우, 갑의 판단에 의하여 계약을 해지할 수 있다.",
                        "type": null,
                        "rowId": null,
                        "cells": null
                    }
                ],
                "coordinate": null
            },
            {
                "id": 107,
                "type": "TEXT",
                "format_content": "1011AAC",
                "depth": 2,
                "sort_order": 87,
                "article": 15,
                "paragraph": 4,
                "subParagraph": null,
                "is_article_title": false,
                "content_labels": [
                    "1011010"
                ],
                "note": "",
                "name": null,
                "contents": [
                    {
                        "text": "4) ‘갑’의 고의적이고 심각한 회계부정이 발견된 경우",
                        "type": null,
                        "rowId": null,
                        "cells": null
                    }
                ],
                "coordinate": null
            },
            {
                "id": 108,
                "type": "TEXT",
                "format_content": "1011AAC",
                "depth": 2,
                "sort_order": 88,
                "article": 15,
                "paragraph": 5,
                "subParagraph": null,
                "is_article_title": false,
                "content_labels": [
                    "1011010"
                ],
                "note": "",
                "name": null,
                "contents": [
                    {
                        "text": "5) 상호 계약해지를 합의하는 경우 (이 경우 최고절차를 생략하기로 한다)",
                        "type": null,
                        "rowId": null,
                        "cells": null
                    }
                ],
                "coordinate": null
            },
            {
                "id": 109,
                "type": "TEXT",
                "format_content": "1011AAC",
                "depth": 1,
                "sort_order": 89,
                "article": 16,
                "paragraph": null,
                "subParagraph": null,
                "is_article_title": true,
                "content_labels": [
                    "1011010"
                ],
                "note": "",
                "name": null,
                "contents": [
                    {
                        "text": "제16조 : 계약의 일방 해지사유",
                        "type": null,
                        "rowId": null,
                        "cells": null
                    }
                ],
                "coordinate": null
            },
            {
                "id": 110,
                "type": "TEXT",
                "format_content": "1011AAC",
                "depth": 2,
                "sort_order": 90,
                "article": 16,
                "paragraph": 1,
                "subParagraph": null,
                "is_article_title": false,
                "content_labels": [
                    "1011010"
                ],
                "note": "",
                "name": null,
                "contents": [
                    {
                        "text": "1)‘갑’의 회사 경영 사정으로 본 계약서상의 음반제작 및 발매에 중대한 지장이 발생한 경우 계약 기간 중 일지라도 ’을’은 최고 절차 후 본 계약을 해지할 수 있고, 이 경우 ‘을’은 지급받은 계약금을 반환할 의무를 부담하지 아니한다.",
                        "type": null,
                        "rowId": null,
                        "cells": null
                    }
                ],
                "coordinate": null
            },
            {
                "id": 112,
                "type": "TEXT",
                "format_content": "1011AAC",
                "depth": 2,
                "sort_order": 91,
                "article": 16,
                "paragraph": 2,
                "subParagraph": null,
                "is_article_title": false,
                "content_labels": [
                    "1011010"
                ],
                "note": "",
                "name": null,
                "contents": [
                    {
                        "text": "2)‘을’ 이 다음 각항 중 어느 하나에 해당하는 경우 ‘갑’은 최고 절차 후 본 계약을 해지할 수 있고, ‘을’은 손해배상은 물론 모든 민, 형사 상의 책임을 감수한다.",
                        "type": null,
                        "rowId": null,
                        "cells": null
                    }
                ],
                "coordinate": null
            },
            {
                "id": 113,
                "type": "TEXT",
                "format_content": "1011AAC",
                "depth": 2,
                "sort_order": 92,
                "article": 16,
                "paragraph": 2,
                "subParagraph": 1,
                "is_article_title": false,
                "content_labels": [
                    "1011010"
                ],
                "note": "",
                "name": null,
                "contents": [
                    {
                        "text": "(i) ‘을’의 고의로 인해 본 계약서상의 음반제작 및 발매에 지장이 발생한 경우",
                        "type": null,
                        "rowId": null,
                        "cells": null
                    }
                ],
                "coordinate": null
            },
            {
                "id": 114,
                "type": "TEXT",
                "format_content": "1011AAC",
                "depth": 2,
                "sort_order": 93,
                "article": 16,
                "paragraph": 2,
                "subParagraph": 2,
                "is_article_title": false,
                "content_labels": [
                    "1011010"
                ],
                "note": "",
                "name": null,
                "contents": [
                    {
                        "text": "(ii) ‘을’이 제3자로부터 소송 및 강제집행을 당하여 ‘갑’과의 계약 이행이 어려울 때",
                        "type": null,
                        "rowId": null,
                        "cells": null
                    }
                ],
                "coordinate": null
            },
            {
                "id": 115,
                "type": "TEXT",
                "format_content": "1011AAC",
                "depth": 1,
                "sort_order": 94,
                "article": 17,
                "paragraph": null,
                "subParagraph": null,
                "is_article_title": true,
                "content_labels": [
                    "1011025"
                ],
                "note": "",
                "name": null,
                "contents": [
                    {
                        "text": "제17조 : 소송 및 분쟁해결",
                        "type": null,
                        "rowId": null,
                        "cells": null
                    }
                ],
                "coordinate": null
            },
            {
                "id": 116,
                "type": "TEXT",
                "format_content": "1011AAC",
                "depth": 2,
                "sort_order": 95,
                "article": 17,
                "paragraph": 1,
                "subParagraph": null,
                "is_article_title": false,
                "content_labels": [
                    "1011019",
                    "1011026"
                ],
                "note": "",
                "name": null,
                "contents": [
                    {
                        "text": "1) 본 계약서에 명시되지 않은 사항이나 계약서의 해석상의 이견이 발생하는 것은 저작권법, 상법 등 민사특별법, 민법 순으로 적용하여 해석하기로 하되 누락된 것은 업계 상관례 및 계약 체결의 취지에 따라 ’갑’, ’을’이 상호 협의하여 정한다.",
                        "type": null,
                        "rowId": null,
                        "cells": null
                    }
                ],
                "coordinate": null
            },
            {
                "id": 117,
                "type": "TEXT",
                "format_content": "1011AAC",
                "depth": 2,
                "sort_order": 96,
                "article": 17,
                "paragraph": 2,
                "subParagraph": null,
                "is_article_title": false,
                "content_labels": [
                    "1011025"
                ],
                "note": "",
                "name": null,
                "contents": [
                    {
                        "text": "2) 본 계약과 관련한 분쟁은 (@관할)법원의 전속관할로 한다.",
                        "type": null,
                        "rowId": null,
                        "cells": null
                    }
                ],
                "coordinate": null
            },
            {
                "id": 118,
                "type": "TEXT",
                "format_content": "1011AAC",
                "depth": 1,
                "sort_order": 97,
                "article": 18,
                "paragraph": null,
                "subParagraph": null,
                "is_article_title": true,
                "content_labels": [
                    "1011033"
                ],
                "note": "",
                "name": null,
                "contents": [
                    {
                        "text": "제18조 : 기타사항",
                        "type": null,
                        "rowId": null,
                        "cells": null
                    }
                ],
                "coordinate": null
            },
            {
                "id": 119,
                "type": "TEXT",
                "format_content": "1011AAC",
                "depth": 2,
                "sort_order": 98,
                "article": 18,
                "paragraph": null,
                "subParagraph": null,
                "is_article_title": false,
                "content_labels": [
                    "1011027"
                ],
                "note": "",
                "name": null,
                "contents": [
                    {
                        "text": "본 계약의 체결을 증명하기 위하여 계약서 2부를 작성하여 기명날인하고 ‘갑’, ’을’ 각각 1부씩 보관하기로 한다.",
                        "type": null,
                        "rowId": null,
                        "cells": null
                    }
                ],
                "coordinate": null
            },
            {
                "id": 121,
                "type": "TEXT",
                "format_content": "1011AAE",
                "depth": 2,
                "sort_order": 99,
                "article": null,
                "paragraph": null,
                "subParagraph": null,
                "is_article_title": false,
                "content_labels": [
                    "1011028"
                ],
                "note": "",
                "name": null,
                "contents": [
                    {
                        "text": "(@날짜)",
                        "type": null,
                        "rowId": null,
                        "cells": null
                    }
                ],
                "coordinate": null
            },
            {
                "id": 122,
                "type": "TEXT",
                "format_content": "1011AAF",
                "depth": 2,
                "sort_order": 100,
                "article": null,
                "paragraph": null,
                "subParagraph": null,
                "is_article_title": false,
                "content_labels": [
                    "1011029",
                    "1011030"
                ],
                "note": "",
                "name": null,
                "contents": [
                    {
                        "text": "갑 : (@회사명1) 주식회사\n(@주소)\n사업자등록번호 : (@고유번호)\n대표이사 : (@성명1) (인)",
                        "type": null,
                        "rowId": null,
                        "cells": null
                    }
                ],
                "coordinate": null
            },
            {
                "id": 123,
                "type": "TEXT",
                "format_content": "1011AAF",
                "depth": 2,
                "sort_order": 101,
                "article": null,
                "paragraph": null,
                "subParagraph": null,
                "is_article_title": false,
                "content_labels": [
                    "1011032",
                    "1011031"
                ],
                "note": "",
                "name": null,
                "contents": [
                    {
                        "text": "을 : (@성명2) (인)\n주소 : (주소)\n생년월일 : 0000년 00월 00일\n전화번호 : (번호)",
                        "type": null,
                        "rowId": null,
                        "cells": null
                    }
                ],
                "coordinate": null
            }
        ]
    }
}