{
    "document": {
        "doc_type": "1011",
        "title": null,
        "status": 4,
        "is_hold": null,
        "page_count": 4,
        "sub_document_count": 37,
        "created_time": "2024-10-28T12:15:15.985",
        "main_category": null,
        "sub_category": null,
        "detail_category": null,
        "related_law": null,
        "purpose": null,
        "use_case": null,
        "sub_documents": [
            {
                "id": 1,
                "type": "TEXT",
                "format_content": "1011AAA",
                "depth": 0,
                "sort_order": 1,
                "article": null,
                "paragraph": null,
                "subParagraph": null,
                "is_article_title": false,
                "content_labels": [
                    "1011033"
                ],
                "note": "",
                "name": null,
                "contents": [
                    {
                        "text": "매니지먼트 전속 계약서",
                        "type": null,
                        "rowId": null,
                        "cells": null
                    }
                ],
                "coordinate": null
            },
            {
                "id": 2,
                "type": "TEXT",
                "format_content": "1011AAB",
                "depth": 0,
                "sort_order": 2,
                "article": null,
                "paragraph": null,
                "subParagraph": null,
                "is_article_title": false,
                "content_labels": [
                    "1011001"
                ],
                "note": "",
                "name": null,
                "contents": [
                    {
                        "text": "(주) OOOO의 OOO을 “갑”이라 칭하고 OOOO을 “을”이라 칭하여 다음과 같이 연예/스포츠 매니지먼트 전속 계약을 체결한다",
                        "type": null,
                        "rowId": null,
                        "cells": null
                    }
                ],
                "coordinate": null
            },
            {
                "id": 4,
                "type": "TEXT",
                "format_content": "1011AAC",
                "depth": 0,
                "sort_order": 3,
                "article": 1,
                "paragraph": null,
                "subParagraph": null,
                "is_article_title": true,
                "content_labels": [
                    "1011002"
                ],
                "note": "",
                "name": null,
                "contents": [
                    {
                        "text": "제1조 : 계약의 목적",
                        "type": null,
                        "rowId": null,
                        "cells": null
                    }
                ],
                "coordinate": null
            },
            {
                "id": 5,
                "type": "TEXT",
                "format_content": "1011AAC",
                "depth": 1,
                "sort_order": 4,
                "article": 1,
                "paragraph": null,
                "subParagraph": null,
                "is_article_title": false,
                "content_labels": [
                    "1011002"
                ],
                "note": "",
                "name": null,
                "contents": [
                    {
                        "text": "본 계약의 목적은 “갑”이 연예/스포츠 매니지먼트 에 관한 홍보, 섭외, 관리를 지원 진행함에 있어 쌍방간의 관계 및 제반 조건을 규정함에 있다",
                        "type": null,
                        "rowId": null,
                        "cells": null
                    }
                ],
                "coordinate": null
            },
            {
                "id": 6,
                "type": "TEXT",
                "format_content": "1011AAC",
                "depth": 0,
                "sort_order": 5,
                "article": 2,
                "paragraph": null,
                "subParagraph": null,
                "is_article_title": true,
                "content_labels": [
                    "1011020"
                ],
                "note": "",
                "name": null,
                "contents": [
                    {
                        "text": "제2조 (고지의무)",
                        "type": null,
                        "rowId": null,
                        "cells": null
                    }
                ],
                "coordinate": null
            },
            {
                "id": 7,
                "type": "TEXT",
                "format_content": "1011AAC",
                "depth": 1,
                "sort_order": 6,
                "article": 2,
                "paragraph": null,
                "subParagraph": null,
                "is_article_title": false,
                "content_labels": [
                    "1011020"
                ],
                "note": "",
                "name": null,
                "contents": [
                    {
                        "text": "- 상기 계약기간 만료 전 대표이사직을 퇴사할 경우 ‘대표이사’는 퇴사희망일 1개월 전에 관리자에게 사직서를 제출하여야 하며, 업무 인수인계를 통하여 업무에 지장이 없도록 하여야 한다. 만약, 사전 통보 없이 임의로 퇴사할 경우 ‘급여담당자 및 회사’는 이로 인한 관리적 손실에 대하여 ‘대표이사’에게 손해배상을 청구할 수 있다.",
                        "type": null,
                        "rowId": null,
                        "cells": null
                    }
                ],
                "coordinate": null
            },
            {
                "id": 9,
                "type": "TEXT",
                "format_content": "1011AAC",
                "depth": 0,
                "sort_order": 7,
                "article": 3,
                "paragraph": null,
                "subParagraph": null,
                "is_article_title": true,
                "content_labels": [
                    "1011021"
                ],
                "note": "",
                "name": null,
                "contents": [
                    {
                        "text": "제3조 (불가항력)",
                        "type": null,
                        "rowId": null,
                        "cells": null
                    }
                ],
                "coordinate": null
            },
            {
                "id": 10,
                "type": "TEXT",
                "format_content": "1011AAC",
                "depth": 1,
                "sort_order": 8,
                "article": 3,
                "paragraph": 1,
                "subParagraph": null,
                "is_article_title": false,
                "content_labels": [
                    "1011021"
                ],
                "note": "",
                "name": null,
                "contents": [
                    {
                        "text": "1. 출연자의 사망이나 질병, 지진, 화재, 수해, 기타 천재지변으로 인한 공연장의 일부 또는 전부의 멸실, 전쟁, 내란, 폭동, 전염병의 창궐, 기타 갑과 을 양 당사자에게 책임이 없는 사유에 의하여 계약의 이행이 지체 또는 불가능하게 될 경우, 갑과 을은 상호 합의 하에 본 계약을 해지 또는 변경할 수 있다.",
                        "type": null,
                        "rowId": null,
                        "cells": null
                    }
                ],
                "coordinate": null
            },
            {
                "id": 11,
                "type": "TEXT",
                "format_content": "1011AAC",
                "depth": 1,
                "sort_order": 9,
                "article": 3,
                "paragraph": 2,
                "subParagraph": null,
                "is_article_title": false,
                "content_labels": [
                    "1011033"
                ],
                "note": "",
                "name": null,
                "contents": [
                    {
                        "text": "2. 전항의 사유로 인해 공연이 취소된 경우 발생한 손해는 갑과 을의 상호 합의에 따라 처리한다.",
                        "type": null,
                        "rowId": null,
                        "cells": null
                    }
                ],
                "coordinate": null
            },
            {
                "id": 12,
                "type": "TEXT",
                "format_content": "1011AAC",
                "depth": 0,
                "sort_order": 10,
                "article": 4,
                "paragraph": null,
                "subParagraph": null,
                "is_article_title": true,
                "content_labels": [
                    "1011003"
                ],
                "note": "",
                "name": null,
                "contents": [
                    {
                        "text": "제4조 : 계약의 조건",
                        "type": null,
                        "rowId": null,
                        "cells": null
                    }
                ],
                "coordinate": null
            },
            {
                "id": 13,
                "type": "TEXT",
                "format_content": "1011AAC",
                "depth": 1,
                "sort_order": 11,
                "article": 4,
                "paragraph": 1,
                "subParagraph": null,
                "is_article_title": false,
                "content_labels": [
                    "1011015"
                ],
                "note": "",
                "name": null,
                "contents": [
                    {
                        "text": "1) “을”은 최상의 연예/스포츠 스타가 되기 위하여 “갑”의 활동(홍보, 섭외, 관리) 에 적극 협조한다",
                        "type": null,
                        "rowId": null,
                        "cells": null
                    }
                ],
                "coordinate": null
            },
            {
                "id": 14,
                "type": "TEXT",
                "format_content": "1011AAC",
                "depth": 1,
                "sort_order": 12,
                "article": 4,
                "paragraph": 2,
                "subParagraph": null,
                "is_article_title": false,
                "content_labels": [
                    "1011033"
                ],
                "note": "",
                "name": null,
                "contents": [
                    {
                        "text": "2) “갑”은 “을”의 연예/스포츠 매니지먼트 활동에 최대한 홍보와 캐스팅 지원에 경주하며 “을”은 계약기간 동안 자신의 관리 및 모든 계약통제 조정권을 “갑”에게 일임한다",
                        "type": null,
                        "rowId": null,
                        "cells": null
                    }
                ],
                "coordinate": null
            },
            {
                "id": 16,
                "type": "TEXT",
                "format_content": "1011AAC",
                "depth": 1,
                "sort_order": 13,
                "article": 4,
                "paragraph": 3,
                "subParagraph": null,
                "is_article_title": false,
                "content_labels": [
                    "1011033"
                ],
                "note": "",
                "name": null,
                "contents": [
                    {
                        "text": "3) “을”의 개인적인  연예활동은 “갑” 의 통제 하에 가능하다",
                        "type": null,
                        "rowId": null,
                        "cells": null
                    }
                ],
                "coordinate": null
            },
            {
                "id": 17,
                "type": "TEXT",
                "format_content": "1011AAC",
                "depth": 1,
                "sort_order": 14,
                "article": 4,
                "paragraph": 4,
                "subParagraph": null,
                "is_article_title": false,
                "content_labels": [
                    "1011033"
                ],
                "note": "",
                "name": null,
                "contents": [
                    {
                        "text": "4) “을”의 연예/스포츠매니지먼트 활동이라 함은 국내의 공중파, 케이블 TV, 인터넷 방송 출연, 잡지모델, 신문광고, 토크쇼 진행, 비디오 출시, 각종상품의 광고 모델, 이벤트 행사 등 연예/스포츠 매체활동으로 인한 수익 관련 활동을 말하며 저작권 및 초상권 등의 캐릭터 사업 또한 이에 포함된다",
                        "type": null,
                        "rowId": null,
                        "cells": null
                    }
                ],
                "coordinate": null
            },
            {
                "id": 18,
                "type": "TEXT",
                "format_content": "1011AAC",
                "depth": 0,
                "sort_order": 15,
                "article": 5,
                "paragraph": null,
                "subParagraph": null,
                "is_article_title": true,
                "content_labels": [
                    "1011033"
                ],
                "note": "",
                "name": null,
                "contents": [
                    {
                        "text": "제5조 : 준수사항 및 규제사항",
                        "type": null,
                        "rowId": null,
                        "cells": null
                    }
                ],
                "coordinate": null
            },
            {
                "id": 19,
                "type": "TEXT",
                "format_content": "1011AAC",
                "depth": 1,
                "sort_order": 16,
                "article": 5,
                "paragraph": 1,
                "subParagraph": null,
                "is_article_title": false,
                "content_labels": [
                    "1011018"
                ],
                "note": "",
                "name": null,
                "contents": [
                    {
                        "text": "1) “을”은 국내 연예/스포츠 활동기간 중 스타로서 국가법령을 준수하며 사회적 물의를 일으키는 일이 없도록 본인의 의무를 다한다.",
                        "type": null,
                        "rowId": null,
                        "cells": null
                    }
                ],
                "coordinate": null
            },
            {
                "id": 20,
                "type": "TEXT",
                "format_content": "1011AAC",
                "depth": 1,
                "sort_order": 17,
                "article": 5,
                "paragraph": 2,
                "subParagraph": null,
                "is_article_title": false,
                "content_labels": [
                    "1011018"
                ],
                "note": "",
                "name": null,
                "contents": [
                    {
                        "text": "2) “을”은 “갑”과의 합의된 방송 및 연예/스포츠 활동 일정에 대하여 천재지변이 없는 시간을 엄수하여야 하며 일신상의 문제로 활동이 중단되거나 사전 협의 없이 일정에 차질을 주어서는 안 된다",
                        "type": null,
                        "rowId": null,
                        "cells": null
                    }
                ],
                "coordinate": null
            },
            {
                "id": 21,
                "type": "TEXT",
                "format_content": "1011AAC",
                "depth": 1,
                "sort_order": 18,
                "article": 5,
                "paragraph": 3,
                "subParagraph": null,
                "is_article_title": false,
                "content_labels": [
                    "1011009"
                ],
                "note": "",
                "name": null,
                "contents": [
                    {
                        "text": "3) “을”은“갑”과의 계약기간 동안 “갑”의 승인 없이 제 3 자와 중복 계약 할 수없다",
                        "type": null,
                        "rowId": null,
                        "cells": null
                    }
                ],
                "coordinate": null
            },
            {
                "id": 22,
                "type": "TEXT",
                "format_content": "1011AAC",
                "depth": 0,
                "sort_order": 19,
                "article": 6,
                "paragraph": null,
                "subParagraph": null,
                "is_article_title": true,
                "content_labels": [
                    "1011006",
                    "1011007"
                ],
                "note": "",
                "name": null,
                "contents": [
                    {
                        "text": "제6조 : 계약기간 및 수익배분",
                        "type": null,
                        "rowId": null,
                        "cells": null
                    }
                ],
                "coordinate": null
            },
            {
                "id": 23,
                "type": "TEXT",
                "format_content": "1011AAC",
                "depth": 1,
                "sort_order": 20,
                "article": 6,
                "paragraph": 1,
                "subParagraph": null,
                "is_article_title": false,
                "content_labels": [
                    "1011006"
                ],
                "note": "",
                "name": null,
                "contents": [
                    {
                        "text": "1) “갑”과 “을”의 골프 매니지먼트 전속 계약 기간은 20OO년 O월 O일부터 20OO년 O월 O일까지(O년)로 하며 특별한 사항이 발생하지 않는 한 (O년 간) 재 계약한다",
                        "type": null,
                        "rowId": null,
                        "cells": null
                    }
                ],
                "coordinate": null
            },
            {
                "id": 25,
                "type": "TEXT",
                "format_content": "1011AAC",
                "depth": 1,
                "sort_order": 21,
                "article": 6,
                "paragraph": 2,
                "subParagraph": null,
                "is_article_title": false,
                "content_labels": [
                    "1011007"
                ],
                "note": "",
                "name": null,
                "contents": [
                    {
                        "text": "2) 수익의 배분은 “갑” 과 “을” 이 OO : OO으로 연예/스포츠 활동을 통하여 발생된 수익금을 공정하게 배분한다\n(단 , 수수료와 세금은 수입에 포함되지 않는다)\n(수익의 배분은 대금 결재 후 3일 이내에 정산하는 것으로 한다)",
                        "type": null,
                        "rowId": null,
                        "cells": null
                    }
                ],
                "coordinate": null
            },
            {
                "id": 29,
                "type": "TEXT",
                "format_content": "1011AAC",
                "depth": 1,
                "sort_order": 22,
                "article": 6,
                "paragraph": 3,
                "subParagraph": null,
                "is_article_title": false,
                "content_labels": [
                    "1011007"
                ],
                "note": "",
                "name": null,
                "contents": [
                    {
                        "text": "3) “을”은 본인에게 별도로 섭외되는 모든 연예/스포츠활동에 대해 “갑”에게 통보하고 진행일정 조절과 함께 수입금 지급을 “갑”을 통해서 지급 받는다",
                        "type": null,
                        "rowId": null,
                        "cells": null
                    }
                ],
                "coordinate": null
            },
            {
                "id": 30,
                "type": "TEXT",
                "format_content": "1011AAC",
                "depth": 0,
                "sort_order": 23,
                "article": 7,
                "paragraph": null,
                "subParagraph": null,
                "is_article_title": true,
                "content_labels": [
                    "1011010",
                    "1011013"
                ],
                "note": "",
                "name": null,
                "contents": [
                    {
                        "text": "제7조 : 위약과 해지",
                        "type": null,
                        "rowId": null,
                        "cells": null
                    }
                ],
                "coordinate": null
            },
            {
                "id": 31,
                "type": "TEXT",
                "format_content": "1011AAC",
                "depth": 1,
                "sort_order": 24,
                "article": 7,
                "paragraph": 1,
                "subParagraph": null,
                "is_article_title": false,
                "content_labels": [
                    "1011010"
                ],
                "note": "",
                "name": null,
                "contents": [
                    {
                        "text": "1) 계약기간 중 계약의 해지는 “갑”과“을”의 상호 협의 동의 하에서만 이루어진다",
                        "type": null,
                        "rowId": null,
                        "cells": null
                    }
                ],
                "coordinate": null
            },
            {
                "id": 32,
                "type": "TEXT",
                "format_content": "1011AAC",
                "depth": 1,
                "sort_order": 25,
                "article": 7,
                "paragraph": 2,
                "subParagraph": null,
                "is_article_title": false,
                "content_labels": [
                    "1011033"
                ],
                "note": "",
                "name": null,
                "contents": [
                    {
                        "text": "2) 계약 연장은 양자 동의 하에 이루어진다",
                        "type": null,
                        "rowId": null,
                        "cells": null
                    }
                ],
                "coordinate": null
            },
            {
                "id": 33,
                "type": "TEXT",
                "format_content": "1011AAC",
                "depth": 2,
                "sort_order": 26,
                "article": 7,
                "paragraph": 2,
                "subParagraph": null,
                "is_article_title": false,
                "content_labels": [
                    "1011033"
                ],
                "note": "",
                "name": null,
                "contents": [
                    {
                        "text": "- 단, 계약만료 1 개월 전에 상대방에게 계약해지 통보하지 않을 경우 계약은(O년) 단위로 자동 연장된다",
                        "type": null,
                        "rowId": null,
                        "cells": null
                    }
                ],
                "coordinate": null
            },
            {
                "id": 34,
                "type": "TEXT",
                "format_content": "1011AAC",
                "depth": 1,
                "sort_order": 27,
                "article": 7,
                "paragraph": 3,
                "subParagraph": null,
                "is_article_title": false,
                "content_labels": [
                    "1011013"
                ],
                "note": "",
                "name": null,
                "contents": [
                    {
                        "text": "3) “을”은 “갑”과의 계약기간 중 위약이나 임의 계약파기 또한 제 3 자와의 임의 중복 계약 시",
                        "type": null,
                        "rowId": null,
                        "cells": null
                    }
                ],
                "coordinate": null
            },
            {
                "id": 35,
                "type": "TEXT",
                "format_content": "1011AAC",
                "depth": 2,
                "sort_order": 28,
                "article": 7,
                "paragraph": 3,
                "subParagraph": null,
                "is_article_title": false,
                "content_labels": [
                    "1011013"
                ],
                "note": "",
                "name": null,
                "contents": [
                    {
                        "text": "- “을”은 “갑”과의 계약 잔류 기간 동안 “을”이 얻은 수익금 중 “갑”의 계약 지분을 보장한다",
                        "type": null,
                        "rowId": null,
                        "cells": null
                    }
                ],
                "coordinate": null
            },
            {
                "id": 36,
                "type": "TEXT",
                "format_content": "1011AAC",
                "depth": 2,
                "sort_order": 29,
                "article": 7,
                "paragraph": 3,
                "subParagraph": null,
                "is_article_title": false,
                "content_labels": [
                    "1011013"
                ],
                "note": "",
                "name": null,
                "contents": [
                    {
                        "text": "- “을”은 “갑”이 “을”에게 지출된 관련 제반비용 및 계약기간 동안 “갑”을 통해 얻은 출연 수익금의 2 배를 “갑”에게 배상한다",
                        "type": null,
                        "rowId": null,
                        "cells": null
                    }
                ],
                "coordinate": null
            },
            {
                "id": 37,
                "type": "TEXT",
                "format_content": "1011AAC",
                "depth": 1,
                "sort_order": 30,
                "article": 7,
                "paragraph": 4,
                "subParagraph": null,
                "is_article_title": false,
                "content_labels": [
                    "1011022"
                ],
                "note": "",
                "name": null,
                "contents": [
                    {
                        "text": "4) “갑”은 “을”의 비 협조로 계약상의 활동이 어려워지거나 “을”이 본 계약을 위배함으로서 “갑”이 경제상, 신용상의 손해를 입을 경우 “갑”은 손해배상을 청구 할 수 있다.",
                        "type": null,
                        "rowId": null,
                        "cells": null
                    }
                ],
                "coordinate": null
            },
            {
                "id": 38,
                "type": "TEXT",
                "format_content": "1011AAC",
                "depth": 0,
                "sort_order": 31,
                "article": 8,
                "paragraph": null,
                "subParagraph": null,
                "is_article_title": true,
                "content_labels": [
                    "1011012"
                ],
                "note": "",
                "name": null,
                "contents": [
                    {
                        "text": "제8조 : 계약의 시행일",
                        "type": null,
                        "rowId": null,
                        "cells": null
                    }
                ],
                "coordinate": null
            },
            {
                "id": 39,
                "type": "TEXT",
                "format_content": "1011AAC",
                "depth": 1,
                "sort_order": 32,
                "article": 8,
                "paragraph": 1,
                "subParagraph": null,
                "is_article_title": false,
                "content_labels": [
                    "1011033"
                ],
                "note": "",
                "name": null,
                "contents": [
                    {
                        "text": "1) 본 계약서에 명시되지 않은 사항은 일반 상관례에 따라 협의 처리한다.",
                        "type": null,
                        "rowId": null,
                        "cells": null
                    }
                ],
                "coordinate": null
            },
            {
                "id": 40,
                "type": "TEXT",
                "format_content": "1011AAC",
                "depth": 1,
                "sort_order": 33,
                "article": 8,
                "paragraph": 2,
                "subParagraph": null,
                "is_article_title": false,
                "content_labels": [
                    "1011033"
                ],
                "note": "",
                "name": null,
                "contents": [
                    {
                        "text": "2) 명문화되지 않았지만 현실적으로 문제가 발생하여 명문화시킬 규정사항이 생기면 상호 의견 조정 후 명문화시킨다.",
                        "type": null,
                        "rowId": null,
                        "cells": null
                    }
                ],
                "coordinate": null
            },
            {
                "id": 41,
                "type": "TEXT",
                "format_content": "1011AAC",
                "depth": 1,
                "sort_order": 34,
                "article": 8,
                "paragraph": 3,
                "subParagraph": null,
                "is_article_title": false,
                "content_labels": [
                    "1011012"
                ],
                "note": "",
                "name": null,
                "contents": [
                    {
                        "text": "3) “갑”과“을”의 연예/스포츠매니지먼트 전속 계약은 계약한 당일부터 효력이 발생한다.",
                        "type": null,
                        "rowId": null,
                        "cells": null
                    }
                ],
                "coordinate": null
            },
            {
                "id": 42,
                "type": "TEXT",
                "format_content": "1011AAE",
                "depth": 0,
                "sort_order": 35,
                "article": null,
                "paragraph": null,
                "subParagraph": null,
                "is_article_title": false,
                "content_labels": [
                    "1011028"
                ],
                "note": "",
                "name": null,
                "contents": [
                    {
                        "text": "20OO년 O월 O일",
                        "type": null,
                        "rowId": null,
                        "cells": null
                    }
                ],
                "coordinate": null
            },
            {
                "id": 43,
                "type": "TEXT",
                "format_content": "1011AAF",
                "depth": 0,
                "sort_order": 36,
                "article": null,
                "paragraph": null,
                "subParagraph": null,
                "is_article_title": false,
                "content_labels": [
                    "1011030"
                ],
                "note": "",
                "name": null,
                "contents": [
                    {
                        "text": "갑 : (주)OOOO, OOO",
                        "type": null,
                        "rowId": null,
                        "cells": null
                    }
                ],
                "coordinate": null
            },
            {
                "id": 44,
                "type": "TEXT",
                "format_content": "1011AAF",
                "depth": 0,
                "sort_order": 37,
                "article": null,
                "paragraph": null,
                "subParagraph": null,
                "is_article_title": false,
                "content_labels": [
                    "1011032"
                ],
                "note": "",
                "name": null,
                "contents": [
                    {
                        "text": "을 : OOO",
                        "type": null,
                        "rowId": null,
                        "cells": null
                    }
                ],
                "coordinate": null
            }
        ]
    }
}