{
    "document": {
        "doc_type": "1011",
        "title": null,
        "status": 4,
        "is_hold": null,
        "page_count": 3,
        "sub_document_count": 23,
        "created_time": "2024-10-28T17:07:02.398",
        "main_category": null,
        "sub_category": null,
        "detail_category": null,
        "related_law": null,
        "purpose": null,
        "use_case": null,
        "sub_documents": [
            {
                "id": 1,
                "type": "TEXT",
                "format_content": "1011AAA",
                "depth": 0,
                "sort_order": 1,
                "article": null,
                "paragraph": null,
                "subParagraph": null,
                "is_article_title": false,
                "content_labels": [
                    "1011033"
                ],
                "note": "",
                "name": null,
                "contents": [
                    {
                        "text": "강연 계약서",
                        "type": null,
                        "rowId": null,
                        "cells": null
                    }
                ],
                "coordinate": null
            },
            {
                "id": 2,
                "type": "TEXT",
                "format_content": "1011AAB",
                "depth": 0,
                "sort_order": 2,
                "article": null,
                "paragraph": null,
                "subParagraph": null,
                "is_article_title": false,
                "content_labels": [
                    "1011002",
                    "1011003"
                ],
                "note": "",
                "name": null,
                "contents": [
                    {
                        "text": "(@회사명1)(이하, “회사”)와  (@회사명2)은 (@날짜) (@주소)에서 개최되는 회사 워크샵에서 [(@구체적 사실)]에 대한 강연과 관련하여 다음 사항에 대한 상호합의 사항을 확인하기 위한 목적으로 작성됩니다.",
                        "type": null,
                        "rowId": null,
                        "cells": null
                    }
                ],
                "coordinate": null
            },
            {
                "id": 3,
                "type": "TEXT",
                "format_content": "1011AAC",
                "depth": 0,
                "sort_order": 3,
                "article": 1,
                "paragraph": null,
                "subParagraph": null,
                "is_article_title": true,
                "content_labels": [
                    "1011003"
                ],
                "note": "",
                "name": null,
                "contents": [
                    {
                        "text": "제1조 (파견 근로자의 수)",
                        "type": null,
                        "rowId": null,
                        "cells": null
                    }
                ],
                "coordinate": null
            },
            {
                "id": 4,
                "type": "TEXT",
                "format_content": "1011AAC",
                "depth": 1,
                "sort_order": 4,
                "article": 1,
                "paragraph": null,
                "subParagraph": null,
                "is_article_title": false,
                "content_labels": [
                    "1011003"
                ],
                "note": "",
                "name": null,
                "contents": [
                    {
                        "text": "갑은 회사의 사업장에 업무 종류별로 부록과 같은 인원을 파견한다.",
                        "type": null,
                        "rowId": null,
                        "cells": null
                    }
                ],
                "coordinate": null
            },
            {
                "id": 5,
                "type": "TEXT",
                "format_content": "1011AAC",
                "depth": 0,
                "sort_order": 5,
                "article": 2,
                "paragraph": null,
                "subParagraph": null,
                "is_article_title": true,
                "content_labels": [
                    "1011021"
                ],
                "note": "",
                "name": null,
                "contents": [
                    {
                        "text": "제2조 (불가항력)",
                        "type": null,
                        "rowId": null,
                        "cells": null
                    }
                ],
                "coordinate": null
            },
            {
                "id": 6,
                "type": "TEXT",
                "format_content": "1011AAC",
                "depth": 1,
                "sort_order": 6,
                "article": 2,
                "paragraph": null,
                "subParagraph": null,
                "is_article_title": false,
                "content_labels": [
                    "1011021"
                ],
                "note": "",
                "name": null,
                "contents": [
                    {
                        "text": "0. 연예인이 중대한 질병에 걸리거나 상해를 당하여 연예활동을 계속하기 어려운 사정이 발생한 경우, 본 계약은 자동적으로 종료됩니다.",
                        "type": null,
                        "rowId": null,
                        "cells": null
                    }
                ],
                "coordinate": null
            },
            {
                "id": 7,
                "type": "TEXT",
                "format_content": "1011AAC",
                "depth": 0,
                "sort_order": 7,
                "article": 3,
                "paragraph": null,
                "subParagraph": null,
                "is_article_title": true,
                "content_labels": [
                    "1011014"
                ],
                "note": "",
                "name": null,
                "contents": [
                    {
                        "text": "제3조 기밀유지",
                        "type": null,
                        "rowId": null,
                        "cells": null
                    }
                ],
                "coordinate": null
            },
            {
                "id": 8,
                "type": "TEXT",
                "format_content": "1011AAC",
                "depth": 1,
                "sort_order": 8,
                "article": 3,
                "paragraph": null,
                "subParagraph": null,
                "is_article_title": false,
                "content_labels": [
                    "1011014"
                ],
                "note": "",
                "name": null,
                "contents": [
                    {
                        "text": "본 계약의 이행과정에서\n1. 지적재산권의 소유\n2. 계약의 해지\n3. 강연료의 지급\n4. 지급의무의 면책\n5. 법률과 규범 준수",
                        "type": null,
                        "rowId": null,
                        "cells": null
                    }
                ],
                "coordinate": null
            },
            {
                "id": 14,
                "type": "TEXT",
                "format_content": "1011AAC",
                "depth": 2,
                "sort_order": 9,
                "article": 3,
                "paragraph": 1,
                "subParagraph": null,
                "is_article_title": false,
                "content_labels": [
                    "1011014"
                ],
                "note": "",
                "name": null,
                "contents": [
                    {
                        "text": "1. 기밀유지",
                        "type": null,
                        "rowId": null,
                        "cells": null
                    }
                ],
                "coordinate": null
            },
            {
                "id": 15,
                "type": "TEXT",
                "format_content": "1011AAC",
                "depth": 3,
                "sort_order": 10,
                "article": 3,
                "paragraph": 1,
                "subParagraph": null,
                "is_article_title": false,
                "content_labels": [
                    "1011014"
                ],
                "note": "",
                "name": null,
                "contents": [
                    {
                        "text": "본 계약의 이행과정에서 귀하에게 제공되어지거나, 귀하가 취득한 (@회사명 2)의 기밀정보가 제 3 자에게 유출될 경우 회사는 사업상 막대한 손해를 입을 수 있으므로, 회사의 서면승인 없이 회사가 제공하는 기밀정보를 복사하거나 재생산하지 않을 것이며, 동 정보를 본 계약 목적 이외로 사용하거나 제 3 자에게 유출하지\n않아야 합니다.",
                        "type": null,
                        "rowId": null,
                        "cells": null
                    }
                ],
                "coordinate": null
            },
            {
                "id": 18,
                "type": "TEXT",
                "format_content": "1011AAC",
                "depth": 2,
                "sort_order": 11,
                "article": 3,
                "paragraph": 2,
                "subParagraph": null,
                "is_article_title": false,
                "content_labels": [
                    "1011008"
                ],
                "note": "",
                "name": null,
                "contents": [
                    {
                        "text": "2. 지적재산권의 소유",
                        "type": null,
                        "rowId": null,
                        "cells": null
                    }
                ],
                "coordinate": null
            },
            {
                "id": 19,
                "type": "TEXT",
                "format_content": "1011AAC",
                "depth": 3,
                "sort_order": 12,
                "article": 3,
                "paragraph": 3,
                "subParagraph": null,
                "is_article_title": false,
                "content_labels": [
                    "1011008",
                    "1011014",
                    "1011018"
                ],
                "note": "",
                "name": null,
                "contents": [
                    {
                        "text": "본 계약에 따라 강연을 준비하거나 제공하는 동안 또는 그 이외의 경우 회사의 기밀정보를 이용하여 발생된 모든 지적재산권에 대하여 회사에 통지하여야 하며, 귀하는 이러한 지적재산권에 대한 소유권 귀속 및 사용권리에 대하여 양 당사자간 상호합의 할 수 있다는 사실을 이해하고 이에 대해 신의성실원칙에 의해 회사와 협의해야 합니다.",
                        "type": null,
                        "rowId": null,
                        "cells": null
                    }
                ],
                "coordinate": null
            },
            {
                "id": 23,
                "type": "TEXT",
                "format_content": "1011AAC",
                "depth": 2,
                "sort_order": 13,
                "article": 3,
                "paragraph": 3,
                "subParagraph": null,
                "is_article_title": false,
                "content_labels": [
                    "1011010"
                ],
                "note": "",
                "name": null,
                "contents": [
                    {
                        "text": "3. 계약의 해지",
                        "type": null,
                        "rowId": null,
                        "cells": null
                    }
                ],
                "coordinate": null
            },
            {
                "id": 24,
                "type": "TEXT",
                "format_content": "1011AAC",
                "depth": 3,
                "sort_order": 14,
                "article": 3,
                "paragraph": 3,
                "subParagraph": null,
                "is_article_title": false,
                "content_labels": [
                    "1011010"
                ],
                "note": "",
                "name": null,
                "contents": [
                    {
                        "text": "본 계약의 서비스를 제공함에 있어 최대한 주의와 정당한 기술을 사용할 것에 동의합니다. 또한 귀하는 본 계약서의 의무에 반하는 어떠한 상충되는 이해관계에도 관여하지 않으며, 이해관계의 충돌과 관련된 의무를 위반한 경우, 회사는 귀하와의 본 계약 (또는 계약의 일부)을 강연 예정일 14일전 사전통지로써 해지할 수 있습니다.",
                        "type": null,
                        "rowId": null,
                        "cells": null
                    }
                ],
                "coordinate": null
            },
            {
                "id": 26,
                "type": "TEXT",
                "format_content": "1011AAC",
                "depth": 2,
                "sort_order": 15,
                "article": 3,
                "paragraph": 4,
                "subParagraph": null,
                "is_article_title": false,
                "content_labels": [
                    "1011007"
                ],
                "note": "",
                "name": null,
                "contents": [
                    {
                        "text": "4. 강연료의 지급",
                        "type": null,
                        "rowId": null,
                        "cells": null
                    }
                ],
                "coordinate": null
            },
            {
                "id": 27,
                "type": "TEXT",
                "format_content": "1011AAC",
                "depth": 3,
                "sort_order": 16,
                "article": 3,
                "paragraph": 4,
                "subParagraph": null,
                "is_article_title": false,
                "content_labels": [
                    "1011007",
                    "1011020"
                ],
                "note": "",
                "name": null,
                "contents": [
                    {
                        "text": "회사는 귀하에게 본 강연에 대한 대가로 원을 지불할 것 입니다. 필요 시 지방출장의 경우 이동을 위하여 실제 발생한 여행경비와 합리적 수준의 숙박비를 제공할 것입니다. 단, 상기 강연료, 교통비, 숙박비를 제외한 귀하가 사용한 비용에 대하여 회사는 지급 의무가 없습니다. 또한 귀하가 지급받을 수 있는 계좌정보를 별첨 양식에 기입하거나 회사의 별도 요청 증빙자료 (통장사본과 주민등록증 사본)를 회사에 제공하여야 합니다.",
                        "type": null,
                        "rowId": null,
                        "cells": null
                    }
                ],
                "coordinate": null
            },
            {
                "id": 32,
                "type": "TEXT",
                "format_content": "1011AAC",
                "depth": 2,
                "sort_order": 17,
                "article": 3,
                "paragraph": 5,
                "subParagraph": null,
                "is_article_title": false,
                "content_labels": [
                    "1011021"
                ],
                "note": "",
                "name": null,
                "contents": [
                    {
                        "text": "5. 지급의무의 면책",
                        "type": null,
                        "rowId": null,
                        "cells": null
                    }
                ],
                "coordinate": null
            },
            {
                "id": 33,
                "type": "TEXT",
                "format_content": "1011AAC",
                "depth": 3,
                "sort_order": 18,
                "article": 3,
                "paragraph": 5,
                "subParagraph": null,
                "is_article_title": false,
                "content_labels": [
                    "1011021"
                ],
                "note": "",
                "name": null,
                "contents": [
                    {
                        "text": "귀하가 본 계약에 따른 서비스 혹은 서비스의 일부를 제공하지 못하게 되는 경우 회사가 그에 대한 적절한 대비를 할 수 있도록 가능한 한 빠른 시일 내에 회사에 알려주셔야 하며, 그 경우 귀하가 제공하지 않거나 제공하지 않을 강연에 대해 회사는 본 계약에 따른 비용지급 의무로부터 면책됩니다.",
                        "type": null,
                        "rowId": null,
                        "cells": null
                    }
                ],
                "coordinate": null
            },
            {
                "id": 35,
                "type": "TEXT",
                "format_content": "1011AAC",
                "depth": 2,
                "sort_order": 19,
                "article": 3,
                "paragraph": 6,
                "subParagraph": null,
                "is_article_title": false,
                "content_labels": [
                    "1011019"
                ],
                "note": "",
                "name": null,
                "contents": [
                    {
                        "text": "6. 법률과 규범 준수",
                        "type": null,
                        "rowId": null,
                        "cells": null
                    }
                ],
                "coordinate": null
            },
            {
                "id": 36,
                "type": "TEXT",
                "format_content": "1011AAC",
                "depth": 3,
                "sort_order": 20,
                "article": 3,
                "paragraph": 6,
                "subParagraph": null,
                "is_article_title": false,
                "content_labels": [
                    "1011019",
                    "1011020"
                ],
                "note": "",
                "name": null,
                "contents": [
                    {
                        "text": "본 계약에 따라 제공될 강연은 모든 관련 법률과 규범을 준수하여 적법하게 이루어져야 하며, 특히 모든 강연자료는 (@구체적 사실)과 관련된 모든 법률에 부합하여야 합니다. 회사는 허가 받지 않은 어떠한 사항에 대해서도 회사제품의 사용을 권장하지 않습니다. \n본 계약의 내용에 대하여 동의하신다면 하기 서명란에 서명하시고 계좌정보를 별첨 양식에 기입하거나 별도 증빙자료(통장사본과 주민등록증 사본)를 회사에 송부하여 주시기 바랍니다. 다시 한번 회사의 강연요청을 수락하여 주신 것에 대하여 깊은 감사를 표합니다.",
                        "type": null,
                        "rowId": null,
                        "cells": null
                    }
                ],
                "coordinate": null
            },
            {
                "id": 39,
                "type": "TEXT",
                "format_content": "1011AAF",
                "depth": 3,
                "sort_order": 21,
                "article": null,
                "paragraph": null,
                "subParagraph": null,
                "is_article_title": false,
                "content_labels": [
                    "1011029",
                    "1011030"
                ],
                "note": "",
                "name": null,
                "contents": [
                    {
                        "text": "강연 위임자 : (@회사명 2)\n주 소 : (@주소)\n대표이사 (@성명) ( 인 )\n( 서 명 )",
                        "type": null,
                        "rowId": null,
                        "cells": null
                    }
                ],
                "coordinate": null
            },
            {
                "id": 49,
                "type": "TEXT",
                "format_content": "1011AAF",
                "depth": 3,
                "sort_order": 22,
                "article": null,
                "paragraph": null,
                "subParagraph": null,
                "is_article_title": false,
                "content_labels": [
                    "1011032",
                    "1011031"
                ],
                "note": "",
                "name": null,
                "contents": [
                    {
                        "text": "강연자 성명 :\n주 소 : ",
                        "type": null,
                        "rowId": null,
                        "cells": null
                    }
                ],
                "coordinate": null
            },
            {
                "id": 50,
                "type": "TEXT",
                "format_content": "1011AAE",
                "depth": 3,
                "sort_order": 23,
                "article": null,
                "paragraph": null,
                "subParagraph": null,
                "is_article_title": false,
                "content_labels": [
                    "1011028"
                ],
                "note": "",
                "name": null,
                "contents": [
                    {
                        "text": "서 명 일 자 : 20 년 월 일 ",
                        "type": null,
                        "rowId": null,
                        "cells": null
                    }
                ],
                "coordinate": null
            }
        ]
    }
}