{
    "document": {
        "doc_type": "1011",
        "title": null,
        "status": 4,
        "is_hold": null,
        "page_count": 4,
        "sub_document_count": 54,
        "created_time": "2024-11-06T09:26:37.189",
        "main_category": null,
        "sub_category": null,
        "detail_category": null,
        "related_law": null,
        "purpose": null,
        "use_case": null,
        "sub_documents": [
            {
                "id": 1,
                "type": "TEXT",
                "format_content": "1011AAA",
                "depth": 0,
                "sort_order": 1,
                "article": null,
                "paragraph": null,
                "subParagraph": null,
                "is_article_title": false,
                "content_labels": [
                    "1011033"
                ],
                "note": "",
                "name": null,
                "contents": [
                    {
                        "text": "모델 정기섭외 계약",
                        "type": null,
                        "rowId": null,
                        "cells": null
                    }
                ],
                "coordinate": null
            },
            {
                "id": 2,
                "type": "TEXT",
                "format_content": "1011AAB",
                "depth": 0,
                "sort_order": 2,
                "article": null,
                "paragraph": null,
                "subParagraph": null,
                "is_article_title": false,
                "content_labels": [
                    "1011001"
                ],
                "note": "",
                "name": null,
                "contents": [
                    {
                        "text": "(@회사명1)(이하 '갑'이라 한다)와 주식회사 (@회사명2)(이하 '을'이라 한다)은 다음과 같이 전문모델 정기 섭외 계약(이하 ‘본 계약’이라 한다)을 체결한다.",
                        "type": null,
                        "rowId": null,
                        "cells": null
                    }
                ],
                "coordinate": null
            },
            {
                "id": 3,
                "type": "TEXT",
                "format_content": "1011AAC",
                "depth": 0,
                "sort_order": 3,
                "article": 1,
                "paragraph": null,
                "subParagraph": null,
                "is_article_title": true,
                "content_labels": [
                    "1011002"
                ],
                "note": "",
                "name": null,
                "contents": [
                    {
                        "text": "제1조 【목적】",
                        "type": null,
                        "rowId": null,
                        "cells": null
                    }
                ],
                "coordinate": null
            },
            {
                "id": 4,
                "type": "TEXT",
                "format_content": "1011AAC",
                "depth": 1,
                "sort_order": 4,
                "article": 1,
                "paragraph": 1,
                "subParagraph": null,
                "is_article_title": false,
                "content_labels": [
                    "1011002"
                ],
                "note": "",
                "name": null,
                "contents": [
                    {
                        "text": "① 본 계약은 '갑'의 광고물에 '을' 소속모델을 정기적으로 섭외함에 있어 제반 사항을 규정함을 그 목적으로 한다.",
                        "type": null,
                        "rowId": null,
                        "cells": null
                    }
                ],
                "coordinate": null
            },
            {
                "id": 5,
                "type": "TEXT",
                "format_content": "1011AAC",
                "depth": 1,
                "sort_order": 5,
                "article": 1,
                "paragraph": 2,
                "subParagraph": null,
                "is_article_title": false,
                "content_labels": [
                    "1011002"
                ],
                "note": "",
                "name": null,
                "contents": [
                    {
                        "text": "② 본 계약 이전에 ‘갑’과 ‘을’간에 체결되었던 서면 또는 구두합의/계약은 모두 본 계약으로 대체되며, 본 계약의 내용과 상이한 것이 있는 경우에는 본 계약의 내용이 우선한다.",
                        "type": null,
                        "rowId": null,
                        "cells": null
                    }
                ],
                "coordinate": null
            },
            {
                "id": 7,
                "type": "TEXT",
                "format_content": "1011AAC",
                "depth": 0,
                "sort_order": 6,
                "article": 2,
                "paragraph": null,
                "subParagraph": null,
                "is_article_title": true,
                "content_labels": [
                    "1011003"
                ],
                "note": "",
                "name": null,
                "contents": [
                    {
                        "text": "제2조 【계약의 범위】",
                        "type": null,
                        "rowId": null,
                        "cells": null
                    }
                ],
                "coordinate": null
            },
            {
                "id": 8,
                "type": "TEXT",
                "format_content": "1011AAC",
                "depth": 1,
                "sort_order": 7,
                "article": 2,
                "paragraph": 1,
                "subParagraph": null,
                "is_article_title": false,
                "content_labels": [
                    "1011003"
                ],
                "note": "",
                "name": null,
                "contents": [
                    {
                        "text": "① ‘을’소속 모델의 출연은 ‘갑’의 OO품목에 대한 아래의 매체 광고로 한다.\n- (@구체적 사실관계)\n- 온라인 전 매체(‘갑’과 ‘갑’의 유통사의 웹사이트)",
                        "type": null,
                        "rowId": null,
                        "cells": null
                    }
                ],
                "coordinate": null
            },
            {
                "id": 11,
                "type": "TEXT",
                "format_content": "1011AAC",
                "depth": 1,
                "sort_order": 8,
                "article": 2,
                "paragraph": 2,
                "subParagraph": null,
                "is_article_title": false,
                "content_labels": [
                    "1011003"
                ],
                "note": "",
                "name": null,
                "contents": [
                    {
                        "text": "② ‘갑’은 ‘을에게 주 [ ]회 ‘을’소속 모델의 섭외를 요구할 수 있으며, ,’을’은 이에 응해야 한다.",
                        "type": null,
                        "rowId": null,
                        "cells": null
                    }
                ],
                "coordinate": null
            },
            {
                "id": 13,
                "type": "TEXT",
                "format_content": "1011AAC",
                "depth": 1,
                "sort_order": 9,
                "article": 2,
                "paragraph": 3,
                "subParagraph": null,
                "is_article_title": false,
                "content_labels": [
                    "1011006"
                ],
                "note": "",
                "name": null,
                "contents": [
                    {
                        "text": "②  본 계약의 유효기간은 20 .  . . 부터 20 .  . . 까지로 한다\n",
                        "type": null,
                        "rowId": null,
                        "cells": null
                    }
                ],
                "coordinate": null
            },
            {
                "id": 14,
                "type": "TEXT",
                "format_content": "1011AAC",
                "depth": 0,
                "sort_order": 10,
                "article": 3,
                "paragraph": null,
                "subParagraph": null,
                "is_article_title": true,
                "content_labels": [
                    "1011033"
                ],
                "note": "",
                "name": null,
                "contents": [
                    {
                        "text": "제3조 【촬영조건】",
                        "type": null,
                        "rowId": null,
                        "cells": null
                    }
                ],
                "coordinate": null
            },
            {
                "id": 15,
                "type": "TEXT",
                "format_content": "1011AAC",
                "depth": 1,
                "sort_order": 11,
                "article": 3,
                "paragraph": null,
                "subParagraph": null,
                "is_article_title": false,
                "content_labels": [
                    "1011033"
                ],
                "note": "",
                "name": null,
                "contents": [
                    {
                        "text": "모델의 촬영 제반조건은 아래와 같다.\n- 촬영장소: (@구체적 사실관계)\n- 1회당 촬영시간: [ ]H~[ ]H",
                        "type": null,
                        "rowId": null,
                        "cells": null
                    }
                ],
                "coordinate": null
            },
            {
                "id": 19,
                "type": "TEXT",
                "format_content": "1011AAC",
                "depth": 0,
                "sort_order": 12,
                "article": 4,
                "paragraph": null,
                "subParagraph": null,
                "is_article_title": true,
                "content_labels": [
                    "1011007"
                ],
                "note": "",
                "name": null,
                "contents": [
                    {
                        "text": "제4조 【출연료 지불조건】",
                        "type": null,
                        "rowId": null,
                        "cells": null
                    }
                ],
                "coordinate": null
            },
            {
                "id": 20,
                "type": "TEXT",
                "format_content": "1011AAC",
                "depth": 1,
                "sort_order": 13,
                "article": 4,
                "paragraph": 1,
                "subParagraph": null,
                "is_article_title": false,
                "content_labels": [
                    "1011007"
                ],
                "note": "",
                "name": null,
                "contents": [
                    {
                        "text": "① 본 계약의 존속기간 동안 ‘을’소속 모델의 출연료는 촬영시간을 기준으로 책정되며, 구체적인 내용은 아래와 같다.",
                        "type": null,
                        "rowId": null,
                        "cells": null
                    }
                ],
                "coordinate": null
            },
            {
                "id": 21,
                "type": "TABLE",
                "format_content": "1011AAC",
                "depth": 2,
                "sort_order": 14,
                "article": 4,
                "paragraph": 1,
                "subParagraph": null,
                "is_article_title": false,
                "content_labels": [
                    "1011007"
                ],
                "note": "",
                "name": null,
                "contents": [
                    {
                        "text": "<table><tbody><tr><td>촬영시간</td><td>출연료</td></tr><tr><td>[   ]H</td><td>₩(@금액)원 (부가세 별도)</td></tr><tr><td>[   ]H</td><td>₩(@금액)원 (부가세 별도)</td></tr></tbody></table>",
                        "type": null,
                        "rowId": null,
                        "cells": null
                    }
                ],
                "coordinate": null
            },
            {
                "id": 22,
                "type": "TEXT",
                "format_content": "1011AAC",
                "depth": 1,
                "sort_order": 15,
                "article": 4,
                "paragraph": 2,
                "subParagraph": null,
                "is_article_title": false,
                "content_labels": [
                    "1011007"
                ],
                "note": "",
                "name": null,
                "contents": [
                    {
                        "text": "② 초과 촬영시간에 대한 출연료는 ₩(@금액)/H(부가세 별도) 이며, 총 출연료는 ①항의 출연료에 초과촬영분에 대한 보수액을 더하여 산정한다. (예) 7시간 촬영시: 5H에 해당하는 출연료 + (₩(@금액)X2H))",
                        "type": null,
                        "rowId": null,
                        "cells": null
                    }
                ],
                "coordinate": null
            },
            {
                "id": 24,
                "type": "TEXT",
                "format_content": "1011AAC",
                "depth": 1,
                "sort_order": 16,
                "article": 4,
                "paragraph": 3,
                "subParagraph": null,
                "is_article_title": false,
                "content_labels": [
                    "1011007"
                ],
                "note": "",
                "name": null,
                "contents": [
                    {
                        "text": "③ ‘갑’은 ‘을’소속 모델의 촬영일로부터 3영업일 이내에 출연료 전액을 ‘을’ 명의 계좌로 전액 현금 지급한다. (OO 은행 OOO-OOO-OOO)",
                        "type": null,
                        "rowId": null,
                        "cells": null
                    }
                ],
                "coordinate": null
            },
            {
                "id": 26,
                "type": "TEXT",
                "format_content": "1011AAC",
                "depth": 0,
                "sort_order": 17,
                "article": 5,
                "paragraph": null,
                "subParagraph": null,
                "is_article_title": true,
                "content_labels": [
                    "1011003"
                ],
                "note": "",
                "name": null,
                "contents": [
                    {
                        "text": "제5조 【촬영 일정의 통지 등】",
                        "type": null,
                        "rowId": null,
                        "cells": null
                    }
                ],
                "coordinate": null
            },
            {
                "id": 27,
                "type": "TEXT",
                "format_content": "1011AAC",
                "depth": 1,
                "sort_order": 18,
                "article": 5,
                "paragraph": 1,
                "subParagraph": null,
                "is_article_title": false,
                "content_labels": [
                    "1011003",
                    "1011020"
                ],
                "note": "",
                "name": null,
                "contents": [
                    {
                        "text": "① “갑”은 “을”에게 최초 촬영일 일 전까지 촬영 일정을 통지하고, “을”은 그 일정에 따라 광고물 촬영에 응하여야 한다. 만일 “갑”의 추가 촬영 요구가 있을 경우 “갑”과 “을”은 추가 촬영일 일 전까지 상호 스케줄을 협의하여 확정된 일정에 따라 촬영을 진행하여야 한다.",
                        "type": null,
                        "rowId": null,
                        "cells": null
                    }
                ],
                "coordinate": null
            },
            {
                "id": 29,
                "type": "TEXT",
                "format_content": "1011AAC",
                "depth": 1,
                "sort_order": 19,
                "article": 5,
                "paragraph": 2,
                "subParagraph": null,
                "is_article_title": false,
                "content_labels": [
                    "1011003"
                ],
                "note": "",
                "name": null,
                "contents": [
                    {
                        "text": "② “을”은 촬영 일시와 장소를 포함하여 “갑”이 정한 촬영에 관한 제반 규칙을 엄수하여야 한다. 단, “을”이 불가항력의 사유로 “갑”의 출연 지시에 응하지 못하는 경우 “을”은 사전에 충분히 그 사유 및 기간을 “갑”에게 통보하고 “갑”은 “을”에게 이에 대한 증빙서류를 요구할 수 있다.",
                        "type": null,
                        "rowId": null,
                        "cells": null
                    }
                ],
                "coordinate": null
            },
            {
                "id": 30,
                "type": "TEXT",
                "format_content": "1011AAC",
                "depth": 0,
                "sort_order": 20,
                "article": 6,
                "paragraph": null,
                "subParagraph": null,
                "is_article_title": true,
                "content_labels": [
                    "1011008"
                ],
                "note": "",
                "name": null,
                "contents": [
                    {
                        "text": "제6조 【저작권 귀속】",
                        "type": null,
                        "rowId": null,
                        "cells": null
                    }
                ],
                "coordinate": null
            },
            {
                "id": 31,
                "type": "TEXT",
                "format_content": "1011AAC",
                "depth": 1,
                "sort_order": 21,
                "article": 6,
                "paragraph": null,
                "subParagraph": null,
                "is_article_title": false,
                "content_labels": [
                    "1011008"
                ],
                "note": "",
                "name": null,
                "contents": [
                    {
                        "text": "‘을’소속 모델이 출연하여 완성된 광고물의 저작권 및 저작인접권(초상권 포함)은 ‘갑’에게 귀속되며, 계약기간 내에 ‘갑’은 ‘을’소속 모델이 출연한 광고물을 이용하여 2차 제작물 및 편집 제작물로 활용할 권리를 가진다.",
                        "type": null,
                        "rowId": null,
                        "cells": null
                    }
                ],
                "coordinate": null
            },
            {
                "id": 32,
                "type": "TEXT",
                "format_content": "1011AAC",
                "depth": 0,
                "sort_order": 22,
                "article": 7,
                "paragraph": null,
                "subParagraph": null,
                "is_article_title": true,
                "content_labels": [
                    "1011015",
                    "1011018"
                ],
                "note": "",
                "name": null,
                "contents": [
                    {
                        "text": "제7조 【신의성실 및 상호협조의무】",
                        "type": null,
                        "rowId": null,
                        "cells": null
                    }
                ],
                "coordinate": null
            },
            {
                "id": 33,
                "type": "TEXT",
                "format_content": "1011AAC",
                "depth": 1,
                "sort_order": 23,
                "article": 7,
                "paragraph": null,
                "subParagraph": null,
                "is_article_title": false,
                "content_labels": [
                    "1011018"
                ],
                "note": "",
                "name": null,
                "contents": [
                    {
                        "text": "‘갑’과 ‘을’은 본 계약을 신의에 따라 성실하게 이행하여야 한다.",
                        "type": null,
                        "rowId": null,
                        "cells": null
                    }
                ],
                "coordinate": null
            },
            {
                "id": 34,
                "type": "TEXT",
                "format_content": "1011AAC",
                "depth": 0,
                "sort_order": 24,
                "article": 8,
                "paragraph": null,
                "subParagraph": null,
                "is_article_title": true,
                "content_labels": [
                    "1011023"
                ],
                "note": "",
                "name": null,
                "contents": [
                    {
                        "text": "제8조 【계약 변경】",
                        "type": null,
                        "rowId": null,
                        "cells": null
                    }
                ],
                "coordinate": null
            },
            {
                "id": 35,
                "type": "TEXT",
                "format_content": "1011AAC",
                "depth": 1,
                "sort_order": 25,
                "article": 8,
                "paragraph": null,
                "subParagraph": null,
                "is_article_title": false,
                "content_labels": [
                    "1011023"
                ],
                "note": "",
                "name": null,
                "contents": [
                    {
                        "text": "‘갑’과 ‘을’은 양 당사자의 서면 합의에 의하지 아니하고는 본 계약의 내용을 변경할 수 없다.",
                        "type": null,
                        "rowId": null,
                        "cells": null
                    }
                ],
                "coordinate": null
            },
            {
                "id": 36,
                "type": "TEXT",
                "format_content": "1011AAC",
                "depth": 0,
                "sort_order": 26,
                "article": 9,
                "paragraph": null,
                "subParagraph": null,
                "is_article_title": true,
                "content_labels": [
                    "1011003"
                ],
                "note": "",
                "name": null,
                "contents": [
                    {
                        "text": "제9조 【갑의 준수 사항】",
                        "type": null,
                        "rowId": null,
                        "cells": null
                    }
                ],
                "coordinate": null
            },
            {
                "id": 37,
                "type": "TEXT",
                "format_content": "1011AAC",
                "depth": 1,
                "sort_order": 27,
                "article": 9,
                "paragraph": 1,
                "subParagraph": null,
                "is_article_title": false,
                "content_labels": [
                    "1011003"
                ],
                "note": "",
                "name": null,
                "contents": [
                    {
                        "text": "① ‘갑’은 계약서에 명시되고 사전에 ‘을’과 논의된 범위의 촬영만을 진행하며, 촬영 당일 합의되지 않은 내용의 촬영(예)위험을 동반하거나, 합의되지 않은 노출 등)을 진행하지 않는다.",
                        "type": null,
                        "rowId": null,
                        "cells": null
                    }
                ],
                "coordinate": null
            },
            {
                "id": 38,
                "type": "TEXT",
                "format_content": "1011AAC",
                "depth": 1,
                "sort_order": 28,
                "article": 9,
                "paragraph": 2,
                "subParagraph": null,
                "is_article_title": false,
                "content_labels": [
                    "1011003"
                ],
                "note": "",
                "name": null,
                "contents": [
                    {
                        "text": "② ‘갑’은 촬영 현장에서 ‘을’소속 모델에게 강압적인 언행 또는 행동을 하지 않는다.",
                        "type": null,
                        "rowId": null,
                        "cells": null
                    }
                ],
                "coordinate": null
            },
            {
                "id": 39,
                "type": "TEXT",
                "format_content": "1011AAC",
                "depth": 0,
                "sort_order": 29,
                "article": 10,
                "paragraph": null,
                "subParagraph": null,
                "is_article_title": true,
                "content_labels": [
                    "1011003"
                ],
                "note": "",
                "name": null,
                "contents": [
                    {
                        "text": "제10조 【을의 준수 사항】",
                        "type": null,
                        "rowId": null,
                        "cells": null
                    }
                ],
                "coordinate": null
            },
            {
                "id": 40,
                "type": "TEXT",
                "format_content": "1011AAC",
                "depth": 1,
                "sort_order": 30,
                "article": 10,
                "paragraph": 1,
                "subParagraph": null,
                "is_article_title": false,
                "content_labels": [
                    "1011003"
                ],
                "note": "",
                "name": null,
                "contents": [
                    {
                        "text": "① ‘을’소속 모델은 ‘갑’이 지정한 촬영시각을 준수하며, 전문모델로서 자질과 품위를 유지할 의무가 있다.",
                        "type": null,
                        "rowId": null,
                        "cells": null
                    }
                ],
                "coordinate": null
            },
            {
                "id": 41,
                "type": "TEXT",
                "format_content": "1011AAC",
                "depth": 1,
                "sort_order": 31,
                "article": 10,
                "paragraph": 2,
                "subParagraph": null,
                "is_article_title": false,
                "content_labels": [
                    "1011003",
                    "1011020"
                ],
                "note": "",
                "name": null,
                "contents": [
                    {
                        "text": "② ‘을’소속 모델은 ‘갑’이 섭외를 결정할 당시의 신체조건 및 용모를 유지하며, 예기치 못한 사고로 인해 이에 대한 변경이 있을 시 즉시 ‘을’에게 통보해야 한다.",
                        "type": null,
                        "rowId": null,
                        "cells": null
                    }
                ],
                "coordinate": null
            },
            {
                "id": 42,
                "type": "TEXT",
                "format_content": "1011AAC",
                "depth": 1,
                "sort_order": 32,
                "article": 10,
                "paragraph": 3,
                "subParagraph": null,
                "is_article_title": false,
                "content_labels": [
                    "1011003"
                ],
                "note": "",
                "name": null,
                "contents": [
                    {
                        "text": "③ ‘을’소속 모델은 ‘갑’이나 ‘갑’의 제품에 대하여 이미지를 손상시키거나 기업활동을 저해하는 일체의 활동을 해서는 안 된다.",
                        "type": null,
                        "rowId": null,
                        "cells": null
                    }
                ],
                "coordinate": null
            },
            {
                "id": 43,
                "type": "TEXT",
                "format_content": "1011AAC",
                "depth": 0,
                "sort_order": 33,
                "article": 11,
                "paragraph": null,
                "subParagraph": null,
                "is_article_title": true,
                "content_labels": [
                    "1011014"
                ],
                "note": "",
                "name": null,
                "contents": [
                    {
                        "text": "제11조 【기밀유지】",
                        "type": null,
                        "rowId": null,
                        "cells": null
                    }
                ],
                "coordinate": null
            },
            {
                "id": 44,
                "type": "TEXT",
                "format_content": "1011AAC",
                "depth": 1,
                "sort_order": 34,
                "article": 11,
                "paragraph": null,
                "subParagraph": null,
                "is_article_title": false,
                "content_labels": [
                    "1011014"
                ],
                "note": "",
                "name": null,
                "contents": [
                    {
                        "text": "‘갑’과 ‘을’은 본 계약기간동안 ‘을’이 ‘갑’에게 제공한 모델 용역 일체에 대한 사항을 기밀로 유지해야 한다.",
                        "type": null,
                        "rowId": null,
                        "cells": null
                    }
                ],
                "coordinate": null
            },
            {
                "id": 45,
                "type": "TEXT",
                "format_content": "1011AAC",
                "depth": 0,
                "sort_order": 35,
                "article": 12,
                "paragraph": null,
                "subParagraph": null,
                "is_article_title": true,
                "content_labels": [
                    "1011010"
                ],
                "note": "",
                "name": null,
                "contents": [
                    {
                        "text": "제12조 【계약의 해제 또는 해지】",
                        "type": null,
                        "rowId": null,
                        "cells": null
                    }
                ],
                "coordinate": null
            },
            {
                "id": 46,
                "type": "TEXT",
                "format_content": "1011AAC",
                "depth": 1,
                "sort_order": 36,
                "article": 12,
                "paragraph": 1,
                "subParagraph": null,
                "is_article_title": false,
                "content_labels": [
                    "1011010"
                ],
                "note": "",
                "name": null,
                "contents": [
                    {
                        "text": "① ‘갑’ 또는 ‘을’이 정당한 사유 없이 본 계약상의 당사자 의무를 위반한 경우 서면으로 통지한 후 계약을 즉시 해제 또는 해지할 수 있다.",
                        "type": null,
                        "rowId": null,
                        "cells": null
                    }
                ],
                "coordinate": null
            },
            {
                "id": 47,
                "type": "TEXT",
                "format_content": "1011AAC",
                "depth": 1,
                "sort_order": 37,
                "article": 12,
                "paragraph": 2,
                "subParagraph": null,
                "is_article_title": false,
                "content_labels": [
                    "1011010",
                    "1011008"
                ],
                "note": "",
                "name": null,
                "contents": [
                    {
                        "text": "② 제1항에 따른 사유로 계약이 해지되는 경우, 해지된 시점까지 발생한 광고물에 대한 저작권은 해지에 대한 귀책사유가 없는 일방에게 귀속된다.",
                        "type": null,
                        "rowId": null,
                        "cells": null
                    }
                ],
                "coordinate": null
            },
            {
                "id": 48,
                "type": "TEXT",
                "format_content": "1011AAC",
                "depth": 1,
                "sort_order": 38,
                "article": 12,
                "paragraph": 3,
                "subParagraph": null,
                "is_article_title": false,
                "content_labels": [
                    "1011010",
                    "1011014"
                ],
                "note": "",
                "name": null,
                "contents": [
                    {
                        "text": "③ 본 계약이 해제 또는 해지된 후에도 ‘갑’과 ‘을’의 제16조의 비밀유지의무조항은 해제 또는 해지된 시점으로부터 2년간 유효하다.",
                        "type": null,
                        "rowId": null,
                        "cells": null
                    }
                ],
                "coordinate": null
            },
            {
                "id": 49,
                "type": "TEXT",
                "format_content": "1011AAC",
                "depth": 0,
                "sort_order": 39,
                "article": 13,
                "paragraph": null,
                "subParagraph": null,
                "is_article_title": true,
                "content_labels": [
                    "1011010"
                ],
                "note": "",
                "name": null,
                "contents": [
                    {
                        "text": "제13조 【계약 해제 또는 해지의 효력】",
                        "type": null,
                        "rowId": null,
                        "cells": null
                    }
                ],
                "coordinate": null
            },
            {
                "id": 50,
                "type": "TEXT",
                "format_content": "1011AAC",
                "depth": 1,
                "sort_order": 40,
                "article": 13,
                "paragraph": 1,
                "subParagraph": null,
                "is_article_title": false,
                "content_labels": [
                    "1011010"
                ],
                "note": "",
                "name": null,
                "contents": [
                    {
                        "text": "① 계약 해제 또는 해지의 통보는 상대방에 도달한 날로부터 유효하다.",
                        "type": null,
                        "rowId": null,
                        "cells": null
                    }
                ],
                "coordinate": null
            },
            {
                "id": 51,
                "type": "TEXT",
                "format_content": "1011AAC",
                "depth": 1,
                "sort_order": 41,
                "article": 13,
                "paragraph": 2,
                "subParagraph": null,
                "is_article_title": false,
                "content_labels": [
                    "1011010"
                ],
                "note": "",
                "name": null,
                "contents": [
                    {
                        "text": "② 계약이 해제 또는 해지된 경우, 양 당사자는 본 계약에 따른 업무 수행을 중단하고 추가 비용 발생을 최소화하기 위해 즉각적으로 적절한 방책을 취해야 한다.",
                        "type": null,
                        "rowId": null,
                        "cells": null
                    }
                ],
                "coordinate": null
            },
            {
                "id": 52,
                "type": "TEXT",
                "format_content": "1011AAC",
                "depth": 1,
                "sort_order": 42,
                "article": 13,
                "paragraph": 3,
                "subParagraph": null,
                "is_article_title": false,
                "content_labels": [
                    "1011024"
                ],
                "note": "",
                "name": null,
                "contents": [
                    {
                        "text": "③ 본 계약의 일부 조항이 효력을 상실하거나 이행이 불가능하게 되더라도, 잔존 조항들은 그 효력을 유지한다.",
                        "type": null,
                        "rowId": null,
                        "cells": null
                    }
                ],
                "coordinate": null
            },
            {
                "id": 53,
                "type": "TEXT",
                "format_content": "1011AAC",
                "depth": 0,
                "sort_order": 43,
                "article": 14,
                "paragraph": null,
                "subParagraph": null,
                "is_article_title": true,
                "content_labels": [
                    "1011022"
                ],
                "note": "",
                "name": null,
                "contents": [
                    {
                        "text": "제14조 【손해배상】",
                        "type": null,
                        "rowId": null,
                        "cells": null
                    }
                ],
                "coordinate": null
            },
            {
                "id": 54,
                "type": "TEXT",
                "format_content": "1011AAC",
                "depth": 1,
                "sort_order": 44,
                "article": 14,
                "paragraph": 1,
                "subParagraph": null,
                "is_article_title": false,
                "content_labels": [
                    "1011022"
                ],
                "note": "",
                "name": null,
                "contents": [
                    {
                        "text": "① ‘갑’ 또는 ‘을’이 본 계약이나 관련 법령을 위반하여 상대방에게 손해가 발생할 경우, 계약을 위반한 일방은 상대방이 입은 손해를 배상하여야 한다.",
                        "type": null,
                        "rowId": null,
                        "cells": null
                    }
                ],
                "coordinate": null
            },
            {
                "id": 55,
                "type": "TEXT",
                "format_content": "1011AAC",
                "depth": 1,
                "sort_order": 45,
                "article": 14,
                "paragraph": 2,
                "subParagraph": null,
                "is_article_title": false,
                "content_labels": [
                    "1011021"
                ],
                "note": "",
                "name": null,
                "contents": [
                    {
                        "text": "② ‘갑’ 또는 ‘을’은 천재지변, 폭동, 전쟁 등과 같은 불가항력으로 인한 계약상 의무의 불이행이나 이행 지연으로 인한 손해에 대하여는 책임지지 아니한다.",
                        "type": null,
                        "rowId": null,
                        "cells": null
                    }
                ],
                "coordinate": null
            },
            {
                "id": 56,
                "type": "TEXT",
                "format_content": "1011AAC",
                "depth": 1,
                "sort_order": 46,
                "article": 14,
                "paragraph": 3,
                "subParagraph": null,
                "is_article_title": false,
                "content_labels": [
                    "1011003"
                ],
                "note": "",
                "name": null,
                "contents": [
                    {
                        "text": "③촬영 스케쥴 확정 이후 ‘갑’이 일방적으로 일정을 취소한 경우, ‘갑’은 ’을’에게 아래의 출연료를 지급할 의무가 있다.\n- 촬영예정일로부터 14일 전 취소 시: 전체 출연료의 50%\n- 촬영예정일로부터 7일 전 취소 시: 전체 출연료의 70%\n- 촬영예정일로부터 3일 전 취소 시: 전체 출연료의 100%",
                        "type": null,
                        "rowId": null,
                        "cells": null
                    }
                ],
                "coordinate": null
            },
            {
                "id": 60,
                "type": "TEXT",
                "format_content": "1011AAC",
                "depth": 0,
                "sort_order": 47,
                "article": 15,
                "paragraph": null,
                "subParagraph": null,
                "is_article_title": true,
                "content_labels": [
                    "1011033"
                ],
                "note": "",
                "name": null,
                "contents": [
                    {
                        "text": "제15조 【계약의 해석】",
                        "type": null,
                        "rowId": null,
                        "cells": null
                    }
                ],
                "coordinate": null
            },
            {
                "id": 61,
                "type": "TEXT",
                "format_content": "1011AAC",
                "depth": 1,
                "sort_order": 48,
                "article": 15,
                "paragraph": 1,
                "subParagraph": null,
                "is_article_title": false,
                "content_labels": [
                    "1011023",
                    "1011026"
                ],
                "note": "",
                "name": null,
                "contents": [
                    {
                        "text": "본 계약의 내용 또는 본 계약에 기재되지 않은 사항에 관하여 해석에 이견이 있을 경우에는 ‘갑’과 ‘을’이 상호 협의하여 정하며, 그 외의 사항은 민법규정에 따른다.",
                        "type": null,
                        "rowId": null,
                        "cells": null
                    }
                ],
                "coordinate": null
            },
            {
                "id": 63,
                "type": "TEXT",
                "format_content": "1011AAC",
                "depth": 0,
                "sort_order": 49,
                "article": 16,
                "paragraph": null,
                "subParagraph": null,
                "is_article_title": true,
                "content_labels": [
                    "1011025"
                ],
                "note": "",
                "name": null,
                "contents": [
                    {
                        "text": "제16조 【관할법원】",
                        "type": null,
                        "rowId": null,
                        "cells": null
                    }
                ],
                "coordinate": null
            },
            {
                "id": 64,
                "type": "TEXT",
                "format_content": "1011AAC",
                "depth": 1,
                "sort_order": 50,
                "article": 16,
                "paragraph": null,
                "subParagraph": null,
                "is_article_title": false,
                "content_labels": [
                    "1011025"
                ],
                "note": "",
                "name": null,
                "contents": [
                    {
                        "text": "본 계약은 대한민국 법령에 따라 규율 되고 해석되며, 본 계약으로 또는 이로 인한 분쟁 발생시에는 지방법원을 그 관할 법원으로 한다.",
                        "type": null,
                        "rowId": null,
                        "cells": null
                    }
                ],
                "coordinate": null
            },
            {
                "id": 67,
                "type": "TEXT",
                "format_content": "1011AAD",
                "depth": 1,
                "sort_order": 51,
                "article": null,
                "paragraph": null,
                "subParagraph": null,
                "is_article_title": false,
                "content_labels": [
                    "1011027"
                ],
                "note": "",
                "name": null,
                "contents": [
                    {
                        "text": "'갑'과 '을'은 위와 같이 계약을 체결하고 이를 증명하기 위해 계약서 2부를 작성하여 쌍방이 기명 날인한 후 각각 1부씩 보관한다.",
                        "type": null,
                        "rowId": null,
                        "cells": null
                    }
                ],
                "coordinate": null
            },
            {
                "id": 68,
                "type": "TEXT",
                "format_content": "1011AAE",
                "depth": 1,
                "sort_order": 52,
                "article": null,
                "paragraph": null,
                "subParagraph": null,
                "is_article_title": false,
                "content_labels": [
                    "1011028"
                ],
                "note": "",
                "name": null,
                "contents": [
                    {
                        "text": "20 년 월 일",
                        "type": null,
                        "rowId": null,
                        "cells": null
                    }
                ],
                "coordinate": null
            },
            {
                "id": 69,
                "type": "TEXT",
                "format_content": "1011AAF",
                "depth": 1,
                "sort_order": 53,
                "article": null,
                "paragraph": null,
                "subParagraph": null,
                "is_article_title": false,
                "content_labels": [
                    "1011029",
                    "1011030"
                ],
                "note": "",
                "name": null,
                "contents": [
                    {
                        "text": "'갑'\n주 소 : (@주소1)\n상 호 : (@회사명1)\n대표이사 : (@성명1) 【인】, (@성명2)【인】\n날 짜 : 20 년 월 일",
                        "type": null,
                        "rowId": null,
                        "cells": null
                    }
                ],
                "coordinate": null
            },
            {
                "id": 70,
                "type": "TEXT",
                "format_content": "1011AAF",
                "depth": 1,
                "sort_order": 54,
                "article": null,
                "paragraph": null,
                "subParagraph": null,
                "is_article_title": false,
                "content_labels": [
                    "1011031",
                    "1011032"
                ],
                "note": "",
                "name": null,
                "contents": [
                    {
                        "text": "'을'\n주 소 : (@주소2)\n상 호 :주식회사 (@회사명2)\n대 표 자 : (@성명3) 【인】\n날 짜 : 20 년 월 일",
                        "type": null,
                        "rowId": null,
                        "cells": null
                    }
                ],
                "coordinate": null
            }
        ]
    }
}