{
    "document": {
        "doc_type": "1011",
        "title": null,
        "status": 4,
        "is_hold": null,
        "page_count": 3,
        "sub_document_count": 33,
        "created_time": "2024-10-28T17:46:07.283",
        "main_category": null,
        "sub_category": null,
        "detail_category": null,
        "related_law": null,
        "purpose": null,
        "use_case": null,
        "sub_documents": [
            {
                "id": 1,
                "type": "TEXT",
                "format_content": "1011AAA",
                "depth": 0,
                "sort_order": 1,
                "article": null,
                "paragraph": null,
                "subParagraph": null,
                "is_article_title": false,
                "content_labels": [
                    "1011033"
                ],
                "note": "",
                "name": null,
                "contents": [
                    {
                        "text": "명의대여 계약서",
                        "type": null,
                        "rowId": null,
                        "cells": null
                    }
                ],
                "coordinate": null
            },
            {
                "id": 2,
                "type": "TEXT",
                "format_content": "1011AAB",
                "depth": 0,
                "sort_order": 2,
                "article": null,
                "paragraph": null,
                "subParagraph": null,
                "is_article_title": false,
                "content_labels": [
                    "1011001"
                ],
                "note": "",
                "name": null,
                "contents": [
                    {
                        "text": "갑 : [명의대여자 이름] [생년월일]\n을 : [명의차용자 이름] [생년월일]",
                        "type": null,
                        "rowId": null,
                        "cells": null
                    }
                ],
                "coordinate": null
            },
            {
                "id": 3,
                "type": "TEXT",
                "format_content": "1011AAB",
                "depth": 0,
                "sort_order": 3,
                "article": null,
                "paragraph": null,
                "subParagraph": null,
                "is_article_title": false,
                "content_labels": [
                    "1011001"
                ],
                "note": "",
                "name": null,
                "contents": [
                    {
                        "text": "각 당사자는 주식회사 [*] 대표이사 명의에 대한 합의에 대하여 20  .  . [*]부터 '갑'의 명의로 사업을 개시(사업자번호 : [*]하였음을 확인하며 '갑' 또는 '을'이 지게 되는 의무에 관하여는다음과 같이 합의한다.",
                        "type": null,
                        "rowId": null,
                        "cells": null
                    }
                ],
                "coordinate": null
            },
            {
                "id": 4,
                "type": "TEXT",
                "format_content": "1011AAC",
                "depth": 0,
                "sort_order": 4,
                "article": 1,
                "paragraph": null,
                "subParagraph": null,
                "is_article_title": true,
                "content_labels": [
                    "1011003"
                ],
                "note": "",
                "name": null,
                "contents": [
                    {
                        "text": "제1조 (불성실 이행)",
                        "type": null,
                        "rowId": null,
                        "cells": null
                    }
                ],
                "coordinate": null
            },
            {
                "id": 5,
                "type": "TEXT",
                "format_content": "1011AAC",
                "depth": 1,
                "sort_order": 5,
                "article": 1,
                "paragraph": 1,
                "subParagraph": null,
                "is_article_title": false,
                "content_labels": [
                    "1011003"
                ],
                "note": "",
                "name": null,
                "contents": [
                    {
                        "text": "1. '을'이 행사 수행을 성실하게 이행하지 않거나 무성의하게 이행한 경우 '갑'은 즉시 해당 사항을 적시하여 수정을 요구하고, 이를 '을'이 수정하지 아니할 시 관련 손해를 잔액 결제 시 공제한다.",
                        "type": null,
                        "rowId": null,
                        "cells": null
                    }
                ],
                "coordinate": null
            },
            {
                "id": 6,
                "type": "TEXT",
                "format_content": "1011AAC",
                "depth": 1,
                "sort_order": 6,
                "article": 1,
                "paragraph": 2,
                "subParagraph": null,
                "is_article_title": false,
                "content_labels": [
                    "1011003"
                ],
                "note": "",
                "name": null,
                "contents": [
                    {
                        "text": "2. 불성실 이행 부분에 소요된 경비를 추산하여 당해 부분의 경비를 공제하도록 한다.",
                        "type": null,
                        "rowId": null,
                        "cells": null
                    }
                ],
                "coordinate": null
            },
            {
                "id": 7,
                "type": "TEXT",
                "format_content": "1011AAC",
                "depth": 0,
                "sort_order": 7,
                "article": 2,
                "paragraph": null,
                "subParagraph": null,
                "is_article_title": true,
                "content_labels": [
                    "1011009"
                ],
                "note": "",
                "name": null,
                "contents": [
                    {
                        "text": "제2조 (경쟁제한 의무 등)",
                        "type": null,
                        "rowId": null,
                        "cells": null
                    }
                ],
                "coordinate": null
            },
            {
                "id": 8,
                "type": "TEXT",
                "format_content": "1011AAC",
                "depth": 1,
                "sort_order": 8,
                "article": 2,
                "paragraph": 1,
                "subParagraph": null,
                "is_article_title": false,
                "content_labels": [
                    "1011009"
                ],
                "note": "",
                "name": null,
                "contents": [
                    {
                        "text": "1. 방송인은 계약기간 중 회사의 사전 서면 동의 없이 회사가 운영 또는 지정하는 방송 플랫폼 이외의 매체를 통하여 방송활동을 하거나 타 방송에 출연할 수 없다.",
                        "type": null,
                        "rowId": null,
                        "cells": null
                    }
                ],
                "coordinate": null
            },
            {
                "id": 9,
                "type": "TEXT",
                "format_content": "1011AAC",
                "depth": 1,
                "sort_order": 9,
                "article": 2,
                "paragraph": 2,
                "subParagraph": null,
                "is_article_title": false,
                "content_labels": [
                    "1011009"
                ],
                "note": "",
                "name": null,
                "contents": [
                    {
                        "text": "2. 방송인은 제7조 제1항의 영상에 관하여 그와 관련된 내용 등 일체를 이용하여 영상을 제작하거나 게시할 수 없으며, 회사의 사전 서면 동의 없이 무단으로 복제, 배포, 상영, 게시 등을 할 수 없다.",
                        "type": null,
                        "rowId": null,
                        "cells": null
                    }
                ],
                "coordinate": null
            },
            {
                "id": 10,
                "type": "TEXT",
                "format_content": "1011AAC",
                "depth": 1,
                "sort_order": 10,
                "article": 3,
                "paragraph": null,
                "subParagraph": null,
                "is_article_title": true,
                "content_labels": [
                    "1011033"
                ],
                "note": "",
                "name": null,
                "contents": [
                    {
                        "text": "제3조",
                        "type": null,
                        "rowId": null,
                        "cells": null
                    }
                ],
                "coordinate": null
            },
            {
                "id": 11,
                "type": "TEXT",
                "format_content": "1011AAC",
                "depth": 2,
                "sort_order": 11,
                "article": 3,
                "paragraph": null,
                "subParagraph": null,
                "is_article_title": false,
                "content_labels": [
                    "1011003"
                ],
                "note": "",
                "name": null,
                "contents": [
                    {
                        "text": "각 당사자는 아래와 같은 사항에 합의한다.",
                        "type": null,
                        "rowId": null,
                        "cells": null
                    }
                ],
                "coordinate": null
            },
            {
                "id": 13,
                "type": "TEXT",
                "format_content": "1011AAC",
                "depth": 2,
                "sort_order": 12,
                "article": 3,
                "paragraph": 1,
                "subParagraph": null,
                "is_article_title": false,
                "content_labels": [
                    "1011003"
                ],
                "note": "",
                "name": null,
                "contents": [
                    {
                        "text": "1. '을'은 '갑'의 명의로 된 주식회사 [*]을 경영하며 경영에 따른 일체의 책임을 진다.",
                        "type": null,
                        "rowId": null,
                        "cells": null
                    }
                ],
                "coordinate": null
            },
            {
                "id": 14,
                "type": "TEXT",
                "format_content": "1011AAC",
                "depth": 1,
                "sort_order": 13,
                "article": 3,
                "paragraph": 2,
                "subParagraph": null,
                "is_article_title": false,
                "content_labels": [
                    "1011006"
                ],
                "note": "",
                "name": null,
                "contents": [
                    {
                        "text": "2. 명의대여 사업기간은 년  월  일부터 년  월  일까지로 한다. 다만 협의에 의하여 연장할 수 있다.",
                        "type": null,
                        "rowId": null,
                        "cells": null
                    }
                ],
                "coordinate": null
            },
            {
                "id": 15,
                "type": "TEXT",
                "format_content": "1011AAC",
                "depth": 1,
                "sort_order": 14,
                "article": 3,
                "paragraph": null,
                "subParagraph": null,
                "is_article_title": false,
                "content_labels": [
                    "1011020"
                ],
                "note": "",
                "name": null,
                "contents": [
                    {
                        "text": "3. '을'은 주식회사 [*]을 경영하는 과정에서(사업부진, 신상에 따른 이유, 계약불이행 외) 폐업 등을 하게 될 경우에는 3개월 전에 통보하며, 법률관계를 '갑'과 상의하여 정리한다.",
                        "type": null,
                        "rowId": null,
                        "cells": null
                    }
                ],
                "coordinate": null
            },
            {
                "id": 16,
                "type": "TEXT",
                "format_content": "1011AAC",
                "depth": 1,
                "sort_order": 15,
                "article": 3,
                "paragraph": 4,
                "subParagraph": null,
                "is_article_title": false,
                "content_labels": [
                    "1011003"
                ],
                "note": "",
                "name": null,
                "contents": [
                    {
                        "text": "4. '을'은 '갑'의 명의로 된 주식회사 의 일체 재산 및 부수된 임대차계약서로 일체의 금융대출이나 사채 등의 자금융통의 행위를 하지 아니한다.",
                        "type": null,
                        "rowId": null,
                        "cells": null
                    }
                ],
                "coordinate": null
            },
            {
                "id": 17,
                "type": "TEXT",
                "format_content": "1011AAC",
                "depth": 1,
                "sort_order": 16,
                "article": 3,
                "paragraph": 5,
                "subParagraph": null,
                "is_article_title": false,
                "content_labels": [
                    "1011020"
                ],
                "note": "",
                "name": null,
                "contents": [
                    {
                        "text": "5. '갑'은 자신의 신용에 대한 변동(신용불량, 개인파산, 금융대출의 활동 등)이 있을 경우 '을'에게 즉시 통보한다.",
                        "type": null,
                        "rowId": null,
                        "cells": null
                    }
                ],
                "coordinate": null
            },
            {
                "id": 18,
                "type": "TEXT",
                "format_content": "1011AAC",
                "depth": 1,
                "sort_order": 17,
                "article": 3,
                "paragraph": 6,
                "subParagraph": null,
                "is_article_title": false,
                "content_labels": [
                    "1011017"
                ],
                "note": "",
                "name": null,
                "contents": [
                    {
                        "text": "6. '갑'은 명의만을 빌려준 것이므로 본인 명의로 된 사업체 및 임대차계약서를 이용하여 자금의 융통행위를 할 수 없다. 또한 본인 개인의 신용불량 등의 문제로 가압류, 경매 등의 결과가 발생할 때에는 이에 대하여 책임을 진다.",
                        "type": null,
                        "rowId": null,
                        "cells": null
                    }
                ],
                "coordinate": null
            },
            {
                "id": 19,
                "type": "TEXT",
                "format_content": "1011AAC",
                "depth": 1,
                "sort_order": 18,
                "article": 3,
                "paragraph": 7,
                "subParagraph": null,
                "is_article_title": false,
                "content_labels": [
                    "1011022",
                    "1011003"
                ],
                "note": "",
                "name": null,
                "contents": [
                    {
                        "text": "7. '을'은 '갑'의 명의로 사업을 하면서 발생하는 모든 비용의 처리에 대하여 즉시 지출처리하며, 즉시 처리하지 못하여 '갑'에게 피해가 발생한 경우 이를 전부 배상한다.",
                        "type": null,
                        "rowId": null,
                        "cells": null
                    }
                ],
                "coordinate": null
            },
            {
                "id": 20,
                "type": "TEXT",
                "format_content": "1011AAC",
                "depth": 1,
                "sort_order": 19,
                "article": 3,
                "paragraph": 8,
                "subParagraph": null,
                "is_article_title": false,
                "content_labels": [
                    "1011003"
                ],
                "note": "",
                "name": null,
                "contents": [
                    {
                        "text": "8. 7.에서 언급한 사업시 발생하는 비용은 원료 등 구입비용, 도시가스, 전기, 임차료, 관리비, 수도세, 통신비(전화, 인터넷 가입 및 사용료), 광고비, 시설구입비, 화재보험, 국민연금, 고용보험, 산재보험, 의료보험, 각종 세금(부가가치세, 종합소득세, 기장대) 등을 말하며 기록되지 아니한 항목 중 사업에 관련된 모든 비용에 대하여 '갑'은 책임지지 아니하고 '을'이 지불한다.",
                        "type": null,
                        "rowId": null,
                        "cells": null
                    }
                ],
                "coordinate": null
            },
            {
                "id": 21,
                "type": "TEXT",
                "format_content": "1011AAC",
                "depth": 1,
                "sort_order": 20,
                "article": 3,
                "paragraph": 9,
                "subParagraph": null,
                "is_article_title": false,
                "content_labels": [
                    "1011007"
                ],
                "note": "",
                "name": null,
                "contents": [
                    {
                        "text": "9. '을'은 '갑'에게 명의대여에 대한 권리로 매월 [*]일 [*]원을 '갑'의 계좌([*]은행 [계좌번호])로 지불한다.",
                        "type": null,
                        "rowId": null,
                        "cells": null
                    }
                ],
                "coordinate": null
            },
            {
                "id": 22,
                "type": "TEXT",
                "format_content": "1011AAC",
                "depth": 1,
                "sort_order": 21,
                "article": 3,
                "paragraph": 10,
                "subParagraph": null,
                "is_article_title": false,
                "content_labels": [
                    "1011003"
                ],
                "note": "",
                "name": null,
                "contents": [
                    {
                        "text": "10. '을'은 폐업 시 폐업 일로부터 10일 이내에 부가가치세를 처리 납부하며, 폐업 년도의 다음해에 신고되는 종합소득세에 대하여 이를 지불하여 명의대여 계약에 대한 건을 종료한다.",
                        "type": null,
                        "rowId": null,
                        "cells": null
                    }
                ],
                "coordinate": null
            },
            {
                "id": 23,
                "type": "TEXT",
                "format_content": "1011AAC",
                "depth": 1,
                "sort_order": 22,
                "article": 3,
                "paragraph": 11,
                "subParagraph": null,
                "is_article_title": false,
                "content_labels": [
                    "1011003"
                ],
                "note": "",
                "name": null,
                "contents": [
                    {
                        "text": "11. '갑' 또는 '을'이 위의 의무를 해태하는 경우 '갑'과 '을'은 각자의 책임 소재에 따라 모든 민, 형사상의 책임을 진다.",
                        "type": null,
                        "rowId": null,
                        "cells": null
                    }
                ],
                "coordinate": null
            },
            {
                "id": 25,
                "type": "TEXT",
                "format_content": "1011AAC",
                "depth": 1,
                "sort_order": 23,
                "article": 4,
                "paragraph": null,
                "subParagraph": null,
                "is_article_title": true,
                "content_labels": [
                    "1011033"
                ],
                "note": "",
                "name": null,
                "contents": [
                    {
                        "text": "제4조\n",
                        "type": null,
                        "rowId": null,
                        "cells": null
                    }
                ],
                "coordinate": null
            },
            {
                "id": 26,
                "type": "TEXT",
                "format_content": "1011AAC",
                "depth": 2,
                "sort_order": 24,
                "article": null,
                "paragraph": null,
                "subParagraph": null,
                "is_article_title": false,
                "content_labels": [
                    "1011015"
                ],
                "note": "",
                "name": null,
                "contents": [
                    {
                        "text": "본 계약에 정하지 아니한 사항 또는 각 조항의 해석에 대하여 \"갑\", \"을\"간에 분쟁이 발생할 경우에는 신의, 성실의 원칙에 의하여 쌍방이 합의하여 결정한다.",
                        "type": null,
                        "rowId": null,
                        "cells": null
                    }
                ],
                "coordinate": null
            },
            {
                "id": 27,
                "type": "TEXT",
                "format_content": "1011AAC",
                "depth": 2,
                "sort_order": 25,
                "article": 5,
                "paragraph": null,
                "subParagraph": null,
                "is_article_title": true,
                "content_labels": [
                    "1011033"
                ],
                "note": "",
                "name": null,
                "contents": [
                    {
                        "text": "제5조",
                        "type": null,
                        "rowId": null,
                        "cells": null
                    }
                ],
                "coordinate": null
            },
            {
                "id": 28,
                "type": "TEXT",
                "format_content": "1011AAC",
                "depth": 2,
                "sort_order": 26,
                "article": 5,
                "paragraph": null,
                "subParagraph": null,
                "is_article_title": false,
                "content_labels": [
                    "1011027"
                ],
                "note": "",
                "name": null,
                "contents": [
                    {
                        "text": "본 계약서는 2부를 작성하여 \"갑\", \"을\" 각 1부씩 보관하며 폐업 시에 반환한다.",
                        "type": null,
                        "rowId": null,
                        "cells": null
                    }
                ],
                "coordinate": null
            },
            {
                "id": 29,
                "type": "TEXT",
                "format_content": "1011AAC",
                "depth": 2,
                "sort_order": 27,
                "article": 6,
                "paragraph": null,
                "subParagraph": null,
                "is_article_title": true,
                "content_labels": [
                    "1011033"
                ],
                "note": "",
                "name": null,
                "contents": [
                    {
                        "text": "제6조",
                        "type": null,
                        "rowId": null,
                        "cells": null
                    }
                ],
                "coordinate": null
            },
            {
                "id": 30,
                "type": "TEXT",
                "format_content": "1011AAC",
                "depth": null,
                "sort_order": 28,
                "article": 6,
                "paragraph": null,
                "subParagraph": null,
                "is_article_title": false,
                "content_labels": [
                    "1011010"
                ],
                "note": "",
                "name": null,
                "contents": [
                    {
                        "text": "'을'은 '갑'이 계약을 위반할 경우 위반사실 확인 후 언제든지 폐업처리 할 수 있다.",
                        "type": null,
                        "rowId": null,
                        "cells": null
                    }
                ],
                "coordinate": null
            },
            {
                "id": 35,
                "type": "TEXT",
                "format_content": "1011AAC",
                "depth": null,
                "sort_order": 29,
                "article": 7,
                "paragraph": null,
                "subParagraph": null,
                "is_article_title": true,
                "content_labels": [
                    "1011033"
                ],
                "note": "",
                "name": null,
                "contents": [
                    {
                        "text": "제7조",
                        "type": null,
                        "rowId": null,
                        "cells": null
                    }
                ],
                "coordinate": null
            },
            {
                "id": 34,
                "type": "TEXT",
                "format_content": "1011AAC",
                "depth": null,
                "sort_order": 30,
                "article": 7,
                "paragraph": null,
                "subParagraph": null,
                "is_article_title": false,
                "content_labels": [
                    "1011025"
                ],
                "note": "",
                "name": null,
                "contents": [
                    {
                        "text": "본 계약으로 발생하는 \"갑\", \"을\" 간 소송의 관할법원은 (@관할)지방법원으로 한다.",
                        "type": null,
                        "rowId": null,
                        "cells": null
                    }
                ],
                "coordinate": null
            },
            {
                "id": 33,
                "type": "TEXT",
                "format_content": "1011AAE",
                "depth": null,
                "sort_order": 31,
                "article": null,
                "paragraph": null,
                "subParagraph": null,
                "is_article_title": false,
                "content_labels": [
                    "1011028"
                ],
                "note": "",
                "name": null,
                "contents": [
                    {
                        "text": "20 . [*]. [*].",
                        "type": null,
                        "rowId": null,
                        "cells": null
                    }
                ],
                "coordinate": null
            },
            {
                "id": 32,
                "type": "TEXT",
                "format_content": "1011AAF",
                "depth": null,
                "sort_order": 32,
                "article": null,
                "paragraph": null,
                "subParagraph": null,
                "is_article_title": false,
                "content_labels": [
                    "1011030"
                ],
                "note": "",
                "name": null,
                "contents": [
                    {
                        "text": "갑 : [명의대여자 이름] (인)",
                        "type": null,
                        "rowId": null,
                        "cells": null
                    }
                ],
                "coordinate": null
            },
            {
                "id": 31,
                "type": "TEXT",
                "format_content": "1011AAF",
                "depth": null,
                "sort_order": 33,
                "article": null,
                "paragraph": null,
                "subParagraph": null,
                "is_article_title": false,
                "content_labels": [
                    "1011032"
                ],
                "note": "",
                "name": null,
                "contents": [
                    {
                        "text": "을 : [명의차용자 이름] (인)",
                        "type": null,
                        "rowId": null,
                        "cells": null
                    }
                ],
                "coordinate": null
            }
        ]
    }
}