{
    "document": {
        "doc_type": "1011",
        "title": "전속모델 계약서",
        "status": 10,
        "is_hold": null,
        "page_count": 6,
        "sub_document_count": 62,
        "created_time": "2024-10-24T11:08:02.388",
        "main_category": null,
        "sub_category": null,
        "detail_category": null,
        "related_law": null,
        "purpose": null,
        "use_case": null,
        "sub_documents": [
            {
                "id": 1,
                "type": "TEXT",
                "format_content": "1011AAA",
                "depth": 0,
                "sort_order": 1,
                "article": null,
                "paragraph": null,
                "subParagraph": null,
                "is_article_title": false,
                "content_labels": [
                    "1011033"
                ],
                "note": "",
                "name": null,
                "contents": [
                    {
                        "text": "전속모델 계약서",
                        "type": null,
                        "rowId": null,
                        "cells": null
                    }
                ],
                "coordinate": null
            },
            {
                "id": 2,
                "type": "TEXT",
                "format_content": "1011AAB",
                "depth": 0,
                "sort_order": 2,
                "article": null,
                "paragraph": null,
                "subParagraph": null,
                "is_article_title": false,
                "content_labels": [
                    "1011001"
                ],
                "note": "",
                "name": null,
                "contents": [
                    {
                        "text": "주식회사 (@회사명)(이하 ‘회사’라 함)과 (이하 ‘모델’이라 함)은 다음과 같이 전속모델활동에 관한 계약을 체결한다.",
                        "type": null,
                        "rowId": null,
                        "cells": null
                    }
                ],
                "coordinate": null
            },
            {
                "id": 4,
                "type": "TEXT",
                "format_content": "1011AAG",
                "depth": 0,
                "sort_order": 3,
                "article": null,
                "paragraph": null,
                "subParagraph": null,
                "is_article_title": false,
                "content_labels": [
                    "1011033"
                ],
                "note": "",
                "name": null,
                "contents": [
                    {
                        "text": "- 다 음 -",
                        "type": null,
                        "rowId": null,
                        "cells": null
                    }
                ],
                "coordinate": null
            },
            {
                "id": 5,
                "type": "TEXT",
                "format_content": "1011AAC",
                "depth": 0,
                "sort_order": 4,
                "article": 1,
                "paragraph": null,
                "subParagraph": null,
                "is_article_title": true,
                "content_labels": [
                    "1011002"
                ],
                "note": "",
                "name": null,
                "contents": [
                    {
                        "text": "제1조 (계약의 목적)",
                        "type": null,
                        "rowId": null,
                        "cells": null
                    }
                ],
                "coordinate": null
            },
            {
                "id": 6,
                "type": "TEXT",
                "format_content": "1011AAC",
                "depth": 1,
                "sort_order": 5,
                "article": 1,
                "paragraph": null,
                "subParagraph": null,
                "is_article_title": false,
                "content_labels": [
                    "1011002"
                ],
                "note": "",
                "name": null,
                "contents": [
                    {
                        "text": "본 계약은 모델이 회사 홍보 등을 위한 광고영상 및 사진(이하 ‘광고물’이라 함) 촬영 등을 함에 있어 당사자 간의 권리와 의무를 명확히 규정함을 목적으로 한다.",
                        "type": null,
                        "rowId": null,
                        "cells": null
                    }
                ],
                "coordinate": null
            },
            {
                "id": 7,
                "type": "TEXT",
                "format_content": "1011AAC",
                "depth": 0,
                "sort_order": 6,
                "article": 2,
                "paragraph": null,
                "subParagraph": null,
                "is_article_title": true,
                "content_labels": [
                    "1011003"
                ],
                "note": "",
                "name": null,
                "contents": [
                    {
                        "text": "제2조 (계약조건)",
                        "type": null,
                        "rowId": null,
                        "cells": null
                    }
                ],
                "coordinate": null
            },
            {
                "id": 8,
                "type": "TEXT",
                "format_content": "1011AAC",
                "depth": 1,
                "sort_order": 7,
                "article": 2,
                "paragraph": 1,
                "subParagraph": null,
                "is_article_title": false,
                "content_labels": [
                    "1011003"
                ],
                "note": "",
                "name": null,
                "contents": [
                    {
                        "text": "1. 모델은 계약기간 중 회사의 전속모델로서, (@플랫폼)를 통해 방송활동을 한다.",
                        "type": null,
                        "rowId": null,
                        "cells": null
                    }
                ],
                "coordinate": null
            },
            {
                "id": 9,
                "type": "TEXT",
                "format_content": "1011AAC",
                "depth": 1,
                "sort_order": 8,
                "article": 2,
                "paragraph": 2,
                "subParagraph": null,
                "is_article_title": false,
                "content_labels": [
                    "1011003"
                ],
                "note": "",
                "name": null,
                "contents": [
                    {
                        "text": "2. 광고 영상 촬영은 (@구체적 사실관계)에서 활용되는 형태로 촬영할 수 있다.",
                        "type": null,
                        "rowId": null,
                        "cells": null
                    }
                ],
                "coordinate": null
            },
            {
                "id": 10,
                "type": "TEXT",
                "format_content": "1011AAC",
                "depth": 1,
                "sort_order": 9,
                "article": 2,
                "paragraph": 3,
                "subParagraph": null,
                "is_article_title": false,
                "content_labels": [
                    "1011003"
                ],
                "note": "",
                "name": null,
                "contents": [
                    {
                        "text": "3. 사진 촬영은 (@구체적 사실관계)로 나누어 촬영할 수 있다.",
                        "type": null,
                        "rowId": null,
                        "cells": null
                    }
                ],
                "coordinate": null
            },
            {
                "id": 11,
                "type": "TEXT",
                "format_content": "1011AAC",
                "depth": 0,
                "sort_order": 10,
                "article": 3,
                "paragraph": null,
                "subParagraph": null,
                "is_article_title": true,
                "content_labels": [
                    "1011007"
                ],
                "note": "",
                "name": null,
                "contents": [
                    {
                        "text": "제3조 (계약금의 지급)",
                        "type": null,
                        "rowId": null,
                        "cells": null
                    }
                ],
                "coordinate": null
            },
            {
                "id": 12,
                "type": "TEXT",
                "format_content": "1011AAC",
                "depth": 1,
                "sort_order": 11,
                "article": 3,
                "paragraph": 1,
                "subParagraph": null,
                "is_article_title": false,
                "content_labels": [
                    "1011007"
                ],
                "note": "",
                "name": null,
                "contents": [
                    {
                        "text": "1. 회사는 계약금으로 모델에게 금 원 (￦ )을 지급한다.",
                        "type": null,
                        "rowId": null,
                        "cells": null
                    }
                ],
                "coordinate": null
            },
            {
                "id": 13,
                "type": "TEXT",
                "format_content": "1011AAC",
                "depth": 1,
                "sort_order": 12,
                "article": 3,
                "paragraph": 2,
                "subParagraph": null,
                "is_article_title": false,
                "content_labels": [
                    "1011007"
                ],
                "note": "",
                "name": null,
                "contents": [
                    {
                        "text": "2. 전항의 계약금은 본 계약서 작성일로부터 [ ]일 내에 현금으로 지급한다.",
                        "type": null,
                        "rowId": null,
                        "cells": null
                    }
                ],
                "coordinate": null
            },
            {
                "id": 14,
                "type": "TEXT",
                "format_content": "1011AAC",
                "depth": 0,
                "sort_order": 13,
                "article": 4,
                "paragraph": null,
                "subParagraph": null,
                "is_article_title": true,
                "content_labels": [
                    "1011003"
                ],
                "note": "",
                "name": null,
                "contents": [
                    {
                        "text": "제4조 (광고활용의 범위)",
                        "type": null,
                        "rowId": null,
                        "cells": null
                    }
                ],
                "coordinate": null
            },
            {
                "id": 15,
                "type": "TEXT",
                "format_content": "1011AAC",
                "depth": 1,
                "sort_order": 14,
                "article": 4,
                "paragraph": 1,
                "subParagraph": null,
                "is_article_title": false,
                "content_labels": [
                    "1011003"
                ],
                "note": "",
                "name": null,
                "contents": [
                    {
                        "text": "1. 사용 범위 : 모델의 초상(외모, 성명, 음성, 사인, 동작 등)을 광고물 및 홍보활동에 활용한다.",
                        "type": null,
                        "rowId": null,
                        "cells": null
                    }
                ],
                "coordinate": null
            },
            {
                "id": 16,
                "type": "TEXT",
                "format_content": "1011AAC",
                "depth": 1,
                "sort_order": 15,
                "article": 4,
                "paragraph": 2,
                "subParagraph": null,
                "is_article_title": false,
                "content_labels": [
                    "1011003"
                ],
                "note": "",
                "name": null,
                "contents": [
                    {
                        "text": "2. 사용 매체 : 공중파를 제외한 전 매체 (각종 온라인 및 모바일 매체 등)",
                        "type": null,
                        "rowId": null,
                        "cells": null
                    }
                ],
                "coordinate": null
            },
            {
                "id": 17,
                "type": "TEXT",
                "format_content": "1011AAC",
                "depth": 1,
                "sort_order": 16,
                "article": 4,
                "paragraph": 3,
                "subParagraph": null,
                "is_article_title": false,
                "content_labels": [
                    "1011003"
                ],
                "note": "",
                "name": null,
                "contents": [
                    {
                        "text": "3. 회사는 모델이 출연한 광고물을 인터넷 배너, 인터넷 홈페이지 광고 아카이브 등의 용도로 활용할 수 있다.",
                        "type": null,
                        "rowId": null,
                        "cells": null
                    }
                ],
                "coordinate": null
            },
            {
                "id": 19,
                "type": "TEXT",
                "format_content": "1011AAC",
                "depth": 0,
                "sort_order": 17,
                "article": 5,
                "paragraph": null,
                "subParagraph": null,
                "is_article_title": true,
                "content_labels": [
                    "1011006"
                ],
                "note": "",
                "name": null,
                "contents": [
                    {
                        "text": "제5조 (계약기간)",
                        "type": null,
                        "rowId": null,
                        "cells": null
                    }
                ],
                "coordinate": null
            },
            {
                "id": 20,
                "type": "TEXT",
                "format_content": null,
                "depth": 1,
                "sort_order": 18,
                "article": 5,
                "paragraph": 1,
                "subParagraph": null,
                "is_article_title": false,
                "content_labels": [
                    "1011006"
                ],
                "note": "",
                "name": null,
                "contents": [
                    {
                        "text": "1. 본 계약은 계약체결일로부터 1년 간 유효하며, 계약만료일에 자동으로 종료한다. 단, 제9조의 효력은 계약종료 후에도 유지된다.",
                        "type": null,
                        "rowId": null,
                        "cells": null
                    }
                ],
                "coordinate": null
            },
            {
                "id": 21,
                "type": "TEXT",
                "format_content": "1011AAC",
                "depth": 1,
                "sort_order": 19,
                "article": 5,
                "paragraph": 2,
                "subParagraph": null,
                "is_article_title": false,
                "content_labels": [
                    "1011006"
                ],
                "note": "",
                "name": null,
                "contents": [
                    {
                        "text": "2. 본 계약기간 만료 후에도 회사는 후속 광고물 제작기간 등을 감안하여 별도 계약 없이 광고물을 1개월 연장하여 사용할 수 있다.",
                        "type": null,
                        "rowId": null,
                        "cells": null
                    }
                ],
                "coordinate": null
            },
            {
                "id": 22,
                "type": "TEXT",
                "format_content": "1011AAC",
                "depth": 0,
                "sort_order": 20,
                "article": 6,
                "paragraph": null,
                "subParagraph": null,
                "is_article_title": true,
                "content_labels": [
                    "1011003"
                ],
                "note": "",
                "name": null,
                "contents": [
                    {
                        "text": "제6조 (모델의 의무)",
                        "type": null,
                        "rowId": null,
                        "cells": null
                    }
                ],
                "coordinate": null
            },
            {
                "id": 23,
                "type": "TEXT",
                "format_content": "1011AAC",
                "depth": 1,
                "sort_order": 21,
                "article": 6,
                "paragraph": 1,
                "subParagraph": null,
                "is_article_title": false,
                "content_labels": [
                    "1011003"
                ],
                "note": "",
                "name": null,
                "contents": [
                    {
                        "text": "1. 모델은 필요한 재능과 역량을 최대한 발휘하여 광고 및 사진 촬영에 성실히 임해야 하며, 사회적 물의(마약, 약물, 도박, 성범죄, 성추행, 성희롱 등 법령위반과 이에 준하는 물의)를 일으키거나 기타 품위를 손상시키는 행위를 하지 않아야 한다.",
                        "type": null,
                        "rowId": null,
                        "cells": null
                    }
                ],
                "coordinate": null
            },
            {
                "id": 25,
                "type": "TEXT",
                "format_content": "1011AAC",
                "depth": 1,
                "sort_order": 22,
                "article": 6,
                "paragraph": 2,
                "subParagraph": null,
                "is_article_title": false,
                "content_labels": [
                    "1011003"
                ],
                "note": "",
                "name": null,
                "contents": [
                    {
                        "text": "2. 모델은 정당한 사유 없이 본 계약상 의무를 위반하여 회사의 지시 내지 요청을 거부하여서는 아니된다.",
                        "type": null,
                        "rowId": null,
                        "cells": null
                    }
                ],
                "coordinate": null
            },
            {
                "id": 26,
                "type": "TEXT",
                "format_content": "1011AAC",
                "depth": 1,
                "sort_order": 23,
                "article": 6,
                "paragraph": 3,
                "subParagraph": null,
                "is_article_title": false,
                "content_labels": [
                    "1011003",
                    "1011009"
                ],
                "note": "",
                "name": null,
                "contents": [
                    {
                        "text": "3. 모델은 본 계약의 만료일까지 회사의 경쟁업체 광고에는 출연할 수 없다.",
                        "type": null,
                        "rowId": null,
                        "cells": null
                    }
                ],
                "coordinate": null
            },
            {
                "id": 27,
                "type": "TEXT",
                "format_content": "1011AAC",
                "depth": 1,
                "sort_order": 24,
                "article": 6,
                "paragraph": 4,
                "subParagraph": null,
                "is_article_title": false,
                "content_labels": [
                    "1011003"
                ],
                "note": "",
                "name": null,
                "contents": [
                    {
                        "text": "4. 모델은 본 계약에 따라 제작된 광고물에 관하여 회사의 사전 서면 동의 없이 무단으로 복제, 배포, 게시 등을 할 수 없다.",
                        "type": null,
                        "rowId": null,
                        "cells": null
                    }
                ],
                "coordinate": null
            },
            {
                "id": 28,
                "type": "TEXT",
                "format_content": "1011AAC",
                "depth": 0,
                "sort_order": 25,
                "article": 7,
                "paragraph": null,
                "subParagraph": null,
                "is_article_title": true,
                "content_labels": [
                    "1011003"
                ],
                "note": "",
                "name": null,
                "contents": [
                    {
                        "text": "제7조 (회사의 의무)",
                        "type": null,
                        "rowId": null,
                        "cells": null
                    }
                ],
                "coordinate": null
            },
            {
                "id": 29,
                "type": "TEXT",
                "format_content": "1011AAC",
                "depth": 1,
                "sort_order": 26,
                "article": 7,
                "paragraph": 1,
                "subParagraph": null,
                "is_article_title": false,
                "content_labels": [
                    "1011007"
                ],
                "note": "",
                "name": null,
                "contents": [
                    {
                        "text": "1.회사는 본 계약 제3조에 정하는 바에 따라 계약금을 지급한다.",
                        "type": null,
                        "rowId": null,
                        "cells": null
                    }
                ],
                "coordinate": null
            },
            {
                "id": 30,
                "type": "TEXT",
                "format_content": "1011AAC",
                "depth": 1,
                "sort_order": 27,
                "article": 7,
                "paragraph": 2,
                "subParagraph": null,
                "is_article_title": false,
                "content_labels": [
                    "1011005"
                ],
                "note": "",
                "name": null,
                "contents": [
                    {
                        "text": "2. 회사는 모델의 광고 및 사진 촬영 전 과정에서 모델의 프라이버시나 인격을 훼손하지 않도록 선량한 관리자의 의무를 다하여야 한다.",
                        "type": null,
                        "rowId": null,
                        "cells": null
                    }
                ],
                "coordinate": null
            },
            {
                "id": 31,
                "type": "TEXT",
                "format_content": "1011AAC",
                "depth": 1,
                "sort_order": 28,
                "article": 7,
                "paragraph": 3,
                "subParagraph": null,
                "is_article_title": false,
                "content_labels": [
                    "1011003",
                    "1011019"
                ],
                "note": "",
                "name": null,
                "contents": [
                    {
                        "text": "3. 회사는 모델의 광고 및 사진 촬영에 관하여 사회적 물의(명예훼손 등 법령위반과 이에 준하는 물의)를 일으키거나 모델의 품위를 손상시키지 아니한다.",
                        "type": null,
                        "rowId": null,
                        "cells": null
                    }
                ],
                "coordinate": null
            },
            {
                "id": 32,
                "type": "TEXT",
                "format_content": "1011AAC",
                "depth": 0,
                "sort_order": 29,
                "article": 8,
                "paragraph": null,
                "subParagraph": null,
                "is_article_title": true,
                "content_labels": [
                    "1011008"
                ],
                "note": "",
                "name": null,
                "contents": [
                    {
                        "text": "제8조 (저작권 등 권리의 귀속)",
                        "type": null,
                        "rowId": null,
                        "cells": null
                    }
                ],
                "coordinate": null
            },
            {
                "id": 33,
                "type": "TEXT",
                "format_content": "1011AAC",
                "depth": 1,
                "sort_order": 30,
                "article": 8,
                "paragraph": 1,
                "subParagraph": null,
                "is_article_title": false,
                "content_labels": [
                    "1011008"
                ],
                "note": "",
                "name": null,
                "contents": [
                    {
                        "text": "1. 모델이 출연하여 완성된 광고물의 저작권 및 저작인접권(초상권 포함)은 회사에게 귀속되며, 계약기간 내에 회사는 모델이 출연한 광고물을 이용하여 2차 저작물 및 편집 제작물로 활용할 권리를 가진다.",
                        "type": null,
                        "rowId": null,
                        "cells": null
                    }
                ],
                "coordinate": null
            },
            {
                "id": 34,
                "type": "TEXT",
                "format_content": "1011AAC",
                "depth": 1,
                "sort_order": 31,
                "article": 8,
                "paragraph": 2,
                "subParagraph": null,
                "is_article_title": false,
                "content_labels": [
                    "1011008"
                ],
                "note": "",
                "name": null,
                "contents": [
                    {
                        "text": "2. 본 계약에 정하지 아니한 사항은 저작권법에 의한다.",
                        "type": null,
                        "rowId": null,
                        "cells": null
                    }
                ],
                "coordinate": null
            },
            {
                "id": 35,
                "type": "TEXT",
                "format_content": "1011AAC",
                "depth": 0,
                "sort_order": 32,
                "article": 9,
                "paragraph": null,
                "subParagraph": null,
                "is_article_title": true,
                "content_labels": [
                    "1011014"
                ],
                "note": "",
                "name": null,
                "contents": [
                    {
                        "text": "제9조 (비밀유지의무)",
                        "type": null,
                        "rowId": null,
                        "cells": null
                    }
                ],
                "coordinate": null
            },
            {
                "id": 36,
                "type": "TEXT",
                "format_content": "1011AAC",
                "depth": 1,
                "sort_order": 33,
                "article": 9,
                "paragraph": 1,
                "subParagraph": null,
                "is_article_title": false,
                "content_labels": [
                    "1011014"
                ],
                "note": "",
                "name": null,
                "contents": [
                    {
                        "text": "1. 당사자는 자신이나 그 담당자 및 종업원 등이 상대방으로부터 제공받은 자료, 정보, 본 계약서의 내용, 기타 관련 내용 및 자료 등 일체의 정보, 자료를 상대방과의 서면 합의 없이 본 계약과 다른 목적으로 사용하거나 상대방의 사전 서면 동의 없이 제3자에게 공개 또는 누설하여서는 아니된다.",
                        "type": null,
                        "rowId": null,
                        "cells": null
                    }
                ],
                "coordinate": null
            },
            {
                "id": 37,
                "type": "TEXT",
                "format_content": "1011AAC",
                "depth": 1,
                "sort_order": 34,
                "article": 9,
                "paragraph": 2,
                "subParagraph": null,
                "is_article_title": false,
                "content_labels": [
                    "1011014",
                    "1011010",
                    "1011013",
                    "1011022"
                ],
                "note": "",
                "name": null,
                "contents": [
                    {
                        "text": "2. 위 제1항의 비밀유지의무를 위반하여 제3자에게 공개 또는 누설한 경우, 상대방은 비밀유지의무 당사자에게 제12조의 계약해제를 할 수 있고, 제13조에서 정한 위약금 및 손해배상금을 청구할 수 있다.",
                        "type": null,
                        "rowId": null,
                        "cells": null
                    }
                ],
                "coordinate": null
            },
            {
                "id": 39,
                "type": "TEXT",
                "format_content": "1011AAC",
                "depth": 1,
                "sort_order": 35,
                "article": 9,
                "paragraph": 3,
                "subParagraph": null,
                "is_article_title": false,
                "content_labels": [
                    "1011014",
                    "1011026"
                ],
                "note": "",
                "name": null,
                "contents": [
                    {
                        "text": "3. 위 제1항의 비밀유지의무 위반이 부정경쟁방지법상 형사처벌 대상이 될 수 있음을 인지한다.",
                        "type": null,
                        "rowId": null,
                        "cells": null
                    }
                ],
                "coordinate": null
            },
            {
                "id": 40,
                "type": "TEXT",
                "format_content": "1011AAC",
                "depth": 1,
                "sort_order": 36,
                "article": 9,
                "paragraph": 4,
                "subParagraph": null,
                "is_article_title": false,
                "content_labels": [
                    "1011014",
                    "1011012"
                ],
                "note": "",
                "name": null,
                "contents": [
                    {
                        "text": "4. 본 조의 의무는 이 계약이 종료, 해지된 이후에도 유효하다.",
                        "type": null,
                        "rowId": null,
                        "cells": null
                    }
                ],
                "coordinate": null
            },
            {
                "id": 41,
                "type": "TEXT",
                "format_content": "1011AAC",
                "depth": 0,
                "sort_order": 37,
                "article": 10,
                "paragraph": null,
                "subParagraph": null,
                "is_article_title": true,
                "content_labels": [
                    "1011021"
                ],
                "note": "",
                "name": null,
                "contents": [
                    {
                        "text": "제10조 (불가항력)",
                        "type": null,
                        "rowId": null,
                        "cells": null
                    }
                ],
                "coordinate": null
            },
            {
                "id": 42,
                "type": "TEXT",
                "format_content": "1011AAC",
                "depth": 1,
                "sort_order": 38,
                "article": 10,
                "paragraph": 1,
                "subParagraph": null,
                "is_article_title": false,
                "content_labels": [
                    "1011021"
                ],
                "note": "",
                "name": null,
                "contents": [
                    {
                        "text": "1. 천재지변, 자연재해, 전쟁, 내란, 폭동 등 기타 객관적으로 통제할 수 없는 불가항력적인 여건으로 인하여 당사자 일방이 본 계약상 의무를 이행할 수 없거나 지체하게 된 때에는 지체 없이 상대방에 대하여 그 불가항력과 이행하지 못하는 의무, 불가항력이 발생한 시기를 기재한 서면으로 통지하여야 한다. 불가항력으로 인하여 의무를 이행하지 못하는 당사자는 위 통지서를 상대방에게 발송한 때에 그 불가항력이 발생한 시기로 소급하여 위 통지서에 기재된 의무의 불이행에 대하여 책임이 없다.",
                        "type": null,
                        "rowId": null,
                        "cells": null
                    }
                ],
                "coordinate": null
            },
            {
                "id": 44,
                "type": "TEXT",
                "format_content": "1011AAC",
                "depth": 1,
                "sort_order": 39,
                "article": 10,
                "paragraph": 2,
                "subParagraph": null,
                "is_article_title": false,
                "content_labels": [
                    "1011010"
                ],
                "note": "",
                "name": null,
                "contents": [
                    {
                        "text": "2. 다만, 전항의 불가항력으로 인한 계약의 불이행이 30일 이상 계속될 경우, 상대방은 불가항력에 처한 당사자에 대한 서면 통지로 본 계약을 해지 또는 해제할 수 있다.",
                        "type": null,
                        "rowId": null,
                        "cells": null
                    }
                ],
                "coordinate": null
            },
            {
                "id": 45,
                "type": "TEXT",
                "format_content": "1011AAC",
                "depth": 0,
                "sort_order": 40,
                "article": 11,
                "paragraph": null,
                "subParagraph": null,
                "is_article_title": true,
                "content_labels": [
                    "1011010"
                ],
                "note": "",
                "name": null,
                "contents": [
                    {
                        "text": "제11조 (계약의 해제 또는 해지)",
                        "type": null,
                        "rowId": null,
                        "cells": null
                    }
                ],
                "coordinate": null
            },
            {
                "id": 46,
                "type": "TEXT",
                "format_content": "1011AAC",
                "depth": 1,
                "sort_order": 41,
                "article": 11,
                "paragraph": 1,
                "subParagraph": null,
                "is_article_title": false,
                "content_labels": [
                    "1011010"
                ],
                "note": "",
                "name": null,
                "contents": [
                    {
                        "text": "1. 본 계약의 일방당사자가 본 계약상의 의무를 위반한 경우 상대방은 15일 기간을 정하여 위반사항을 시정할 것을 먼저 최고하고, 그 기간 내에 위반사항이 시정되지 않을 경우에는 해제 또는 해지할 수 있다. 단, 명백한 시정 거부의사를 표시한 경우에는 위와 같은 유예기간을 거치지 아니하고 즉시 본 계약을 해제 또는 해지할 수 있다.",
                        "type": null,
                        "rowId": null,
                        "cells": null
                    }
                ],
                "coordinate": null
            },
            {
                "id": 47,
                "type": "TEXT",
                "format_content": "1011AAC",
                "depth": 1,
                "sort_order": 42,
                "article": 11,
                "paragraph": 2,
                "subParagraph": null,
                "is_article_title": false,
                "content_labels": [
                    "1011010"
                ],
                "note": "",
                "name": null,
                "contents": [
                    {
                        "text": "2. 회사는 모델이 다음 각호의 행위를 하였을 경우 별도의 최고없이 서면통보로써 본 계약을 해제 또는 해지할 수 있다.",
                        "type": null,
                        "rowId": null,
                        "cells": null
                    }
                ],
                "coordinate": null
            },
            {
                "id": 48,
                "type": "TEXT",
                "format_content": "1011AAC",
                "depth": 1,
                "sort_order": 43,
                "article": 11,
                "paragraph": 2,
                "subParagraph": 1,
                "is_article_title": false,
                "content_labels": [
                    "1011010"
                ],
                "note": "",
                "name": null,
                "contents": [
                    {
                        "text": "가. 형사상 범죄행위, 기타 부정한 행위 등 제6조 제1항을 위반하는 행위를 저질러 회사의 이미지에 상당한 손상을 가한 경우",
                        "type": null,
                        "rowId": null,
                        "cells": null
                    }
                ],
                "coordinate": null
            },
            {
                "id": 50,
                "type": "TEXT",
                "format_content": "1011AAC",
                "depth": 2,
                "sort_order": 44,
                "article": 11,
                "paragraph": 2,
                "subParagraph": 2,
                "is_article_title": false,
                "content_labels": [
                    "1011010"
                ],
                "note": "",
                "name": null,
                "contents": [
                    {
                        "text": "나. 제9조 비밀유지의무를 위반한 경우",
                        "type": null,
                        "rowId": null,
                        "cells": null
                    }
                ],
                "coordinate": null
            },
            {
                "id": 51,
                "type": "TEXT",
                "format_content": "1011AAC",
                "depth": 0,
                "sort_order": 45,
                "article": 12,
                "paragraph": null,
                "subParagraph": null,
                "is_article_title": true,
                "content_labels": [
                    "1011022"
                ],
                "note": "",
                "name": null,
                "contents": [
                    {
                        "text": "제12조 (손해배상)",
                        "type": null,
                        "rowId": null,
                        "cells": null
                    }
                ],
                "coordinate": null
            },
            {
                "id": 52,
                "type": "TEXT",
                "format_content": "1011AAC",
                "depth": 1,
                "sort_order": 46,
                "article": 12,
                "paragraph": 1,
                "subParagraph": null,
                "is_article_title": false,
                "content_labels": [
                    "1011022"
                ],
                "note": "",
                "name": null,
                "contents": [
                    {
                        "text": "1. 모델이 정당한 이유 없이 본 계약을 위반하여 회사에 손해가 발생한 경우 모델은 그 손해를 배상할 의무가 있다.",
                        "type": null,
                        "rowId": null,
                        "cells": null
                    }
                ],
                "coordinate": null
            },
            {
                "id": 53,
                "type": "TEXT",
                "format_content": "1011AAC",
                "depth": 1,
                "sort_order": 47,
                "article": 12,
                "paragraph": 2,
                "subParagraph": null,
                "is_article_title": false,
                "content_labels": [
                    "1011013"
                ],
                "note": "",
                "name": null,
                "contents": [
                    {
                        "text": "2. 회사가 본 계약내용에 따른 회사의 의무를 충실히 이행하고 있음에도 불구하고, 모델이 계약기간 도중에 계약을 일방적으로 파기할 목적으로 계약상의 내용을 위반한 경우에는 모델은 계약금의 배를 위약금으로 지급한다.",
                        "type": null,
                        "rowId": null,
                        "cells": null
                    }
                ],
                "coordinate": null
            },
            {
                "id": 54,
                "type": "TEXT",
                "format_content": "1011AAC",
                "depth": 1,
                "sort_order": 48,
                "article": 12,
                "paragraph": 3,
                "subParagraph": null,
                "is_article_title": false,
                "content_labels": [
                    "1011013",
                    "1011022"
                ],
                "note": "",
                "name": null,
                "contents": [
                    {
                        "text": "3. 전항의 위약금은 손해배상액의 예정이 아니므로 회사의 손해여부와 무관하게 모델은 이를 지급하여야 하며, 회사에 손해가 발생한 경우 전항의 위약금과 별도로 그 손해를 배상하여야 한다.",
                        "type": null,
                        "rowId": null,
                        "cells": null
                    }
                ],
                "coordinate": null
            },
            {
                "id": 55,
                "type": "TEXT",
                "format_content": "1011AAC",
                "depth": 0,
                "sort_order": 49,
                "article": 13,
                "paragraph": null,
                "subParagraph": null,
                "is_article_title": true,
                "content_labels": [
                    "1011017"
                ],
                "note": "",
                "name": null,
                "contents": [
                    {
                        "text": "제13조 (양도 금지)",
                        "type": null,
                        "rowId": null,
                        "cells": null
                    }
                ],
                "coordinate": null
            },
            {
                "id": 56,
                "type": "TEXT",
                "format_content": "1011AAC",
                "depth": 1,
                "sort_order": 50,
                "article": 13,
                "paragraph": null,
                "subParagraph": null,
                "is_article_title": false,
                "content_labels": [
                    "1011017"
                ],
                "note": "",
                "name": null,
                "contents": [
                    {
                        "text": "본 계약의 일방당사자는 본 계약상의 권리, 의무의 일부 또는 전부 및 본 계약상의 지위를 상대방의사전 서면동의가 없는 한, 제3자에게 양도, 증여, 대물변제 또는 담보제공 등 기타 일체의 처분행위를 할 수 없다.",
                        "type": null,
                        "rowId": null,
                        "cells": null
                    }
                ],
                "coordinate": null
            },
            {
                "id": 59,
                "type": "TEXT",
                "format_content": "1011AAC",
                "depth": 0,
                "sort_order": 51,
                "article": 14,
                "paragraph": null,
                "subParagraph": null,
                "is_article_title": true,
                "content_labels": [
                    "1011012"
                ],
                "note": "",
                "name": null,
                "contents": [
                    {
                        "text": "제14조 (효력의 발생)",
                        "type": null,
                        "rowId": null,
                        "cells": null
                    }
                ],
                "coordinate": null
            },
            {
                "id": 60,
                "type": "TEXT",
                "format_content": "1011AAC",
                "depth": 1,
                "sort_order": 52,
                "article": 14,
                "paragraph": null,
                "subParagraph": null,
                "is_article_title": false,
                "content_labels": [
                    "1011012"
                ],
                "note": "",
                "name": null,
                "contents": [
                    {
                        "text": "본 계약은 계약체결일로부터 효력을 발생한다.",
                        "type": null,
                        "rowId": null,
                        "cells": null
                    }
                ],
                "coordinate": null
            },
            {
                "id": 61,
                "type": "TEXT",
                "format_content": "1011AAC",
                "depth": 0,
                "sort_order": 53,
                "article": 15,
                "paragraph": null,
                "subParagraph": null,
                "is_article_title": true,
                "content_labels": [
                    "1011023",
                    "1011025"
                ],
                "note": "",
                "name": null,
                "contents": [
                    {
                        "text": "제15조 (계약의 변경 및 분쟁의 해결)",
                        "type": null,
                        "rowId": null,
                        "cells": null
                    }
                ],
                "coordinate": null
            },
            {
                "id": 62,
                "type": "TEXT",
                "format_content": "1011AAC",
                "depth": 1,
                "sort_order": 54,
                "article": 15,
                "paragraph": 1,
                "subParagraph": null,
                "is_article_title": false,
                "content_labels": [
                    "1011023"
                ],
                "note": "",
                "name": null,
                "contents": [
                    {
                        "text": "1. 부득이한 사유로 인한 본 계약의 변경은 상호 협의에 따른 서면 합의에 의하여야 하며, 이외의 변경은 그 효력이 없다.",
                        "type": null,
                        "rowId": null,
                        "cells": null
                    }
                ],
                "coordinate": null
            },
            {
                "id": 63,
                "type": "TEXT",
                "format_content": "1011AAC",
                "depth": 1,
                "sort_order": 55,
                "article": 15,
                "paragraph": 2,
                "subParagraph": null,
                "is_article_title": false,
                "content_labels": [
                    "1011025",
                    "1011026"
                ],
                "note": "",
                "name": null,
                "contents": [
                    {
                        "text": "2. 본 계약서에 명시되지 않은 사유 또는 해석상의 문제로 발생되는 분쟁에 대하여서는 법령 내지 동종업계의 상관례에 따라 상호 협의 조정하며, 그럼에도 불구하고 해결되지 않는 분쟁에 관하여는 지방법원을 제1심 관할법원으로 하여 소송을 통하여 해결한다.",
                        "type": null,
                        "rowId": null,
                        "cells": null
                    }
                ],
                "coordinate": null
            },
            {
                "id": 64,
                "type": "TEXT",
                "format_content": "1011AAC",
                "depth": 0,
                "sort_order": 56,
                "article": 16,
                "paragraph": null,
                "subParagraph": null,
                "is_article_title": true,
                "content_labels": [
                    "1011018"
                ],
                "note": "",
                "name": null,
                "contents": [
                    {
                        "text": "제16조 (상호의무)",
                        "type": null,
                        "rowId": null,
                        "cells": null
                    }
                ],
                "coordinate": null
            },
            {
                "id": 65,
                "type": "TEXT",
                "format_content": "1011AAC",
                "depth": 1,
                "sort_order": 57,
                "article": 16,
                "paragraph": null,
                "subParagraph": null,
                "is_article_title": false,
                "content_labels": [
                    "1011018"
                ],
                "note": "",
                "name": null,
                "contents": [
                    {
                        "text": "당사자들은 본 계약을 수행함에 있어 모든 관련된 업무를 성공적으로 수행하기 위한 의무를 다하여야 하며, 신의와 성실의 원칙에 의거 본 계약을 충실히 이행하여 상호 신용과 명예를 실추시키지 않도록 한다.",
                        "type": null,
                        "rowId": null,
                        "cells": null
                    }
                ],
                "coordinate": null
            },
            {
                "id": 68,
                "type": "TEXT",
                "format_content": "1011AAD",
                "depth": 1,
                "sort_order": 58,
                "article": null,
                "paragraph": null,
                "subParagraph": null,
                "is_article_title": false,
                "content_labels": [
                    "1011027"
                ],
                "note": "",
                "name": null,
                "contents": [
                    {
                        "text": "본 계약의 체결사실 및 계약내용을 증명하기 위하여 계약서를 2부 작성하여 계약 당사자가 각각 서명 또는 날인한 후 각1부씩 보관한다.",
                        "type": null,
                        "rowId": null,
                        "cells": null
                    }
                ],
                "coordinate": null
            },
            {
                "id": 70,
                "type": "TEXT",
                "format_content": "1011AAG",
                "depth": 1,
                "sort_order": 59,
                "article": null,
                "paragraph": null,
                "subParagraph": null,
                "is_article_title": false,
                "content_labels": [
                    "1011033"
                ],
                "note": "",
                "name": null,
                "contents": [
                    {
                        "text": "본인 은 본 계약서의 각 조에 해당하는 모든 내용을 설명 들었고 읽었으며 이해하였고, 계약서상 모든 내용에 동의합니다.",
                        "type": null,
                        "rowId": null,
                        "cells": null
                    }
                ],
                "coordinate": null
            },
            {
                "id": 74,
                "type": "TEXT",
                "format_content": "1011AAE",
                "depth": 1,
                "sort_order": 60,
                "article": null,
                "paragraph": null,
                "subParagraph": null,
                "is_article_title": false,
                "content_labels": [
                    "1011028"
                ],
                "note": "",
                "name": null,
                "contents": [
                    {
                        "text": "20 년 월 일",
                        "type": null,
                        "rowId": null,
                        "cells": null
                    }
                ],
                "coordinate": null
            },
            {
                "id": 76,
                "type": "TEXT",
                "format_content": "1011AAF",
                "depth": 1,
                "sort_order": 61,
                "article": null,
                "paragraph": null,
                "subParagraph": null,
                "is_article_title": false,
                "content_labels": [
                    "1011029",
                    "1011030"
                ],
                "note": "",
                "name": null,
                "contents": [
                    {
                        "text": "\"회사\"\n주식회사 (@회사명)\n대표이사: (@성명) (인)\n주 소: (@주소)",
                        "type": null,
                        "rowId": null,
                        "cells": null
                    }
                ],
                "coordinate": null
            },
            {
                "id": 77,
                "type": "TEXT",
                "format_content": "1011AAF",
                "depth": null,
                "sort_order": 62,
                "article": null,
                "paragraph": null,
                "subParagraph": null,
                "is_article_title": false,
                "content_labels": [
                    "1011031",
                    "1011032"
                ],
                "note": "",
                "name": null,
                "contents": [
                    {
                        "text": "\"모델\"\n(인)\n주민번호:\n연락처:\n주 소:",
                        "type": null,
                        "rowId": null,
                        "cells": null
                    }
                ],
                "coordinate": null
            }
        ]
    }
}