{
    "document": {
        "doc_type": "1011",
        "title": "강 연 계 약 서",
        "status": 7,
        "is_hold": null,
        "page_count": 5,
        "sub_document_count": 66,
        "created_time": "2024-10-25T14:15:26.423",
        "main_category": null,
        "sub_category": null,
        "detail_category": null,
        "related_law": null,
        "purpose": null,
        "use_case": null,
        "sub_documents": [
            {
                "id": 1,
                "type": "TEXT",
                "format_content": "1011AAA",
                "depth": 0,
                "sort_order": 1,
                "article": null,
                "paragraph": null,
                "subParagraph": null,
                "is_article_title": false,
                "content_labels": [
                    "1011033"
                ],
                "note": "",
                "name": null,
                "contents": [
                    {
                        "text": "강 연 계 약 서",
                        "type": null,
                        "rowId": null,
                        "cells": null
                    }
                ],
                "coordinate": null
            },
            {
                "id": 2,
                "type": "TEXT",
                "format_content": "1011AAB",
                "depth": 0,
                "sort_order": 2,
                "article": null,
                "paragraph": null,
                "subParagraph": null,
                "is_article_title": false,
                "content_labels": [
                    "1011001"
                ],
                "note": "",
                "name": null,
                "contents": [
                    {
                        "text": "(@회사명1)(이하 “회사”라 한다)와 ________________(이하 “강연자”라 한다)은 다음과 같이 강연계약서를 체결하고 신의에 따라 성실하게 이행하기로 한다.",
                        "type": null,
                        "rowId": null,
                        "cells": null
                    }
                ],
                "coordinate": null
            },
            {
                "id": 3,
                "type": "TEXT",
                "format_content": "1011AAG",
                "depth": 0,
                "sort_order": 3,
                "article": null,
                "paragraph": null,
                "subParagraph": null,
                "is_article_title": false,
                "content_labels": [
                    "1011033"
                ],
                "note": "",
                "name": null,
                "contents": [
                    {
                        "text": "- 다 음 -",
                        "type": null,
                        "rowId": null,
                        "cells": null
                    }
                ],
                "coordinate": null
            },
            {
                "id": 5,
                "type": "TEXT",
                "format_content": "1011AAC",
                "depth": 0,
                "sort_order": 4,
                "article": 1,
                "paragraph": null,
                "subParagraph": null,
                "is_article_title": true,
                "content_labels": [
                    "1011002"
                ],
                "note": "",
                "name": null,
                "contents": [
                    {
                        "text": "제 1 조 (목적)",
                        "type": null,
                        "rowId": null,
                        "cells": null
                    }
                ],
                "coordinate": null
            },
            {
                "id": 6,
                "type": "TEXT",
                "format_content": "1011AAC",
                "depth": 1,
                "sort_order": 5,
                "article": 1,
                "paragraph": null,
                "subParagraph": null,
                "is_article_title": false,
                "content_labels": [
                    "1011002"
                ],
                "note": "",
                "name": null,
                "contents": [
                    {
                        "text": "본 계약은 회사가 강연자에게 강연을 의뢰하고, 강연자가 이를 수행함에 있어서 필요로 하는 양 당사자 간의 권리∙의무 및 기타 제반 사항을 명확히 규정함에 목적이 있다.",
                        "type": null,
                        "rowId": null,
                        "cells": null
                    }
                ],
                "coordinate": null
            },
            {
                "id": 8,
                "type": "TEXT",
                "format_content": "1011AAC",
                "depth": 0,
                "sort_order": 6,
                "article": 2,
                "paragraph": null,
                "subParagraph": null,
                "is_article_title": true,
                "content_labels": [
                    "1011003"
                ],
                "note": "",
                "name": null,
                "contents": [
                    {
                        "text": "제 2 조 (강연 상세 내용)",
                        "type": null,
                        "rowId": null,
                        "cells": null
                    }
                ],
                "coordinate": null
            },
            {
                "id": 9,
                "type": "TEXT",
                "format_content": "1011AAC",
                "depth": 1,
                "sort_order": 7,
                "article": 2,
                "paragraph": 1,
                "subParagraph": null,
                "is_article_title": false,
                "content_labels": [
                    "1011003"
                ],
                "note": "",
                "name": null,
                "contents": [
                    {
                        "text": "1) 강연자는 회사의 요청에 따라 아래에 명시한 용역(이하 “강연” 또는 “강연 용역”이라 한다)을 수행하기로 한다. 본 계약서에 명시되지 않은 사항에 대하여 회사와 강연자는 계약의 목적 및 범위 내에서 상호 협의하여 추가ㆍ조정할 수 있다.",
                        "type": null,
                        "rowId": null,
                        "cells": null
                    }
                ],
                "coordinate": null
            },
            {
                "id": 10,
                "type": "TEXT",
                "format_content": "1011AAC",
                "depth": 1,
                "sort_order": 8,
                "article": 2,
                "paragraph": 1,
                "subParagraph": 1,
                "is_article_title": false,
                "content_labels": [
                    "1011003"
                ],
                "note": "",
                "name": null,
                "contents": [
                    {
                        "text": "① 강연 용역의 내용:",
                        "type": null,
                        "rowId": null,
                        "cells": null
                    }
                ],
                "coordinate": null
            },
            {
                "id": 11,
                "type": "TEXT",
                "format_content": "1011AAC",
                "depth": 1,
                "sort_order": 9,
                "article": 2,
                "paragraph": 1,
                "subParagraph": 2,
                "is_article_title": false,
                "content_labels": [
                    "1011003"
                ],
                "note": "",
                "name": null,
                "contents": [
                    {
                        "text": "② 강연자 선정 사유: ((@구체적 사실)에 관한 전문적인 지식과 경험에 초점)",
                        "type": null,
                        "rowId": null,
                        "cells": null
                    }
                ],
                "coordinate": null
            },
            {
                "id": 12,
                "type": "TEXT",
                "format_content": "1011AAC",
                "depth": 1,
                "sort_order": 10,
                "article": 2,
                "paragraph": 1,
                "subParagraph": 3,
                "is_article_title": false,
                "content_labels": [
                    "1011003"
                ],
                "note": "",
                "name": null,
                "contents": [
                    {
                        "text": "③ 강연 일시:",
                        "type": null,
                        "rowId": null,
                        "cells": null
                    }
                ],
                "coordinate": null
            },
            {
                "id": 13,
                "type": "TEXT",
                "format_content": "1011AAC",
                "depth": 1,
                "sort_order": 11,
                "article": 2,
                "paragraph": 1,
                "subParagraph": 4,
                "is_article_title": false,
                "content_labels": [
                    "1011003"
                ],
                "note": "",
                "name": null,
                "contents": [
                    {
                        "text": "④ 강연 장소:",
                        "type": null,
                        "rowId": null,
                        "cells": null
                    }
                ],
                "coordinate": null
            },
            {
                "id": 14,
                "type": "TEXT",
                "format_content": "1011AAC",
                "depth": 1,
                "sort_order": 12,
                "article": 2,
                "paragraph": 1,
                "subParagraph": 5,
                "is_article_title": false,
                "content_labels": [
                    "1011003"
                ],
                "note": "",
                "name": null,
                "contents": [
                    {
                        "text": "⑤ 강연 내용:",
                        "type": null,
                        "rowId": null,
                        "cells": null
                    }
                ],
                "coordinate": null
            },
            {
                "id": 15,
                "type": "TEXT",
                "format_content": "1011AAC",
                "depth": 1,
                "sort_order": 13,
                "article": 2,
                "paragraph": 1,
                "subParagraph": 6,
                "is_article_title": false,
                "content_labels": [
                    "1011003"
                ],
                "note": "",
                "name": null,
                "contents": [
                    {
                        "text": "⑥ 참가자 정보: (10인 이상)",
                        "type": null,
                        "rowId": null,
                        "cells": null
                    }
                ],
                "coordinate": null
            },
            {
                "id": 16,
                "type": "TEXT",
                "format_content": "1011AAC",
                "depth": 1,
                "sort_order": 14,
                "article": 2,
                "paragraph": 2,
                "subParagraph": null,
                "is_article_title": false,
                "content_labels": [
                    "1011003"
                ],
                "note": "",
                "name": null,
                "contents": [
                    {
                        "text": "2) 회사와 강연자는 원활한 강연 용역 수행을 위하여 상호 협조하며, 회사가 강연자에게 회의 소집, 면담 등을 요청할 경우 강연자는 적시에 응하여야 한다.",
                        "type": null,
                        "rowId": null,
                        "cells": null
                    }
                ],
                "coordinate": null
            },
            {
                "id": 17,
                "type": "TEXT",
                "format_content": "1011AAC",
                "depth": 0,
                "sort_order": 15,
                "article": 3,
                "paragraph": null,
                "subParagraph": null,
                "is_article_title": true,
                "content_labels": [
                    "1011007"
                ],
                "note": "",
                "name": null,
                "contents": [
                    {
                        "text": "제 3 조 (보수의 내용 및 지급 방법)",
                        "type": null,
                        "rowId": null,
                        "cells": null
                    }
                ],
                "coordinate": null
            },
            {
                "id": 18,
                "type": "TEXT",
                "format_content": "1011AAC",
                "depth": 1,
                "sort_order": 16,
                "article": 3,
                "paragraph": 1,
                "subParagraph": null,
                "is_article_title": false,
                "content_labels": [
                    "1011007"
                ],
                "note": "",
                "name": null,
                "contents": [
                    {
                        "text": "1) 회사는 강연자에게 본 계약에 따른 강연 수행의 대가(이하 “강연료”라 한다)로서 금 00만원(￦000,000, 제세공과금 포함)을 지급하며, 강연 완료 후 회사의 내부 규정에 따라 강연료를 지급하기로 한다.",
                        "type": null,
                        "rowId": null,
                        "cells": null
                    }
                ],
                "coordinate": null
            },
            {
                "id": 19,
                "type": "TEXT",
                "format_content": "1011AAC",
                "depth": 1,
                "sort_order": 17,
                "article": 3,
                "paragraph": 2,
                "subParagraph": null,
                "is_article_title": false,
                "content_labels": [
                    "1011007"
                ],
                "note": "",
                "name": null,
                "contents": [
                    {
                        "text": "2) 전항의 강연료 외에 강연자가 강연을 수행함으로 인하여 수반되어 지출한 교통비, 숙박비, 식비(이하 “경비”라 한다)는",
                        "type": null,
                        "rowId": null,
                        "cells": null
                    }
                ],
                "coordinate": null
            },
            {
                "id": 84,
                "type": "TEXT",
                "format_content": "1011AAC",
                "depth": null,
                "sort_order": 18,
                "article": 3,
                "paragraph": 2,
                "subParagraph": 1,
                "is_article_title": false,
                "content_labels": [
                    "1011007"
                ],
                "note": "",
                "name": null,
                "contents": [
                    {
                        "text": "① 회사가 관련 법령의 범위 내에서 강연자에게 실비 지급한다.",
                        "type": null,
                        "rowId": null,
                        "cells": null
                    }
                ],
                "coordinate": null
            },
            {
                "id": 85,
                "type": "TEXT",
                "format_content": "1011AAC",
                "depth": null,
                "sort_order": 19,
                "article": 3,
                "paragraph": 2,
                "subParagraph": 2,
                "is_article_title": false,
                "content_labels": [
                    "1011033"
                ],
                "note": "",
                "name": null,
                "contents": [
                    {
                        "text": "② 전부 강연자가 부담한다.",
                        "type": null,
                        "rowId": null,
                        "cells": null
                    }
                ],
                "coordinate": null
            },
            {
                "id": 20,
                "type": "TEXT",
                "format_content": "1011AAC",
                "depth": 1,
                "sort_order": 20,
                "article": 3,
                "paragraph": 3,
                "subParagraph": null,
                "is_article_title": false,
                "content_labels": [
                    "1011033"
                ],
                "note": "",
                "name": null,
                "contents": [
                    {
                        "text": "3) 본 조의 규정에 따른 강연료 및 경비를 제외한 나머지 지출 및 비용은 전부 강연자가 부담한다.",
                        "type": null,
                        "rowId": null,
                        "cells": null
                    }
                ],
                "coordinate": null
            },
            {
                "id": 22,
                "type": "TEXT",
                "format_content": "1011AAC",
                "depth": 0,
                "sort_order": 21,
                "article": 4,
                "paragraph": null,
                "subParagraph": null,
                "is_article_title": true,
                "content_labels": [
                    "1011003"
                ],
                "note": "",
                "name": null,
                "contents": [
                    {
                        "text": "제 4 조 ( 강연 자료의 제공 등 )",
                        "type": null,
                        "rowId": null,
                        "cells": null
                    }
                ],
                "coordinate": null
            },
            {
                "id": 23,
                "type": "TEXT",
                "format_content": "1011AAC",
                "depth": 1,
                "sort_order": 22,
                "article": 4,
                "paragraph": 1,
                "subParagraph": null,
                "is_article_title": false,
                "content_labels": [
                    "1011003"
                ],
                "note": "",
                "name": null,
                "contents": [
                    {
                        "text": "1) 강연자는 강연과 관련한 제반 자료나 관련 서류,  참고 문헌 등(이하 “강연 자료”라 한다)을 강연일 1주일 전까지 회사에 제출하여야 한다.",
                        "type": null,
                        "rowId": null,
                        "cells": null
                    }
                ],
                "coordinate": null
            },
            {
                "id": 24,
                "type": "TEXT",
                "format_content": "1011AAC",
                "depth": 1,
                "sort_order": 23,
                "article": 4,
                "paragraph": 2,
                "subParagraph": null,
                "is_article_title": false,
                "content_labels": [
                    "1011019",
                    "1011008"
                ],
                "note": "",
                "name": null,
                "contents": [
                    {
                        "text": "2) 강연자는 회사에 제출한 강연 자료 및 실제 강연 내용이 관련 법령을 준수하고, 지식재산권 기타 제3자의 권리를 침해하지 않음을 진술 및 보증한다.",
                        "type": null,
                        "rowId": null,
                        "cells": null
                    }
                ],
                "coordinate": null
            },
            {
                "id": 25,
                "type": "TEXT",
                "format_content": "1011AAC",
                "depth": 1,
                "sort_order": 24,
                "article": 4,
                "paragraph": 3,
                "subParagraph": null,
                "is_article_title": false,
                "content_labels": [
                    "1011019",
                    "1011003"
                ],
                "note": "",
                "name": null,
                "contents": [
                    {
                        "text": "3) 회사가 강연 자료를 확인한 결과, 해당 내용으로 강연을 진행하는 경우 관련 법령에 위반될 여지가 있거나 해당 내용이 사실과 다른 경우, 회사는 강연자에게 해당 내용을 강연자료에서 삭제하고, 강연에서 사용하지 않을 것을 요청할 수 있으며, 강연자는 회사의 요청에 응하여야 한다.",
                        "type": null,
                        "rowId": null,
                        "cells": null
                    }
                ],
                "coordinate": null
            },
            {
                "id": 26,
                "type": "TEXT",
                "format_content": "1011AAC",
                "depth": 1,
                "sort_order": 25,
                "article": 4,
                "paragraph": 4,
                "subParagraph": null,
                "is_article_title": false,
                "content_labels": [
                    "1011003"
                ],
                "note": "",
                "name": null,
                "contents": [
                    {
                        "text": "4) 회사는 강연자의 강연 내용 전부를 사진 촬영 및 녹음, 녹화, 기타의 방법으로 기록(복제)하고, 강연 내용을 요약하여 배포(전송)할 수 있다.",
                        "type": null,
                        "rowId": null,
                        "cells": null
                    }
                ],
                "coordinate": null
            },
            {
                "id": 27,
                "type": "TEXT",
                "format_content": "1011AAC",
                "depth": 1,
                "sort_order": 26,
                "article": 4,
                "paragraph": 5,
                "subParagraph": null,
                "is_article_title": false,
                "content_labels": [
                    "1011003"
                ],
                "note": "",
                "name": null,
                "contents": [
                    {
                        "text": "5) 강연자가 본 계약을 체결하고 강연을 수행함에 있어서 소속기관 기타 제 3자의 각종 권리사용 등 동의나 승인이 필요한 경우, 강연자는 본 계약 체결 전에 관련 절차를 완료하여야 한다.",
                        "type": null,
                        "rowId": null,
                        "cells": null
                    }
                ],
                "coordinate": null
            },
            {
                "id": 28,
                "type": "TEXT",
                "format_content": "1011AAC",
                "depth": 1,
                "sort_order": 27,
                "article": 4,
                "paragraph": 6,
                "subParagraph": null,
                "is_article_title": false,
                "content_labels": [
                    "1011003"
                ],
                "note": "",
                "name": null,
                "contents": [
                    {
                        "text": "6) 강연 자료는 회사와 강연자의 공동 소유로 하며, 회사는 해당 강연 자료를 영업 및 마케팅 목적으로 활용할 수 있다.",
                        "type": null,
                        "rowId": null,
                        "cells": null
                    }
                ],
                "coordinate": null
            },
            {
                "id": 29,
                "type": "TEXT",
                "format_content": "1011AAC",
                "depth": 0,
                "sort_order": 28,
                "article": 5,
                "paragraph": null,
                "subParagraph": null,
                "is_article_title": true,
                "content_labels": [
                    "1011008"
                ],
                "note": "",
                "name": null,
                "contents": [
                    {
                        "text": "제 5 조（성과물의 귀속）",
                        "type": null,
                        "rowId": null,
                        "cells": null
                    }
                ],
                "coordinate": null
            },
            {
                "id": 30,
                "type": "TEXT",
                "format_content": "1011AAC",
                "depth": 1,
                "sort_order": 29,
                "article": 5,
                "paragraph": null,
                "subParagraph": null,
                "is_article_title": false,
                "content_labels": [
                    "1011008"
                ],
                "note": "",
                "name": null,
                "contents": [
                    {
                        "text": "본 계약에 의거하여 발생한 성과물의 사용, 수익 및 처분에 관한 일체의 권리는 회사에 귀속한다.",
                        "type": null,
                        "rowId": null,
                        "cells": null
                    }
                ],
                "coordinate": null
            },
            {
                "id": 31,
                "type": "TEXT",
                "format_content": "1011AAC",
                "depth": 0,
                "sort_order": 30,
                "article": 6,
                "paragraph": null,
                "subParagraph": null,
                "is_article_title": true,
                "content_labels": [
                    "1011008"
                ],
                "note": "",
                "name": null,
                "contents": [
                    {
                        "text": "제 6 조 ( 저작권 )",
                        "type": null,
                        "rowId": null,
                        "cells": null
                    }
                ],
                "coordinate": null
            },
            {
                "id": 32,
                "type": "TEXT",
                "format_content": "1011AAC",
                "depth": 1,
                "sort_order": 31,
                "article": 6,
                "paragraph": 1,
                "subParagraph": null,
                "is_article_title": false,
                "content_labels": [
                    "1011008"
                ],
                "note": "",
                "name": null,
                "contents": [
                    {
                        "text": "1) 성과물에 포함되는 저작물의 저작권(법령에 명시된 저작재산권 관련 제반 사항 일체를 포함한다. 이하 같다.)은 강연자로부터 회사에 양도되는 것으로 하고, 강연자는 이후 회사에 초상권 및 저작인격권의 주장을 일체 하지 아니한다.",
                        "type": null,
                        "rowId": null,
                        "cells": null
                    }
                ],
                "coordinate": null
            },
            {
                "id": 33,
                "type": "TEXT",
                "format_content": "1011AAC",
                "depth": 1,
                "sort_order": 32,
                "article": 6,
                "paragraph": 2,
                "subParagraph": null,
                "is_article_title": false,
                "content_labels": [
                    "1011008"
                ],
                "note": "",
                "name": null,
                "contents": [
                    {
                        "text": "2) 전항의 규정에도 불구하고, 성과물 중의 저작물에 강연자가 본 계약 체결 이전에 보유하고 있던 저작물이 포함되는 경우, 해당 저작물의 저작권은 강연자에게 귀속한다. 단, 강연자는 회사에 대하여 해당 저작물을 사용, 복제, 전송, 2차적 저작물을 작성하여 사용, 복제, 전송할 수 있는 비독점적인 사용을 허락한다.",
                        "type": null,
                        "rowId": null,
                        "cells": null
                    }
                ],
                "coordinate": null
            },
            {
                "id": 34,
                "type": "TEXT",
                "format_content": "1011AAC",
                "depth": 0,
                "sort_order": 33,
                "article": 7,
                "paragraph": null,
                "subParagraph": null,
                "is_article_title": true,
                "content_labels": [
                    "1011010"
                ],
                "note": "",
                "name": null,
                "contents": [
                    {
                        "text": "제 7 조 (계약의 해제 또는 해지)",
                        "type": null,
                        "rowId": null,
                        "cells": null
                    }
                ],
                "coordinate": null
            },
            {
                "id": 35,
                "type": "TEXT",
                "format_content": "1011AAC",
                "depth": 1,
                "sort_order": 34,
                "article": 7,
                "paragraph": 1,
                "subParagraph": null,
                "is_article_title": true,
                "content_labels": [
                    "1011010"
                ],
                "note": "",
                "name": null,
                "contents": [
                    {
                        "text": "1) 회사 또는 강연자는 다음 각 호의 어느 하나에 해당하는 사실이 발생한 경우에 상대방에게 서면 통지함으로써 본 계약을 해제 또는 해지할 수 있다.",
                        "type": null,
                        "rowId": null,
                        "cells": null
                    }
                ],
                "coordinate": null
            },
            {
                "id": 37,
                "type": "TEXT",
                "format_content": "1011AAC",
                "depth": 2,
                "sort_order": 35,
                "article": 7,
                "paragraph": 1,
                "subParagraph": 1,
                "is_article_title": false,
                "content_labels": [
                    "1011010"
                ],
                "note": "",
                "name": null,
                "contents": [
                    {
                        "text": "① 회사 또는 강연자가 회생ㆍ파산, 주요 자산의 강제 경매, 감독 관청으로부터 영업 및 면허자격 정지ㆍ취소 처분 또는 이에 준하는 법적 절차로 인하여 본 계약의 이행이 어려운 경우",
                        "type": null,
                        "rowId": null,
                        "cells": null
                    }
                ],
                "coordinate": null
            },
            {
                "id": 38,
                "type": "TEXT",
                "format_content": "1011AAC",
                "depth": 2,
                "sort_order": 36,
                "article": 7,
                "paragraph": 1,
                "subParagraph": 2,
                "is_article_title": false,
                "content_labels": [
                    "1011010"
                ],
                "note": "",
                "name": null,
                "contents": [
                    {
                        "text": "② 강연자가 본 계약 상의 제반 의무를 위반하여 회사의 시정 요청을 받았음에도, 10 영업일 이내에 이를 시정하지 아니하는 경우",
                        "type": null,
                        "rowId": null,
                        "cells": null
                    }
                ],
                "coordinate": null
            },
            {
                "id": 39,
                "type": "TEXT",
                "format_content": "1011AAC",
                "depth": 2,
                "sort_order": 37,
                "article": 7,
                "paragraph": 1,
                "subParagraph": 3,
                "is_article_title": false,
                "content_labels": [
                    "1011010"
                ],
                "note": "",
                "name": null,
                "contents": [
                    {
                        "text": "③ 기타의 사유로 인하여 강연 진행 상황이 현저하게 지체되거나, 본 계약의 목적을 달성할 수 없는 사실이 객관적으로 명백한 경우",
                        "type": null,
                        "rowId": null,
                        "cells": null
                    }
                ],
                "coordinate": null
            },
            {
                "id": 40,
                "type": "TEXT",
                "format_content": "1011AAC",
                "depth": 1,
                "sort_order": 38,
                "article": 7,
                "paragraph": 2,
                "subParagraph": null,
                "is_article_title": false,
                "content_labels": [
                    "1011010",
                    "1011021"
                ],
                "note": "",
                "name": null,
                "contents": [
                    {
                        "text": "2) 어느 일방이 합리적으로 통제할 수 없는 천재지변, 폭동, 전쟁, 소요 사태, 정부(지방자치단체 포함)의 규제, 노동쟁의 등 불가항력으로 인하여 계약 상의 의무를 이행하지 못하는 경우에는 각 당사자는 상호 간 책임 및 채무를 부담하지 않는다.",
                        "type": null,
                        "rowId": null,
                        "cells": null
                    }
                ],
                "coordinate": null
            },
            {
                "id": 42,
                "type": "TEXT",
                "format_content": "1011AAC",
                "depth": 1,
                "sort_order": 39,
                "article": 7,
                "paragraph": 3,
                "subParagraph": null,
                "is_article_title": false,
                "content_labels": [
                    "1011010",
                    "1011022"
                ],
                "note": "",
                "name": null,
                "contents": [
                    {
                        "text": "3) 본 계약이 어느 일방의 귀책사유로 인해 해제 또는 해지된 경우, 책임 있는 당사자는 법령의 범위 내에서 계약 해제 또는 해지로 인한 손해를 배상하여야 한다.",
                        "type": null,
                        "rowId": null,
                        "cells": null
                    }
                ],
                "coordinate": null
            },
            {
                "id": 43,
                "type": "TEXT",
                "format_content": "1011AAC",
                "depth": 1,
                "sort_order": 40,
                "article": 7,
                "paragraph": 4,
                "subParagraph": null,
                "is_article_title": false,
                "content_labels": [
                    "1011010",
                    "1011022"
                ],
                "note": "",
                "name": null,
                "contents": [
                    {
                        "text": "4) 본 계약에 대한 해제권 또는 해지권의 행사는 계약 상대방에 대한 손해배상청구권 행사에 영향을 미치지 아니한다.",
                        "type": null,
                        "rowId": null,
                        "cells": null
                    }
                ],
                "coordinate": null
            },
            {
                "id": 44,
                "type": "TEXT",
                "format_content": "1011AAC",
                "depth": 0,
                "sort_order": 41,
                "article": 8,
                "paragraph": null,
                "subParagraph": null,
                "is_article_title": true,
                "content_labels": [
                    "1011022"
                ],
                "note": "",
                "name": null,
                "contents": [
                    {
                        "text": "제 8 조 (손해배상)",
                        "type": null,
                        "rowId": null,
                        "cells": null
                    }
                ],
                "coordinate": null
            },
            {
                "id": 45,
                "type": "TEXT",
                "format_content": "1011AAC",
                "depth": 1,
                "sort_order": 42,
                "article": 8,
                "paragraph": 1,
                "subParagraph": null,
                "is_article_title": false,
                "content_labels": [
                    "1011022"
                ],
                "note": "",
                "name": null,
                "contents": [
                    {
                        "text": "1) 회사 또는 강연자가 정당한 사유 없이 본 계약을 위반함으로써 계약 상대방에게 손해를 입힌 때에는 책임 있는 당사자는 법령의 범위 내에서 계약 상대방에게 손해를 배상하여야 한다.",
                        "type": null,
                        "rowId": null,
                        "cells": null
                    }
                ],
                "coordinate": null
            },
            {
                "id": 47,
                "type": "TEXT",
                "format_content": "1011AAC",
                "depth": 1,
                "sort_order": 43,
                "article": 8,
                "paragraph": 2,
                "subParagraph": null,
                "is_article_title": false,
                "content_labels": [
                    "1011022"
                ],
                "note": "",
                "name": null,
                "contents": [
                    {
                        "text": "2) 본 계약 이행과 관련하여 강연자에게 제3자로부터 클레임, 손해 배상 청구 또는 소송이 제기된 경우, 강연자는 자신의 비용과 책임으로 해결하고, 회사를 방어하여야 한다.",
                        "type": null,
                        "rowId": null,
                        "cells": null
                    }
                ],
                "coordinate": null
            },
            {
                "id": 48,
                "type": "TEXT",
                "format_content": "1011AAC",
                "depth": 1,
                "sort_order": 44,
                "article": 8,
                "paragraph": 3,
                "subParagraph": null,
                "is_article_title": false,
                "content_labels": [
                    "1011022"
                ],
                "note": "",
                "name": null,
                "contents": [
                    {
                        "text": "3) 강연자의 책임 있는 사유로 인하여 제3자로부터 회사에 클레임, 손해 배상 청구 또는 소송이 제기된 경우, 강연자는 회사에 변호사 수임료를 비롯한 소송 비용 및 관련 손해를 배상하여야 한다.",
                        "type": null,
                        "rowId": null,
                        "cells": null
                    }
                ],
                "coordinate": null
            },
            {
                "id": 49,
                "type": "TEXT",
                "format_content": "1011AAC",
                "depth": 0,
                "sort_order": 45,
                "article": 9,
                "paragraph": null,
                "subParagraph": null,
                "is_article_title": true,
                "content_labels": [
                    "1011014"
                ],
                "note": "",
                "name": null,
                "contents": [
                    {
                        "text": "제 9 조 (비밀유지)",
                        "type": null,
                        "rowId": null,
                        "cells": null
                    }
                ],
                "coordinate": null
            },
            {
                "id": 50,
                "type": "TEXT",
                "format_content": "1011AAC",
                "depth": 1,
                "sort_order": 46,
                "article": 9,
                "paragraph": 1,
                "subParagraph": null,
                "is_article_title": false,
                "content_labels": [
                    "1011014"
                ],
                "note": "",
                "name": null,
                "contents": [
                    {
                        "text": "1) 본 계약상 “비밀정보”라 함은, 본 계약과 관련하여 또는 본 계약의 이행에 있어 회사가 강연자에게 공개하였거나, 강연자가 지득한 회사의 정보로서 기술, 발명, 제품 정보, 노하우, 사업계획, 고객 정보 등을 포함하되 이에 국한되지는 않으며, 서면, 구두, 전자적 방식 등 형태를 불문한다.",
                        "type": null,
                        "rowId": null,
                        "cells": null
                    }
                ],
                "coordinate": null
            },
            {
                "id": 51,
                "type": "TEXT",
                "format_content": "1011AAC",
                "depth": 1,
                "sort_order": 47,
                "article": 9,
                "paragraph": 2,
                "subParagraph": null,
                "is_article_title": false,
                "content_labels": [
                    "1011014"
                ],
                "note": "",
                "name": null,
                "contents": [
                    {
                        "text": "2) 강연자는 전항의 비밀정보를 회사의 사전 서면 동의 없이 본 계약 상 제반 의무의 이행 이외의 목적으로 사용하거나 제3자에게 누설하여서는 아니된다. 본 계약에 따라 강연자가 부담하게 되는 비밀유지 및 비밀정보 사용제한의 의무는 당사자들이 별도의 서면으로 합의하지 않는 한 본 계약 종료 후에도 계속 유지된다.",
                        "type": null,
                        "rowId": null,
                        "cells": null
                    }
                ],
                "coordinate": null
            },
            {
                "id": 53,
                "type": "TEXT",
                "format_content": "1011AAC",
                "depth": 1,
                "sort_order": 48,
                "article": 9,
                "paragraph": 3,
                "subParagraph": null,
                "is_article_title": false,
                "content_labels": [
                    "1011014"
                ],
                "note": "",
                "name": null,
                "contents": [
                    {
                        "text": "3) 다음의 정보는 비밀정보로 간주되지 아니한다. (a) 회사가 강연자에게 공개하기 전에 이미 대중에게 공개되었거나, 회사의 정보 공개 시점 이후라 하더라도 강연자의 고의 또는 과실에 의하지 않고 공지의 사실로 대중에게 공개된 정보, (b) 관련 법령에 의하여 정보공개가 강제적으로 요구되는 경우 또는 법원이나 정부 또는 감독기관의 명령이 있는 경우. 단, 이러한 경우 강연자는 회사가 비밀정보 보호를 위한 다른 수단을 강구할 수 있도록 해당 사실을 신속하게 회사에 통지하고, 법령에 따라 요구되는 필요 최소 한도 내에서 정보를 제공하는 등 필요한 모든 조치를 하여야 한다.",
                        "type": null,
                        "rowId": null,
                        "cells": null
                    }
                ],
                "coordinate": null
            },
            {
                "id": 54,
                "type": "TEXT",
                "format_content": "1011AAC",
                "depth": 1,
                "sort_order": 49,
                "article": 9,
                "paragraph": 4,
                "subParagraph": null,
                "is_article_title": false,
                "content_labels": [
                    "1011014",
                    "1011022"
                ],
                "note": "",
                "name": null,
                "contents": [
                    {
                        "text": "4) 강연자가 본 계약 상의 비밀유지의무를 위반하여 비밀정보가 공개되는 경우, 강연자는 이로 인하여 회사에 영업상 중대한 손실이 발생할 수 있음을 숙지하였음을 확인하며, 회사가 입은 손해를 전부 배상하여야 한다.",
                        "type": null,
                        "rowId": null,
                        "cells": null
                    }
                ],
                "coordinate": null
            },
            {
                "id": 55,
                "type": "TEXT",
                "format_content": "1011AAC",
                "depth": 0,
                "sort_order": 50,
                "article": 10,
                "paragraph": null,
                "subParagraph": null,
                "is_article_title": true,
                "content_labels": [
                    "1011006"
                ],
                "note": "",
                "name": null,
                "contents": [
                    {
                        "text": "제 10 조 (계약기간)",
                        "type": null,
                        "rowId": null,
                        "cells": null
                    }
                ],
                "coordinate": null
            },
            {
                "id": 56,
                "type": "TEXT",
                "format_content": "1011AAC",
                "depth": 1,
                "sort_order": 51,
                "article": 10,
                "paragraph": 1,
                "subParagraph": null,
                "is_article_title": false,
                "content_labels": [
                    "1011006",
                    "1011012"
                ],
                "note": "",
                "name": null,
                "contents": [
                    {
                        "text": "1) 본 계약은 계약 체결일로부터 효력이 발생되며, ① 제6조에 따라 강연을 마친 후 회사가 강연자에게 강연료를 지급하면 본 계약은 종료한다. ② 0000년 00월 00일까지 유효하다. 다만, 회사 또는 강연자에 대하여 본 계약 체결에 관련한 권리 의무가 남아 있는 한 본 계약의 효력은 존속한다.",
                        "type": null,
                        "rowId": null,
                        "cells": null
                    }
                ],
                "coordinate": null
            },
            {
                "id": 57,
                "type": "TEXT",
                "format_content": "1011AAC",
                "depth": 1,
                "sort_order": 52,
                "article": 10,
                "paragraph": 2,
                "subParagraph": null,
                "is_article_title": false,
                "content_labels": [
                    "1011006",
                    "1011012"
                ],
                "note": "",
                "name": null,
                "contents": [
                    {
                        "text": "2) 본 계약서 제4조 (강연자료의 제공 등) 4항 및 제5항 제5조 (성과물의 귀속), 제6조 (저작권), 제9조 (비밀유지), 제13조 (준거법 및 분쟁의 해결)의 규정은 본 계약의 만료 또는 해제ㆍ해지 이후에도 그 효력을 유지한다.",
                        "type": null,
                        "rowId": null,
                        "cells": null
                    }
                ],
                "coordinate": null
            },
            {
                "id": 58,
                "type": "TEXT",
                "format_content": "1011AAC",
                "depth": 0,
                "sort_order": 53,
                "article": 11,
                "paragraph": null,
                "subParagraph": null,
                "is_article_title": true,
                "content_labels": [
                    "1011017"
                ],
                "note": "",
                "name": null,
                "contents": [
                    {
                        "text": "제 11 조 (양도 금지)",
                        "type": null,
                        "rowId": null,
                        "cells": null
                    }
                ],
                "coordinate": null
            },
            {
                "id": 59,
                "type": "TEXT",
                "format_content": "1011AAC",
                "depth": 1,
                "sort_order": 54,
                "article": 11,
                "paragraph": null,
                "subParagraph": null,
                "is_article_title": false,
                "content_labels": [
                    "1011017"
                ],
                "note": "",
                "name": null,
                "contents": [
                    {
                        "text": "각 당사자는 계약 상대방의 사전 서면 동의 없이 본 계약 상의 권리 또는 의무의 일부 또는 전부를 제3자에게 양도, 담보 제공, 기타의 방법으로 처분하거나 이를 위임하지 못한다.",
                        "type": null,
                        "rowId": null,
                        "cells": null
                    }
                ],
                "coordinate": null
            },
            {
                "id": 60,
                "type": "TEXT",
                "format_content": "1011AAC",
                "depth": 0,
                "sort_order": 55,
                "article": 12,
                "paragraph": null,
                "subParagraph": null,
                "is_article_title": true,
                "content_labels": [
                    "1011023"
                ],
                "note": "",
                "name": null,
                "contents": [
                    {
                        "text": "제 12 조 (계약의 변경)",
                        "type": null,
                        "rowId": null,
                        "cells": null
                    }
                ],
                "coordinate": null
            },
            {
                "id": 61,
                "type": "TEXT",
                "format_content": "1011AAC",
                "depth": 1,
                "sort_order": 56,
                "article": 12,
                "paragraph": null,
                "subParagraph": null,
                "is_article_title": false,
                "content_labels": [
                    "1011023"
                ],
                "note": "",
                "name": null,
                "contents": [
                    {
                        "text": "본 계약의 수정이나 변경은 양 당사자의 정당한 대표자가 기명 날인 또는 서명한 서면 합의에 의한다.",
                        "type": null,
                        "rowId": null,
                        "cells": null
                    }
                ],
                "coordinate": null
            },
            {
                "id": 62,
                "type": "TEXT",
                "format_content": "1011AAC",
                "depth": 0,
                "sort_order": 57,
                "article": 13,
                "paragraph": null,
                "subParagraph": null,
                "is_article_title": true,
                "content_labels": [
                    "1011026",
                    "1011025"
                ],
                "note": "",
                "name": null,
                "contents": [
                    {
                        "text": "제 13 조 (준거법 및 분쟁의 해결)",
                        "type": null,
                        "rowId": null,
                        "cells": null
                    }
                ],
                "coordinate": null
            },
            {
                "id": 63,
                "type": "TEXT",
                "format_content": "1011AAC",
                "depth": 1,
                "sort_order": 58,
                "article": 13,
                "paragraph": 1,
                "subParagraph": null,
                "is_article_title": false,
                "content_labels": [
                    "1011026"
                ],
                "note": "",
                "name": null,
                "contents": [
                    {
                        "text": "1) 본 계약은 대한민국법에 의하여 해석되며, 본 계약과 관련하여 당사자들 사이에 분쟁이 발생한 경우 우호적으로 분쟁을 해결하기 위하여 노력하여야 한다.",
                        "type": null,
                        "rowId": null,
                        "cells": null
                    }
                ],
                "coordinate": null
            },
            {
                "id": 64,
                "type": "TEXT",
                "format_content": "1011AAC",
                "depth": 1,
                "sort_order": 59,
                "article": 13,
                "paragraph": 2,
                "subParagraph": null,
                "is_article_title": false,
                "content_labels": [
                    "1011025"
                ],
                "note": "",
                "name": null,
                "contents": [
                    {
                        "text": "2) 전항의 규정에도 불구하고 분쟁이 해결되지 않은 경우, (@관할)법원을 1심 관할로 하여 소를 제기할 수 있다.",
                        "type": null,
                        "rowId": null,
                        "cells": null
                    }
                ],
                "coordinate": null
            },
            {
                "id": 65,
                "type": "TEXT",
                "format_content": "1011AAD",
                "depth": 0,
                "sort_order": 60,
                "article": null,
                "paragraph": null,
                "subParagraph": null,
                "is_article_title": false,
                "content_labels": [
                    "1011027"
                ],
                "note": "",
                "name": null,
                "contents": [
                    {
                        "text": "본 계약의 체결을 증명하기 위해, 양 당사자는 위 계약서 2부를 작성하여 기명∙날인하고 각각 1부씩 보관한다.",
                        "type": null,
                        "rowId": null,
                        "cells": null
                    }
                ],
                "coordinate": null
            },
            {
                "id": 67,
                "type": "TEXT",
                "format_content": "1011AAG",
                "depth": 0,
                "sort_order": 61,
                "article": null,
                "paragraph": null,
                "subParagraph": null,
                "is_article_title": false,
                "content_labels": [
                    "1011033"
                ],
                "note": "",
                "name": null,
                "contents": [
                    {
                        "text": "[첨부 문서 1] (@첨부자료)",
                        "type": null,
                        "rowId": null,
                        "cells": null
                    }
                ],
                "coordinate": null
            },
            {
                "id": 68,
                "type": "TEXT",
                "format_content": "1011AAG",
                "depth": 0,
                "sort_order": 62,
                "article": null,
                "paragraph": null,
                "subParagraph": null,
                "is_article_title": false,
                "content_labels": [
                    "1011033"
                ],
                "note": "",
                "name": null,
                "contents": [
                    {
                        "text": "[첨부 문서 2] (@첨부자료)",
                        "type": null,
                        "rowId": null,
                        "cells": null
                    }
                ],
                "coordinate": null
            },
            {
                "id": 69,
                "type": "TEXT",
                "format_content": "1011AAG",
                "depth": 0,
                "sort_order": 63,
                "article": null,
                "paragraph": null,
                "subParagraph": null,
                "is_article_title": false,
                "content_labels": [
                    "1011033"
                ],
                "note": "",
                "name": null,
                "contents": [
                    {
                        "text": "[첨부 문서 3] (@첨부자료)\n",
                        "type": null,
                        "rowId": null,
                        "cells": null
                    }
                ],
                "coordinate": null
            },
            {
                "id": 73,
                "type": "TEXT",
                "format_content": "1011AAE",
                "depth": 0,
                "sort_order": 64,
                "article": null,
                "paragraph": null,
                "subParagraph": null,
                "is_article_title": false,
                "content_labels": [
                    "1011028"
                ],
                "note": "",
                "name": null,
                "contents": [
                    {
                        "text": "년 월 일",
                        "type": null,
                        "rowId": null,
                        "cells": null
                    }
                ],
                "coordinate": null
            },
            {
                "id": 86,
                "type": "TEXT",
                "format_content": "1011AAF",
                "depth": null,
                "sort_order": 65,
                "article": null,
                "paragraph": null,
                "subParagraph": null,
                "is_article_title": false,
                "content_labels": [
                    "1011029",
                    "1011030"
                ],
                "note": "",
                "name": null,
                "contents": [
                    {
                        "text": "회사\n상 호: (@회사명 1)\n주 소: (@주소 1)\n전화번호: (@전화번호)\n대표이사: (@성명 1) (인) ",
                        "type": null,
                        "rowId": null,
                        "cells": null
                    }
                ],
                "coordinate": null
            },
            {
                "id": 87,
                "type": "TEXT",
                "format_content": "1011AAF",
                "depth": null,
                "sort_order": 66,
                "article": null,
                "paragraph": null,
                "subParagraph": null,
                "is_article_title": false,
                "content_labels": [
                    "1011031"
                ],
                "note": "",
                "name": null,
                "contents": [
                    {
                        "text": "강연자\n성 명:\n주민등록번호:\n전화번호:\n주 소:",
                        "type": null,
                        "rowId": null,
                        "cells": null
                    }
                ],
                "coordinate": null
            }
        ]
    }
}