{
    "document": {
        "doc_type": "1010",
        "title": null,
        "status": 4,
        "is_hold": null,
        "page_count": 4,
        "sub_document_count": 59,
        "created_time": "2024-10-29T12:17:47.849",
        "main_category": null,
        "sub_category": null,
        "detail_category": null,
        "related_law": null,
        "purpose": null,
        "use_case": null,
        "sub_documents": [
            {
                "id": 1,
                "type": "TEXT",
                "format_content": "1010AAA",
                "depth": 0,
                "sort_order": 1,
                "article": null,
                "paragraph": null,
                "subParagraph": null,
                "is_article_title": false,
                "content_labels": [
                    "1010017"
                ],
                "note": "",
                "name": null,
                "contents": [
                    {
                        "text": "낚시터 아르바이트계약서",
                        "type": null,
                        "rowId": null,
                        "cells": null
                    }
                ],
                "coordinate": null
            },
            {
                "id": 2,
                "type": "TEXT",
                "format_content": "1010AAB",
                "depth": 0,
                "sort_order": 2,
                "article": null,
                "paragraph": null,
                "subParagraph": null,
                "is_article_title": false,
                "content_labels": [
                    "1010001"
                ],
                "note": "",
                "name": null,
                "contents": [
                    {
                        "text": "낚시터 운영자 (주)○○(이하 “갑”이라 칭한다)와 아르바이트 근무자 ○○○(이하 “을”이라 칭한다)는 상호간에 다음과 같이 낚시터 아르바이트 계약을 체결한다.",
                        "type": null,
                        "rowId": null,
                        "cells": null
                    }
                ],
                "coordinate": null
            },
            {
                "id": 3,
                "type": "TEXT",
                "format_content": "1010AAC",
                "depth": 1,
                "sort_order": 3,
                "article": 1,
                "paragraph": null,
                "subParagraph": null,
                "is_article_title": true,
                "content_labels": [
                    "1010004"
                ],
                "note": "",
                "name": null,
                "contents": [
                    {
                        "text": "제1조 【 아르바이트 업무 】",
                        "type": null,
                        "rowId": null,
                        "cells": null
                    }
                ],
                "coordinate": null
            },
            {
                "id": 4,
                "type": "TEXT",
                "format_content": "1010AAC",
                "depth": 1,
                "sort_order": 4,
                "article": 1,
                "paragraph": null,
                "subParagraph": null,
                "is_article_title": false,
                "content_labels": [
                    "1010004"
                ],
                "note": "",
                "name": null,
                "contents": [
                    {
                        "text": "“을”은 “갑”의 낚시터에서 아르바이트 기간동안 다음 각호의 업무를 담당한다.",
                        "type": null,
                        "rowId": null,
                        "cells": null
                    }
                ],
                "coordinate": null
            },
            {
                "id": 5,
                "type": "TEXT",
                "format_content": "1010AAC",
                "depth": 1,
                "sort_order": 5,
                "article": 1,
                "paragraph": 1,
                "subParagraph": null,
                "is_article_title": false,
                "content_labels": [
                    "1010004"
                ],
                "note": "",
                "name": null,
                "contents": [
                    {
                        "text": "1. 낚시터 주변의 정리정돈 (청소, 어류폐사 제거 등)",
                        "type": null,
                        "rowId": null,
                        "cells": null
                    }
                ],
                "coordinate": null
            },
            {
                "id": 6,
                "type": "TEXT",
                "format_content": "1010AAC",
                "depth": 1,
                "sort_order": 6,
                "article": 1,
                "paragraph": 2,
                "subParagraph": null,
                "is_article_title": false,
                "content_labels": [
                    "1010004"
                ],
                "note": "",
                "name": null,
                "contents": [
                    {
                        "text": "3. 인터넷 회원관리",
                        "type": null,
                        "rowId": null,
                        "cells": null
                    }
                ],
                "coordinate": null
            },
            {
                "id": 79,
                "type": "TEXT",
                "format_content": "1010AAC",
                "depth": 1,
                "sort_order": 7,
                "article": 1,
                "paragraph": 3,
                "subParagraph": null,
                "is_article_title": false,
                "content_labels": [
                    "1010004"
                ],
                "note": "",
                "name": null,
                "contents": [
                    {
                        "text": "3. 인터넷 회원관리",
                        "type": null,
                        "rowId": null,
                        "cells": null
                    }
                ],
                "coordinate": null
            },
            {
                "id": 7,
                "type": "TEXT",
                "format_content": "1010AAC",
                "depth": 0,
                "sort_order": 8,
                "article": 2,
                "paragraph": null,
                "subParagraph": null,
                "is_article_title": true,
                "content_labels": [
                    "1010004",
                    "1010003"
                ],
                "note": "",
                "name": null,
                "contents": [
                    {
                        "text": "제2조 (담당업무 및 업무장소)",
                        "type": null,
                        "rowId": null,
                        "cells": null
                    }
                ],
                "coordinate": null
            },
            {
                "id": 8,
                "type": "TEXT",
                "format_content": "1010AAC",
                "depth": 1,
                "sort_order": 9,
                "article": 2,
                "paragraph": 1,
                "subParagraph": null,
                "is_article_title": false,
                "content_labels": [
                    "1010003",
                    "1010004"
                ],
                "note": "",
                "name": null,
                "contents": [
                    {
                        "text": "1. “을”의 담당업무는 낚시터 주변의 정리정돈(청소, 어류폐사 제거 등)이며, 업무장소는",
                        "type": null,
                        "rowId": null,
                        "cells": null
                    }
                ],
                "coordinate": null
            },
            {
                "id": 10,
                "type": "TEXT",
                "format_content": "1010AAC",
                "depth": 1,
                "sort_order": 10,
                "article": 2,
                "paragraph": 2,
                "subParagraph": null,
                "is_article_title": false,
                "content_labels": [
                    "1010003",
                    "1010004"
                ],
                "note": "",
                "name": null,
                "contents": [
                    {
                        "text": "2. 제1항의 담당업무 및 업무장소는 \"갑\"의 업무상 필요에 의해 변경될 수 있다.",
                        "type": null,
                        "rowId": null,
                        "cells": null
                    }
                ],
                "coordinate": null
            },
            {
                "id": 11,
                "type": "TEXT",
                "format_content": "1010AAC",
                "depth": 0,
                "sort_order": 11,
                "article": 3,
                "paragraph": null,
                "subParagraph": null,
                "is_article_title": true,
                "content_labels": [
                    "1010005"
                ],
                "note": "",
                "name": null,
                "contents": [
                    {
                        "text": "제3조 【 근무시간 】",
                        "type": null,
                        "rowId": null,
                        "cells": null
                    }
                ],
                "coordinate": null
            },
            {
                "id": 12,
                "type": "TEXT",
                "format_content": "1010AAC",
                "depth": 1,
                "sort_order": 12,
                "article": 3,
                "paragraph": 1,
                "subParagraph": null,
                "is_article_title": false,
                "content_labels": [
                    "1010005"
                ],
                "note": "",
                "name": null,
                "contents": [
                    {
                        "text": "1. “을”은 “갑”의 낚시터에서 숙박을 통한 근무를 하되 근무 시간은 오후 ○시부터 ○시까지로 함을 원칙으로 한다. 다만, 음식(1일 3식) 및 숙박에 소요되는 비용은 급여와 별도로 “갑”이 부담한다.",
                        "type": null,
                        "rowId": null,
                        "cells": null
                    }
                ],
                "coordinate": null
            },
            {
                "id": 14,
                "type": "TEXT",
                "format_content": "1010AAC",
                "depth": 1,
                "sort_order": 13,
                "article": 3,
                "paragraph": 2,
                "subParagraph": null,
                "is_article_title": false,
                "content_labels": [
                    "1010005"
                ],
                "note": "",
                "name": null,
                "contents": [
                    {
                        "text": "2. 제1항의 근무시간은 “갑”의 사정에 의해 조정이 가능하며 이러한 경우에도 1일 법정 근무시간(○시간)을 초과하여 근로를 시켜서는 아니된다. 단, 법정 허용된 초과 근로 시 초과근로 수당을 별도 지급한다.",
                        "type": null,
                        "rowId": null,
                        "cells": null
                    }
                ],
                "coordinate": null
            },
            {
                "id": 16,
                "type": "TEXT",
                "format_content": "1010AAC",
                "depth": 0,
                "sort_order": 14,
                "article": 4,
                "paragraph": null,
                "subParagraph": null,
                "is_article_title": true,
                "content_labels": [
                    "1010007"
                ],
                "note": "",
                "name": null,
                "contents": [
                    {
                        "text": "제4조 【 급  여 】",
                        "type": null,
                        "rowId": null,
                        "cells": null
                    }
                ],
                "coordinate": null
            },
            {
                "id": 17,
                "type": "TEXT",
                "format_content": "1010AAC",
                "depth": 1,
                "sort_order": 15,
                "article": 4,
                "paragraph": null,
                "subParagraph": null,
                "is_article_title": false,
                "content_labels": [
                    "1010007"
                ],
                "note": "",
                "name": null,
                "contents": [
                    {
                        "text": "“갑”은 매월 ○일 급여로서 일금 원정 (\\ )을 “을”에게 현금지급 한다.",
                        "type": null,
                        "rowId": null,
                        "cells": null
                    }
                ],
                "coordinate": null
            },
            {
                "id": 21,
                "type": "TEXT",
                "format_content": "1010AAC",
                "depth": 0,
                "sort_order": 16,
                "article": 5,
                "paragraph": null,
                "subParagraph": null,
                "is_article_title": true,
                "content_labels": [
                    "1010017"
                ],
                "note": "",
                "name": null,
                "contents": [
                    {
                        "text": "제5조 【 어족보호 】",
                        "type": null,
                        "rowId": null,
                        "cells": null
                    }
                ],
                "coordinate": null
            },
            {
                "id": 22,
                "type": "TEXT",
                "format_content": "1010AAC",
                "depth": 1,
                "sort_order": 17,
                "article": 5,
                "paragraph": 1,
                "subParagraph": null,
                "is_article_title": false,
                "content_labels": [
                    "1010017"
                ],
                "note": "",
                "name": null,
                "contents": [
                    {
                        "text": "1. “을”은 업무 도중 낚시터의 어종 가운데 적정 수준을 초과하는 어종에 대한 관리 또는 외래어종에 대한 무단반입 또는 제거 등을 통한 토종 어종의 유지관리에 최대한 노력한다.",
                        "type": null,
                        "rowId": null,
                        "cells": null
                    }
                ],
                "coordinate": null
            },
            {
                "id": 24,
                "type": "TEXT",
                "format_content": "1010AAC",
                "depth": 1,
                "sort_order": 18,
                "article": 5,
                "paragraph": 2,
                "subParagraph": null,
                "is_article_title": false,
                "content_labels": [
                    "1010017"
                ],
                "note": "",
                "name": null,
                "contents": [
                    {
                        "text": "2. “을”은 어류의 폐사 등 낚시터의 오물 일체를 매일 수거 제거하여 항상 청결하고 쾌적한 낚시 환경이 유지되도록 하여야 한다.",
                        "type": null,
                        "rowId": null,
                        "cells": null
                    }
                ],
                "coordinate": null
            },
            {
                "id": 25,
                "type": "TEXT",
                "format_content": "1010AAC",
                "depth": 0,
                "sort_order": 19,
                "article": 6,
                "paragraph": null,
                "subParagraph": null,
                "is_article_title": true,
                "content_labels": [
                    "1010017"
                ],
                "note": "",
                "name": null,
                "contents": [
                    {
                        "text": "제6조 【 수질유지 】",
                        "type": null,
                        "rowId": null,
                        "cells": null
                    }
                ],
                "coordinate": null
            },
            {
                "id": 26,
                "type": "TEXT",
                "format_content": "1010AAC",
                "depth": 1,
                "sort_order": 20,
                "article": 6,
                "paragraph": null,
                "subParagraph": null,
                "is_article_title": false,
                "content_labels": [
                    "1010017"
                ],
                "note": "",
                "name": null,
                "contents": [
                    {
                        "text": "“을”은 낚시터의 수량 및 수질을 적정수준으로 유지하여 우기에는 일정량의 배수를 건기에는 저수를 하도록 하여야 한다.",
                        "type": null,
                        "rowId": null,
                        "cells": null
                    }
                ],
                "coordinate": null
            },
            {
                "id": 28,
                "type": "TEXT",
                "format_content": "1010AAC",
                "depth": 0,
                "sort_order": 21,
                "article": 7,
                "paragraph": null,
                "subParagraph": null,
                "is_article_title": true,
                "content_labels": [
                    "1010017"
                ],
                "note": "",
                "name": null,
                "contents": [
                    {
                        "text": "제7조 【 고객 서비스 】",
                        "type": null,
                        "rowId": null,
                        "cells": null
                    }
                ],
                "coordinate": null
            },
            {
                "id": 29,
                "type": "TEXT",
                "format_content": "1010AAC",
                "depth": 1,
                "sort_order": 22,
                "article": 7,
                "paragraph": null,
                "subParagraph": null,
                "is_article_title": false,
                "content_labels": [
                    "1010017"
                ],
                "note": "",
                "name": null,
                "contents": [
                    {
                        "text": "“을”은 고객들에게 항상 친절하고 웃는 서비스를 제공하고 고객이 요구하는 서비스 사항은 최대한 양질의 서비스를 제공한다.",
                        "type": null,
                        "rowId": null,
                        "cells": null
                    }
                ],
                "coordinate": null
            },
            {
                "id": 31,
                "type": "TEXT",
                "format_content": "1010AAC",
                "depth": 0,
                "sort_order": 23,
                "article": 8,
                "paragraph": null,
                "subParagraph": null,
                "is_article_title": true,
                "content_labels": [
                    "1010017"
                ],
                "note": "",
                "name": null,
                "contents": [
                    {
                        "text": "제8조 【 인터넷 관리 】",
                        "type": null,
                        "rowId": null,
                        "cells": null
                    }
                ],
                "coordinate": null
            },
            {
                "id": 32,
                "type": "TEXT",
                "format_content": "1010AAC",
                "depth": 1,
                "sort_order": 24,
                "article": 8,
                "paragraph": null,
                "subParagraph": null,
                "is_article_title": false,
                "content_labels": [
                    "1010017"
                ],
                "note": "",
                "name": null,
                "contents": [
                    {
                        "text": "“을”은 낚시터에 관한 일반인 또는 인터넷 회원들의 문의에 친절히 답변하고 웹 사이트에 충실한 답변을 달도록 한다.",
                        "type": null,
                        "rowId": null,
                        "cells": null
                    }
                ],
                "coordinate": null
            },
            {
                "id": 34,
                "type": "TEXT",
                "format_content": "1010AAC",
                "depth": 0,
                "sort_order": 25,
                "article": 9,
                "paragraph": null,
                "subParagraph": null,
                "is_article_title": true,
                "content_labels": [
                    "1010017"
                ],
                "note": "",
                "name": null,
                "contents": [
                    {
                        "text": "제9조 【 보고의무 】",
                        "type": null,
                        "rowId": null,
                        "cells": null
                    }
                ],
                "coordinate": null
            },
            {
                "id": 35,
                "type": "TEXT",
                "format_content": "1010AAC",
                "depth": 1,
                "sort_order": 26,
                "article": 9,
                "paragraph": 1,
                "subParagraph": null,
                "is_article_title": false,
                "content_labels": [
                    "1010017"
                ],
                "note": "",
                "name": null,
                "contents": [
                    {
                        "text": "1. “을”은 매일 업무일지를 작성하고 “갑”이 요구할 시 이를 제공하여야 한다.",
                        "type": null,
                        "rowId": null,
                        "cells": null
                    }
                ],
                "coordinate": null
            },
            {
                "id": 36,
                "type": "TEXT",
                "format_content": "1010AAC",
                "depth": 1,
                "sort_order": 27,
                "article": null,
                "paragraph": null,
                "subParagraph": null,
                "is_article_title": false,
                "content_labels": [
                    "1010017"
                ],
                "note": "",
                "name": null,
                "contents": [
                    {
                        "text": "2. “을”은 낚시터에 대한 훼손, 멸실 등의 사유 발생 시 즉시 “갑”에게 해당 사유를 통지하고 해결책을 협의하여야 한다.",
                        "type": null,
                        "rowId": null,
                        "cells": null
                    }
                ],
                "coordinate": null
            },
            {
                "id": 38,
                "type": "TEXT",
                "format_content": "1010AAC",
                "depth": 0,
                "sort_order": 28,
                "article": 10,
                "paragraph": null,
                "subParagraph": null,
                "is_article_title": true,
                "content_labels": [
                    "1010004"
                ],
                "note": "",
                "name": null,
                "contents": [
                    {
                        "text": "제10조 【 업무지시 】",
                        "type": null,
                        "rowId": null,
                        "cells": null
                    }
                ],
                "coordinate": null
            },
            {
                "id": 39,
                "type": "TEXT",
                "format_content": "1010AAC",
                "depth": 1,
                "sort_order": 29,
                "article": 10,
                "paragraph": null,
                "subParagraph": null,
                "is_article_title": false,
                "content_labels": [
                    "1010017"
                ],
                "note": "",
                "name": null,
                "contents": [
                    {
                        "text": "“을”은 “갑”의 업무지시를 성실히 이행하여야 하며 정당한 업무지시에 불응할 시 “을”의 책임 있는 사유로 계약이 해지될 수 있다.",
                        "type": null,
                        "rowId": null,
                        "cells": null
                    }
                ],
                "coordinate": null
            },
            {
                "id": 41,
                "type": "TEXT",
                "format_content": "1010AAC",
                "depth": 0,
                "sort_order": 30,
                "article": 11,
                "paragraph": null,
                "subParagraph": null,
                "is_article_title": true,
                "content_labels": [
                    "1010017"
                ],
                "note": "",
                "name": null,
                "contents": [
                    {
                        "text": "제11조 【 신의성실 】",
                        "type": null,
                        "rowId": null,
                        "cells": null
                    }
                ],
                "coordinate": null
            },
            {
                "id": 43,
                "type": "TEXT",
                "format_content": "1010AAC",
                "depth": 2,
                "sort_order": 31,
                "article": 11,
                "paragraph": 1,
                "subParagraph": null,
                "is_article_title": false,
                "content_labels": [
                    "1010017"
                ],
                "note": "",
                "name": null,
                "contents": [
                    {
                        "text": "1. “을”은 낚시터의 관리에 있어서 선량한 관리자의 주의를 기울여서 관리업무에 충실히 이행한다.",
                        "type": null,
                        "rowId": null,
                        "cells": null
                    }
                ],
                "coordinate": null
            },
            {
                "id": 44,
                "type": "TEXT",
                "format_content": "1010AAC",
                "depth": 1,
                "sort_order": 32,
                "article": 11,
                "paragraph": 2,
                "subParagraph": null,
                "is_article_title": false,
                "content_labels": [
                    "1010017"
                ],
                "note": "",
                "name": null,
                "contents": [
                    {
                        "text": "2. “을”이 낚시터관리 상의 귀책사유로 인하여 손실을 야기할 경우 “갑”은 손해의 배상을 청구하고 특별한 최고 없이 계약을 해지할 수 있다.",
                        "type": null,
                        "rowId": null,
                        "cells": null
                    }
                ],
                "coordinate": null
            },
            {
                "id": 46,
                "type": "TEXT",
                "format_content": "1010AAC",
                "depth": 0,
                "sort_order": 33,
                "article": 12,
                "paragraph": null,
                "subParagraph": null,
                "is_article_title": true,
                "content_labels": [
                    "1010002"
                ],
                "note": "",
                "name": null,
                "contents": [
                    {
                        "text": "제12조 【 계약기간 】",
                        "type": null,
                        "rowId": null,
                        "cells": null
                    }
                ],
                "coordinate": null
            },
            {
                "id": 47,
                "type": "TEXT",
                "format_content": "1010AAC",
                "depth": 1,
                "sort_order": 34,
                "article": 12,
                "paragraph": null,
                "subParagraph": null,
                "is_article_title": false,
                "content_labels": [
                    "1010002"
                ],
                "note": "",
                "name": null,
                "contents": [
                    {
                        "text": "본 계약은 20 년 월 일부터 20 년 월 일까지로 존속하되 기간만료 시 재 계약을 할 시에는 새로운 계약서를 작성하여야 한다.",
                        "type": null,
                        "rowId": null,
                        "cells": null
                    }
                ],
                "coordinate": null
            },
            {
                "id": 50,
                "type": "TEXT",
                "format_content": "1010AAC",
                "depth": 0,
                "sort_order": 35,
                "article": 13,
                "paragraph": null,
                "subParagraph": null,
                "is_article_title": true,
                "content_labels": [
                    "1010017"
                ],
                "note": "",
                "name": null,
                "contents": [
                    {
                        "text": "제13조 【 해  지 】",
                        "type": null,
                        "rowId": null,
                        "cells": null
                    }
                ],
                "coordinate": null
            },
            {
                "id": 52,
                "type": "TEXT",
                "format_content": "1010AAC",
                "depth": 2,
                "sort_order": 36,
                "article": 13,
                "paragraph": 1,
                "subParagraph": null,
                "is_article_title": false,
                "content_labels": [
                    "1010017"
                ],
                "note": "",
                "name": null,
                "contents": [
                    {
                        "text": "1. “갑”에게 다음 각호의 사유가 발생할 시 “을”은 즉시 계약을 해지할 수 있다.",
                        "type": null,
                        "rowId": null,
                        "cells": null
                    }
                ],
                "coordinate": null
            },
            {
                "id": 53,
                "type": "TEXT",
                "format_content": "1010AAC",
                "depth": 1,
                "sort_order": 37,
                "article": 13,
                "paragraph": 1,
                "subParagraph": 1,
                "is_article_title": false,
                "content_labels": [
                    "1010017"
                ],
                "note": "",
                "name": null,
                "contents": [
                    {
                        "text": "1) 가압류, 가처분, 경매 등의 사업의 불투명 사유가 발생할 시",
                        "type": null,
                        "rowId": null,
                        "cells": null
                    }
                ],
                "coordinate": null
            },
            {
                "id": 54,
                "type": "TEXT",
                "format_content": "1010AAC",
                "depth": 2,
                "sort_order": 38,
                "article": 13,
                "paragraph": 1,
                "subParagraph": 2,
                "is_article_title": false,
                "content_labels": [
                    "1010017"
                ],
                "note": "",
                "name": null,
                "contents": [
                    {
                        "text": "2) 파산, 회사정리, 화의신청 등의 사업 불가능 사유가 발생할 시",
                        "type": null,
                        "rowId": null,
                        "cells": null
                    }
                ],
                "coordinate": null
            },
            {
                "id": 55,
                "type": "TEXT",
                "format_content": "1010AAC",
                "depth": 0,
                "sort_order": 39,
                "article": 13,
                "paragraph": 2,
                "subParagraph": null,
                "is_article_title": false,
                "content_labels": [
                    "1010017"
                ],
                "note": "",
                "name": null,
                "contents": [
                    {
                        "text": "2. “을”이 본 계약상의 의무 이행을 하지 아니한 때 “갑”은 ○일 이상의 시정기간을 두고 시정최고하며 그럼에도 불구하고 시정이 이루어지지 아니할 시 즉시 계약의 해지를 통지한다.",
                        "type": null,
                        "rowId": null,
                        "cells": null
                    }
                ],
                "coordinate": null
            },
            {
                "id": 56,
                "type": "TEXT",
                "format_content": "1010AAC",
                "depth": 1,
                "sort_order": 40,
                "article": 14,
                "paragraph": null,
                "subParagraph": null,
                "is_article_title": true,
                "content_labels": [
                    "1010017"
                ],
                "note": "",
                "name": null,
                "contents": [
                    {
                        "text": "제14조 【 분쟁해결 】",
                        "type": null,
                        "rowId": null,
                        "cells": null
                    }
                ],
                "coordinate": null
            },
            {
                "id": 57,
                "type": "TEXT",
                "format_content": "1010AAC",
                "depth": 2,
                "sort_order": 41,
                "article": 14,
                "paragraph": 1,
                "subParagraph": null,
                "is_article_title": false,
                "content_labels": [
                    "1010017"
                ],
                "note": "",
                "name": null,
                "contents": [
                    {
                        "text": "1. 본 계약과 관련하여 양 당사자간의 분쟁이 발생한 경우, 원칙적으로 “갑”과 “을” 상호간의 합의에 의해 해결한다.",
                        "type": null,
                        "rowId": null,
                        "cells": null
                    }
                ],
                "coordinate": null
            },
            {
                "id": 58,
                "type": "TEXT",
                "format_content": "1010AAC",
                "depth": 1,
                "sort_order": 42,
                "article": 14,
                "paragraph": 2,
                "subParagraph": null,
                "is_article_title": false,
                "content_labels": [
                    "1010017"
                ],
                "note": "",
                "name": null,
                "contents": [
                    {
                        "text": "2. 제1항에도 불구하고 분쟁이 해결되지 않을 경우 “갑”의 주소지 관할 지방법원을 그 관할로 하여 재판함으로써 해결한다.",
                        "type": null,
                        "rowId": null,
                        "cells": null
                    }
                ],
                "coordinate": null
            },
            {
                "id": 60,
                "type": "TEXT",
                "format_content": "1010AAC",
                "depth": 0,
                "sort_order": 43,
                "article": 15,
                "paragraph": null,
                "subParagraph": null,
                "is_article_title": true,
                "content_labels": [
                    "1010017"
                ],
                "note": "",
                "name": null,
                "contents": [
                    {
                        "text": "제15조 【 기타사항 】",
                        "type": null,
                        "rowId": null,
                        "cells": null
                    }
                ],
                "coordinate": null
            },
            {
                "id": 61,
                "type": "TEXT",
                "format_content": "1010AAC",
                "depth": 1,
                "sort_order": 44,
                "article": 15,
                "paragraph": 1,
                "subParagraph": null,
                "is_article_title": false,
                "content_labels": [
                    "1010017"
                ],
                "note": "",
                "name": null,
                "contents": [
                    {
                        "text": "1. 계약의 당사자는 본 계약의 내용을 신의성실에 의거하여 준수하여야 한다.",
                        "type": null,
                        "rowId": null,
                        "cells": null
                    }
                ],
                "coordinate": null
            },
            {
                "id": 62,
                "type": "TEXT",
                "format_content": "1010AAC",
                "depth": 1,
                "sort_order": 45,
                "article": 15,
                "paragraph": 2,
                "subParagraph": null,
                "is_article_title": false,
                "content_labels": [
                    "1010017"
                ],
                "note": "",
                "name": null,
                "contents": [
                    {
                        "text": "2. 계약 기간 중 계약의 변경은 당사자의 서면 합의에 의해서만 변경될 수 있으며 서면날인 된 문서를 본 계약서의 말미에 첨부한다.",
                        "type": null,
                        "rowId": null,
                        "cells": null
                    }
                ],
                "coordinate": null
            },
            {
                "id": 63,
                "type": "TEXT",
                "format_content": "1010AAC",
                "depth": 2,
                "sort_order": 46,
                "article": 19,
                "paragraph": 3,
                "subParagraph": null,
                "is_article_title": false,
                "content_labels": [
                    "1010018"
                ],
                "note": "",
                "name": null,
                "contents": [
                    {
                        "text": "3. 본 계약서에서 명시되지 않은 부분에 대하여는 관련 법규 및 상관습에 따르기로 한다.",
                        "type": null,
                        "rowId": null,
                        "cells": null
                    }
                ],
                "coordinate": null
            },
            {
                "id": 66,
                "type": "TEXT",
                "format_content": "1010AAD",
                "depth": 2,
                "sort_order": 47,
                "article": null,
                "paragraph": null,
                "subParagraph": null,
                "is_article_title": false,
                "content_labels": [
                    "1010017"
                ],
                "note": "",
                "name": null,
                "contents": [
                    {
                        "text": "위와 같이 본 계약이 유효하게 성립하였음을 각 당사자는 증명하면서 본 계약서 2통을 작성하여, 각각 서명(또는 기명)날인 후 “갑”과 “을”이 각각 1통씩을 보관한다.",
                        "type": null,
                        "rowId": null,
                        "cells": null
                    }
                ],
                "coordinate": null
            },
            {
                "id": 67,
                "type": "TEXT",
                "format_content": "1010AAE",
                "depth": 2,
                "sort_order": 48,
                "article": null,
                "paragraph": null,
                "subParagraph": null,
                "is_article_title": false,
                "content_labels": [
                    "1010012"
                ],
                "note": "",
                "name": null,
                "contents": [
                    {
                        "text": "계약일자 : 20  년   월   일",
                        "type": null,
                        "rowId": null,
                        "cells": null
                    }
                ],
                "coordinate": null
            },
            {
                "id": 68,
                "type": "TEXT",
                "format_content": "1010AAF",
                "depth": 2,
                "sort_order": 49,
                "article": null,
                "paragraph": null,
                "subParagraph": null,
                "is_article_title": false,
                "content_labels": [
                    "1010013",
                    "1010014"
                ],
                "note": "",
                "name": null,
                "contents": [
                    {
                        "text": "(갑) 주 소 :\n회 사 명 :\n대 표 자 : ○ ○ ○ (인)\n연 락 처 :",
                        "type": null,
                        "rowId": null,
                        "cells": null
                    }
                ],
                "coordinate": null
            },
            {
                "id": 69,
                "type": "TEXT",
                "format_content": "1010AAF",
                "depth": 2,
                "sort_order": 50,
                "article": null,
                "paragraph": null,
                "subParagraph": null,
                "is_article_title": false,
                "content_labels": [
                    "1010015",
                    "1010016"
                ],
                "note": "",
                "name": null,
                "contents": [
                    {
                        "text": "(을) 주 소 :\n주민번호 :\n성 명 : ○ ○ ○ (인)\n연 락 처 :",
                        "type": null,
                        "rowId": null,
                        "cells": null
                    }
                ],
                "coordinate": null
            }
        ]
    }
}