{
    "document": {
        "doc_type": "1010",
        "title": null,
        "status": 7,
        "is_hold": null,
        "page_count": 2,
        "sub_document_count": 21,
        "created_time": "2024-10-25T15:13:26.042",
        "main_category": null,
        "sub_category": null,
        "detail_category": null,
        "related_law": null,
        "purpose": null,
        "use_case": null,
        "sub_documents": [
            {
                "id": 1,
                "type": "TEXT",
                "format_content": "1010AAA",
                "depth": 0,
                "sort_order": 1,
                "article": null,
                "paragraph": null,
                "subParagraph": null,
                "is_article_title": false,
                "content_labels": [
                    "1010017"
                ],
                "note": "",
                "name": null,
                "contents": [
                    {
                        "text": "아르바이트 근로계약서",
                        "type": null,
                        "rowId": null,
                        "cells": null
                    }
                ],
                "coordinate": null
            },
            {
                "id": 23,
                "type": "TEXT",
                "format_content": "1010AAB",
                "depth": 0,
                "sort_order": 2,
                "article": null,
                "paragraph": null,
                "subParagraph": null,
                "is_article_title": false,
                "content_labels": [
                    "1010001"
                ],
                "note": "",
                "name": null,
                "contents": [
                    {
                        "text": "사용자인 ㅇㅇㅇㅇ의 대표(사업주)와 근로자(근로자)는 아래 근로조건을 성실히 이행할 것을 약정하고 근로계약을 체결함.",
                        "type": null,
                        "rowId": null,
                        "cells": null
                    }
                ],
                "coordinate": null
            },
            {
                "id": 2,
                "type": "TEXT",
                "format_content": "1010AAG",
                "depth": 0,
                "sort_order": 3,
                "article": null,
                "paragraph": null,
                "subParagraph": null,
                "is_article_title": false,
                "content_labels": [
                    "1010017"
                ],
                "note": "",
                "name": null,
                "contents": [
                    {
                        "text": "- 아 래-",
                        "type": null,
                        "rowId": null,
                        "cells": null
                    }
                ],
                "coordinate": null
            },
            {
                "id": 3,
                "type": "TEXT",
                "format_content": "1010AAC",
                "depth": 0,
                "sort_order": 4,
                "article": 1,
                "paragraph": null,
                "subParagraph": null,
                "is_article_title": false,
                "content_labels": [
                    "1010003"
                ],
                "note": "",
                "name": null,
                "contents": [
                    {
                        "text": "1. 취 업장 소 :",
                        "type": null,
                        "rowId": null,
                        "cells": null
                    }
                ],
                "coordinate": null
            },
            {
                "id": 4,
                "type": "TEXT",
                "format_content": "1010AAC",
                "depth": 0,
                "sort_order": 5,
                "article": 2,
                "paragraph": null,
                "subParagraph": null,
                "is_article_title": false,
                "content_labels": [
                    "1010004"
                ],
                "note": "",
                "name": null,
                "contents": [
                    {
                        "text": "2. 직종 :",
                        "type": null,
                        "rowId": null,
                        "cells": null
                    }
                ],
                "coordinate": null
            },
            {
                "id": 5,
                "type": "TEXT",
                "format_content": "1010AAC",
                "depth": 0,
                "sort_order": 6,
                "article": null,
                "paragraph": null,
                "subParagraph": null,
                "is_article_title": false,
                "content_labels": [
                    "1010002"
                ],
                "note": "",
                "name": null,
                "contents": [
                    {
                        "text": "3. 근로계약기간 : 년 월 일부터 년 월 일까지로 하되 당사자간의 합의에 의하여 연장할 수 있다.",
                        "type": null,
                        "rowId": null,
                        "cells": null
                    }
                ],
                "coordinate": null
            },
            {
                "id": 6,
                "type": "TEXT",
                "format_content": "1010AAC",
                "depth": 0,
                "sort_order": 7,
                "article": 4,
                "paragraph": null,
                "subParagraph": null,
                "is_article_title": false,
                "content_labels": [
                    "1010010"
                ],
                "note": "",
                "name": null,
                "contents": [
                    {
                        "text": "4. 근 로 조 건 : ",
                        "type": null,
                        "rowId": null,
                        "cells": null
                    }
                ],
                "coordinate": null
            },
            {
                "id": 24,
                "type": "TEXT",
                "format_content": "1010AAC",
                "depth": null,
                "sort_order": 8,
                "article": 4,
                "paragraph": 1,
                "subParagraph": null,
                "is_article_title": false,
                "content_labels": [
                    "1010007",
                    "1010009",
                    "1010010"
                ],
                "note": "",
                "name": null,
                "contents": [
                    {
                        "text": "1) 급여 : 월급 원 (시급 :원 * 총 근무시간), 근로자 개인 통장으로 전액 지급 (매월 일)",
                        "type": null,
                        "rowId": null,
                        "cells": null
                    }
                ],
                "coordinate": null
            },
            {
                "id": 8,
                "type": "TEXT",
                "format_content": "1010AAC",
                "depth": 1,
                "sort_order": 9,
                "article": 4,
                "paragraph": 2,
                "subParagraph": null,
                "is_article_title": false,
                "content_labels": [
                    "1010005"
                ],
                "note": "",
                "name": null,
                "contents": [
                    {
                        "text": "2) 근무시간은시분부터 시분까지로 하며, 점심시간은시분부터 시분까지로 한다.",
                        "type": null,
                        "rowId": null,
                        "cells": null
                    }
                ],
                "coordinate": null
            },
            {
                "id": 10,
                "type": "TEXT",
                "format_content": "1010AAC",
                "depth": 1,
                "sort_order": 10,
                "article": 4,
                "paragraph": 3,
                "subParagraph": null,
                "is_article_title": false,
                "content_labels": [
                    "1010006"
                ],
                "note": "",
                "name": null,
                "contents": [
                    {
                        "text": "3) 주휴일은 매주요일로 한다.",
                        "type": null,
                        "rowId": null,
                        "cells": null
                    }
                ],
                "coordinate": null
            },
            {
                "id": 11,
                "type": "TEXT",
                "format_content": "1010AAC",
                "depth": 0,
                "sort_order": 11,
                "article": 5,
                "paragraph": null,
                "subParagraph": null,
                "is_article_title": false,
                "content_labels": [
                    "1010018"
                ],
                "note": "",
                "name": null,
                "contents": [
                    {
                        "text": "5. 재 해 보 상 : “근로자”가 업무상 재해를 당하였을 때에는 근로기준법 또는 산업재해보상보험법에 의하여 보상한다. 사업장의 안전에 관한 제규칙과 안전관리자의 지시사항을 위반하여 발생한 제반사고는 “근로자”의 귀책사유로 본다.",
                        "type": null,
                        "rowId": null,
                        "cells": null
                    }
                ],
                "coordinate": null
            },
            {
                "id": 12,
                "type": "TEXT",
                "format_content": "1010AAC",
                "depth": 0,
                "sort_order": 12,
                "article": 6,
                "paragraph": null,
                "subParagraph": null,
                "is_article_title": false,
                "content_labels": [
                    "1010017"
                ],
                "note": "",
                "name": null,
                "contents": [
                    {
                        "text": "6. 근로계약의 해약사유",
                        "type": null,
                        "rowId": null,
                        "cells": null
                    }
                ],
                "coordinate": null
            },
            {
                "id": 13,
                "type": "TEXT",
                "format_content": "1010AAC",
                "depth": 1,
                "sort_order": 13,
                "article": 6,
                "paragraph": 1,
                "subParagraph": null,
                "is_article_title": false,
                "content_labels": [
                    "1010008"
                ],
                "note": "",
                "name": null,
                "contents": [
                    {
                        "text": "1) 도박 및 음주 등 풍기문란으로 직장규율을 위반하였을 때.",
                        "type": null,
                        "rowId": null,
                        "cells": null
                    }
                ],
                "coordinate": null
            },
            {
                "id": 14,
                "type": "TEXT",
                "format_content": "1010AAC",
                "depth": 1,
                "sort_order": 14,
                "article": 6,
                "paragraph": 2,
                "subParagraph": null,
                "is_article_title": false,
                "content_labels": [
                    "1010017"
                ],
                "note": "",
                "name": null,
                "contents": [
                    {
                        "text": "2) 정당한 이유 없이 무단결근을 계속하여 5일 이상 또는 월간 7일 이상 결근하였을 때.",
                        "type": null,
                        "rowId": null,
                        "cells": null
                    }
                ],
                "coordinate": null
            },
            {
                "id": 15,
                "type": "TEXT",
                "format_content": "1010AAC",
                "depth": 1,
                "sort_order": 15,
                "article": 6,
                "paragraph": 3,
                "subParagraph": null,
                "is_article_title": false,
                "content_labels": [
                    "1010017"
                ],
                "note": "",
                "name": null,
                "contents": [
                    {
                        "text": "3) 업무를 태만히 하거나 업무수행능력이 부족한 때.",
                        "type": null,
                        "rowId": null,
                        "cells": null
                    }
                ],
                "coordinate": null
            },
            {
                "id": 16,
                "type": "TEXT",
                "format_content": "1010AAC",
                "depth": 1,
                "sort_order": 16,
                "article": 6,
                "paragraph": 4,
                "subParagraph": null,
                "is_article_title": false,
                "content_labels": [
                    "1010017"
                ],
                "note": "",
                "name": null,
                "contents": [
                    {
                        "text": "4) 상사의 정당한 지시에 불복한 때.",
                        "type": null,
                        "rowId": null,
                        "cells": null
                    }
                ],
                "coordinate": null
            },
            {
                "id": 17,
                "type": "TEXT",
                "format_content": "1010AAC",
                "depth": 1,
                "sort_order": 17,
                "article": 6,
                "paragraph": 5,
                "subParagraph": null,
                "is_article_title": false,
                "content_labels": [
                    "1010017"
                ],
                "note": "",
                "name": null,
                "contents": [
                    {
                        "text": "5) 취업장소 및 취업직종에 불복할 경우.",
                        "type": null,
                        "rowId": null,
                        "cells": null
                    }
                ],
                "coordinate": null
            },
            {
                "id": 18,
                "type": "TEXT",
                "format_content": "1010AAC",
                "depth": 0,
                "sort_order": 18,
                "article": 7,
                "paragraph": null,
                "subParagraph": null,
                "is_article_title": true,
                "content_labels": [
                    "1010011"
                ],
                "note": "",
                "name": null,
                "contents": [
                    {
                        "text": "7. 손 해 배 상 : “근로자”의 고의 또는 중대한 과실로 “사업주”에게 손해를 끼쳤을 때에는 “사업 본 계약서에 명시되지 아니한 사항은 근로기준법, 관계법규의 해석에 따른다.",
                        "type": null,
                        "rowId": null,
                        "cells": null
                    }
                ],
                "coordinate": null
            },
            {
                "id": 20,
                "type": "TEXT",
                "format_content": "1010AAE",
                "depth": 1,
                "sort_order": 19,
                "article": null,
                "paragraph": null,
                "subParagraph": null,
                "is_article_title": false,
                "content_labels": [
                    "1010012"
                ],
                "note": "",
                "name": null,
                "contents": [
                    {
                        "text": "20년월일",
                        "type": null,
                        "rowId": null,
                        "cells": null
                    }
                ],
                "coordinate": null
            },
            {
                "id": 21,
                "type": "TEXT",
                "format_content": "1010AAF",
                "depth": 1,
                "sort_order": 20,
                "article": null,
                "paragraph": null,
                "subParagraph": null,
                "is_article_title": false,
                "content_labels": [
                    "1010015",
                    "1010016"
                ],
                "note": "",
                "name": null,
                "contents": [
                    {
                        "text": "“사업주” 사 용 자 :(인)",
                        "type": null,
                        "rowId": null,
                        "cells": null
                    }
                ],
                "coordinate": null
            },
            {
                "id": 22,
                "type": "TEXT",
                "format_content": "1010AAF",
                "depth": 1,
                "sort_order": 21,
                "article": null,
                "paragraph": null,
                "subParagraph": null,
                "is_article_title": false,
                "content_labels": [
                    "1010013",
                    "1010014"
                ],
                "note": "",
                "name": null,
                "contents": [
                    {
                        "text": "“근로자” 근 로 자 :(인)",
                        "type": null,
                        "rowId": null,
                        "cells": null
                    }
                ],
                "coordinate": null
            }
        ]
    }
}