{
    "document": {
        "doc_type": "1010",
        "title": null,
        "status": 4,
        "is_hold": null,
        "page_count": 3,
        "sub_document_count": 35,
        "created_time": "2024-10-29T17:46:33.252",
        "main_category": null,
        "sub_category": null,
        "detail_category": null,
        "related_law": null,
        "purpose": null,
        "use_case": null,
        "sub_documents": [
            {
                "id": 1,
                "type": "TEXT",
                "format_content": "1010AAA",
                "depth": 0,
                "sort_order": 1,
                "article": null,
                "paragraph": null,
                "subParagraph": null,
                "is_article_title": false,
                "content_labels": [
                    "1010017"
                ],
                "note": "",
                "name": null,
                "contents": [
                    {
                        "text": "편의점 아르바이트 계약서",
                        "type": null,
                        "rowId": null,
                        "cells": null
                    }
                ],
                "coordinate": null
            },
            {
                "id": 53,
                "type": "TEXT",
                "format_content": "1010AAB",
                "depth": 0,
                "sort_order": 2,
                "article": null,
                "paragraph": null,
                "subParagraph": null,
                "is_article_title": false,
                "content_labels": [
                    "1010001"
                ],
                "note": "",
                "name": null,
                "contents": [
                    {
                        "text": "○○편의점(이하 “갑”이라 칭한다)과 아르바이트 근무자 ○○○(이하 “을”이라 칭한다)는 다음과 같이 아르바이트 계약을 체결한다.",
                        "type": null,
                        "rowId": null,
                        "cells": null
                    }
                ],
                "coordinate": null
            },
            {
                "id": 2,
                "type": "TEXT",
                "format_content": "1010AAC",
                "depth": 0,
                "sort_order": 3,
                "article": 1,
                "paragraph": null,
                "subParagraph": null,
                "is_article_title": true,
                "content_labels": [
                    "1010005"
                ],
                "note": "",
                "name": null,
                "contents": [
                    {
                        "text": "제1조 【 근무시간 】",
                        "type": null,
                        "rowId": null,
                        "cells": null
                    }
                ],
                "coordinate": null
            },
            {
                "id": 3,
                "type": "TEXT",
                "format_content": "1010AAC",
                "depth": 1,
                "sort_order": 4,
                "article": 1,
                "paragraph": 1,
                "subParagraph": null,
                "is_article_title": false,
                "content_labels": [
                    "1010005"
                ],
                "note": "",
                "name": null,
                "contents": [
                    {
                        "text": "1. 근무시간 :",
                        "type": null,
                        "rowId": null,
                        "cells": null
                    }
                ],
                "coordinate": null
            },
            {
                "id": 4,
                "type": "TEXT",
                "format_content": "1010AAC",
                "depth": 1,
                "sort_order": 5,
                "article": 1,
                "paragraph": null,
                "subParagraph": null,
                "is_article_title": false,
                "content_labels": [
                    "1010017"
                ],
                "note": "",
                "name": null,
                "contents": [
                    {
                        "text": "2. 휴게시간 :",
                        "type": null,
                        "rowId": null,
                        "cells": null
                    }
                ],
                "coordinate": null
            },
            {
                "id": 5,
                "type": "TEXT",
                "format_content": "1010AAC",
                "depth": 1,
                "sort_order": 6,
                "article": 1,
                "paragraph": 3,
                "subParagraph": null,
                "is_article_title": false,
                "content_labels": [
                    "1010006"
                ],
                "note": "",
                "name": null,
                "contents": [
                    {
                        "text": "3. 휴 무 일 :",
                        "type": null,
                        "rowId": null,
                        "cells": null
                    }
                ],
                "coordinate": null
            },
            {
                "id": 6,
                "type": "TEXT",
                "format_content": "1010AAC",
                "depth": 0,
                "sort_order": 7,
                "article": 2,
                "paragraph": null,
                "subParagraph": null,
                "is_article_title": true,
                "content_labels": [
                    "1010017"
                ],
                "note": "",
                "name": null,
                "contents": [
                    {
                        "text": "제2조 (연차휴가 등)",
                        "type": null,
                        "rowId": null,
                        "cells": null
                    }
                ],
                "coordinate": null
            },
            {
                "id": 7,
                "type": "TEXT",
                "format_content": "1010AAC",
                "depth": 1,
                "sort_order": 8,
                "article": 2,
                "paragraph": 1,
                "subParagraph": null,
                "is_article_title": false,
                "content_labels": [
                    "1010017"
                ],
                "note": "",
                "name": null,
                "contents": [
                    {
                        "text": "1. 연차휴가 등 \"근로자\"의 휴가 사용에 대해서는 관련 법령 및 \"갑\"에서 별도로 정한 규정에 따른다.",
                        "type": null,
                        "rowId": null,
                        "cells": null
                    }
                ],
                "coordinate": null
            },
            {
                "id": 8,
                "type": "TEXT",
                "format_content": "1010AAC",
                "depth": 1,
                "sort_order": 9,
                "article": 2,
                "paragraph": 2,
                "subParagraph": null,
                "is_article_title": false,
                "content_labels": [
                    "1010017"
                ],
                "note": "",
                "name": null,
                "contents": [
                    {
                        "text": "2. \"사용자\"는 계속근로를 전제로 \"근로자\"에게 관련 법령에서 정하는 시점 이전에 연차휴가를 부여할 수 있다.",
                        "type": null,
                        "rowId": null,
                        "cells": null
                    }
                ],
                "coordinate": null
            },
            {
                "id": 9,
                "type": "TEXT",
                "format_content": "1010AAC",
                "depth": 1,
                "sort_order": 10,
                "article": 2,
                "paragraph": 3,
                "subParagraph": null,
                "is_article_title": false,
                "content_labels": [
                    "1010017"
                ],
                "note": "",
                "name": null,
                "contents": [
                    {
                        "text": "3. 제2항의 규정에도 불구하고 \"근로자\"가 관련 법령에서 정하는 기준을 초과하여 연차휴가를 사용하고 퇴사하는 경우, 초과된 연차휴가일수는 퇴직월 급여에서 일할 계산하여 공제한다.",
                        "type": null,
                        "rowId": null,
                        "cells": null
                    }
                ],
                "coordinate": null
            },
            {
                "id": 10,
                "type": "TEXT",
                "format_content": "1010AAC",
                "depth": 0,
                "sort_order": 11,
                "article": 3,
                "paragraph": null,
                "subParagraph": null,
                "is_article_title": true,
                "content_labels": [
                    "1010002"
                ],
                "note": "",
                "name": null,
                "contents": [
                    {
                        "text": "제3조 【 계약기간 】",
                        "type": null,
                        "rowId": null,
                        "cells": null
                    }
                ],
                "coordinate": null
            },
            {
                "id": 11,
                "type": "TEXT",
                "format_content": "1010AAC",
                "depth": 1,
                "sort_order": 12,
                "article": 3,
                "paragraph": 1,
                "subParagraph": null,
                "is_article_title": false,
                "content_labels": [
                    "1010002"
                ],
                "note": "",
                "name": null,
                "contents": [
                    {
                        "text": "1. 본 계약서 작성일로부터 1년간으로 한다.",
                        "type": null,
                        "rowId": null,
                        "cells": null
                    }
                ],
                "coordinate": null
            },
            {
                "id": 12,
                "type": "TEXT",
                "format_content": "1010AAC",
                "depth": 1,
                "sort_order": 13,
                "article": 3,
                "paragraph": 2,
                "subParagraph": null,
                "is_article_title": false,
                "content_labels": [
                    "1010017"
                ],
                "note": "",
                "name": null,
                "contents": [
                    {
                        "text": "2. 아르바이트를 그만둘 시에는 20일 이전에 “갑”에게 통지하여 후임자를 뽑을 수 있도록 하여야 한다.",
                        "type": null,
                        "rowId": null,
                        "cells": null
                    }
                ],
                "coordinate": null
            },
            {
                "id": 14,
                "type": "TEXT",
                "format_content": "1010AAC",
                "depth": 0,
                "sort_order": 14,
                "article": 4,
                "paragraph": null,
                "subParagraph": null,
                "is_article_title": true,
                "content_labels": [
                    "1010007",
                    "1010009",
                    "1010010"
                ],
                "note": "",
                "name": null,
                "contents": [
                    {
                        "text": "제4조 【 급  여 】",
                        "type": null,
                        "rowId": null,
                        "cells": null
                    }
                ],
                "coordinate": null
            },
            {
                "id": 15,
                "type": "TEXT",
                "format_content": "1010AAC",
                "depth": 1,
                "sort_order": 15,
                "article": 4,
                "paragraph": 1,
                "subParagraph": null,
                "is_article_title": false,
                "content_labels": [
                    "1010007",
                    "1010009",
                    "1010010"
                ],
                "note": "",
                "name": null,
                "contents": [
                    {
                        "text": "1. 시간당 일금 원정 (\\ )으로 계산하여 매월 말일 정산하여 익월 5일에 “을”의 계좌로 현금입금 한다.",
                        "type": null,
                        "rowId": null,
                        "cells": null
                    }
                ],
                "coordinate": null
            },
            {
                "id": 16,
                "type": "TEXT",
                "format_content": "1010AAC",
                "depth": 2,
                "sort_order": 16,
                "article": 4,
                "paragraph": 2,
                "subParagraph": null,
                "is_article_title": false,
                "content_labels": [
                    "1010007"
                ],
                "note": "",
                "name": null,
                "contents": [
                    {
                        "text": "2. 지각이 ○분을 초과할 시에는 ○시간의 임금을 공제하며 ○분 이상 지각회수가 ○개월 ○회 이상이 될 시에는 ○일치 급여를 공제한다. 이러한 경우 “갑”은 근로관계의 종료를 취할 수 있다.",
                        "type": null,
                        "rowId": null,
                        "cells": null
                    }
                ],
                "coordinate": null
            },
            {
                "id": 20,
                "type": "TEXT",
                "format_content": "1010AAC",
                "depth": 0,
                "sort_order": 17,
                "article": 5,
                "paragraph": null,
                "subParagraph": null,
                "is_article_title": true,
                "content_labels": [
                    "1010004"
                ],
                "note": "",
                "name": null,
                "contents": [
                    {
                        "text": "제5조 【 근무수칙 】",
                        "type": null,
                        "rowId": null,
                        "cells": null
                    }
                ],
                "coordinate": null
            },
            {
                "id": 21,
                "type": "TEXT",
                "format_content": "1010AAC",
                "depth": 1,
                "sort_order": 18,
                "article": 5,
                "paragraph": 1,
                "subParagraph": null,
                "is_article_title": false,
                "content_labels": [
                    "1010004"
                ],
                "note": "",
                "name": null,
                "contents": [
                    {
                        "text": "1. 출근 즉시 매장의 물품을 정리하고 편의점 내부의 청소를 시행한다.",
                        "type": null,
                        "rowId": null,
                        "cells": null
                    }
                ],
                "coordinate": null
            },
            {
                "id": 22,
                "type": "TEXT",
                "format_content": "1010AAC",
                "depth": 1,
                "sort_order": 19,
                "article": 5,
                "paragraph": 2,
                "subParagraph": null,
                "is_article_title": false,
                "content_labels": [
                    "1010004"
                ],
                "note": "",
                "name": null,
                "contents": [
                    {
                        "text": "2. 고객에 대하여 언제나 친절하게 대하여 고객의 불만이 발생하지 않도록 한다.",
                        "type": null,
                        "rowId": null,
                        "cells": null
                    }
                ],
                "coordinate": null
            },
            {
                "id": 23,
                "type": "TEXT",
                "format_content": "1010AAC",
                "depth": 2,
                "sort_order": 20,
                "article": 5,
                "paragraph": 3,
                "subParagraph": null,
                "is_article_title": false,
                "content_labels": [
                    "1010004"
                ],
                "note": "",
                "name": null,
                "contents": [
                    {
                        "text": "3. 고객이 수표 등의 제시를 한 경우 반드시 해당 수표 등의 위조여부를 사전에 확인하고 고객의 연락처 등의 기재유무를 확인 후 결제를 행한다.",
                        "type": null,
                        "rowId": null,
                        "cells": null
                    }
                ],
                "coordinate": null
            },
            {
                "id": 24,
                "type": "TEXT",
                "format_content": "1010AAC",
                "depth": 1,
                "sort_order": 21,
                "article": 5,
                "paragraph": 4,
                "subParagraph": null,
                "is_article_title": false,
                "content_labels": [
                    "1010004"
                ],
                "note": "",
                "name": null,
                "contents": [
                    {
                        "text": "4. 퇴근 시 물건의 정리정돈 및 후임자의 근무에 차질이 없도록 한다.",
                        "type": null,
                        "rowId": null,
                        "cells": null
                    }
                ],
                "coordinate": null
            },
            {
                "id": 25,
                "type": "TEXT",
                "format_content": "1010AAC",
                "depth": 1,
                "sort_order": 22,
                "article": 5,
                "paragraph": 5,
                "subParagraph": null,
                "is_article_title": false,
                "content_labels": [
                    "1010004"
                ],
                "note": "",
                "name": null,
                "contents": [
                    {
                        "text": "5. 점장의 업무지시에 성실히 응하여야 한다.",
                        "type": null,
                        "rowId": null,
                        "cells": null
                    }
                ],
                "coordinate": null
            },
            {
                "id": 26,
                "type": "TEXT",
                "format_content": "1010AAC",
                "depth": 0,
                "sort_order": 23,
                "article": 6,
                "paragraph": null,
                "subParagraph": null,
                "is_article_title": true,
                "content_labels": [
                    "1010004"
                ],
                "note": "",
                "name": null,
                "contents": [
                    {
                        "text": "제6조 【 지급품 관리 】",
                        "type": null,
                        "rowId": null,
                        "cells": null
                    }
                ],
                "coordinate": null
            },
            {
                "id": 27,
                "type": "TEXT",
                "format_content": "1010AAC",
                "depth": 1,
                "sort_order": 24,
                "article": 6,
                "paragraph": 1,
                "subParagraph": null,
                "is_article_title": false,
                "content_labels": [
                    "1010004"
                ],
                "note": "",
                "name": null,
                "contents": [
                    {
                        "text": "1. “을”은 지급된 물품에 대한 보관 관리에 만전을 기하며 훼손, 분실 등이 발생하지 않도록 한다.",
                        "type": null,
                        "rowId": null,
                        "cells": null
                    }
                ],
                "coordinate": null
            },
            {
                "id": 29,
                "type": "TEXT",
                "format_content": "1010AAC",
                "depth": 1,
                "sort_order": 25,
                "article": 6,
                "paragraph": 2,
                "subParagraph": null,
                "is_article_title": false,
                "content_labels": [
                    "1010004"
                ],
                "note": "",
                "name": null,
                "contents": [
                    {
                        "text": "2. “을”은 바코드 인식기, 카드 결제기 등의 업무관련 물품의 고장 발생 시 즉각 점장에게 이를 고지하고 관련 조치를 취하여야 한다.",
                        "type": null,
                        "rowId": null,
                        "cells": null
                    }
                ],
                "coordinate": null
            },
            {
                "id": 31,
                "type": "TEXT",
                "format_content": "1010AAC",
                "depth": 0,
                "sort_order": 26,
                "article": 7,
                "paragraph": null,
                "subParagraph": null,
                "is_article_title": true,
                "content_labels": [
                    "1010004"
                ],
                "note": "",
                "name": null,
                "contents": [
                    {
                        "text": "제7조 【 물품정리 】",
                        "type": null,
                        "rowId": null,
                        "cells": null
                    }
                ],
                "coordinate": null
            },
            {
                "id": 32,
                "type": "TEXT",
                "format_content": "1010AAC",
                "depth": 1,
                "sort_order": 27,
                "article": 7,
                "paragraph": null,
                "subParagraph": null,
                "is_article_title": false,
                "content_labels": [
                    "1010004"
                ],
                "note": "",
                "name": null,
                "contents": [
                    {
                        "text": "1. “을”은 판매된 물품의 수시적 재 진열 및 고객이 희망하는 부족물품에 대하여 점장에게 통지한다.",
                        "type": null,
                        "rowId": null,
                        "cells": null
                    }
                ],
                "coordinate": null
            },
            {
                "id": 34,
                "type": "TEXT",
                "format_content": "1010AAC",
                "depth": 1,
                "sort_order": 28,
                "article": 7,
                "paragraph": 2,
                "subParagraph": null,
                "is_article_title": false,
                "content_labels": [
                    "1010004"
                ],
                "note": "",
                "name": null,
                "contents": [
                    {
                        "text": "2. 판매물품이 매장에서 모두 소진되었을 시 “을”은 즉각 점장에게 이를 통지하고 해당 물품의 보충이 이루어지도록 한다.",
                        "type": null,
                        "rowId": null,
                        "cells": null
                    }
                ],
                "coordinate": null
            },
            {
                "id": 36,
                "type": "TEXT",
                "format_content": "1010AAC",
                "depth": 0,
                "sort_order": 29,
                "article": 8,
                "paragraph": null,
                "subParagraph": null,
                "is_article_title": true,
                "content_labels": [
                    "1010008"
                ],
                "note": "",
                "name": null,
                "contents": [
                    {
                        "text": "제8조 【 만근수당 등 】",
                        "type": null,
                        "rowId": null,
                        "cells": null
                    }
                ],
                "coordinate": null
            },
            {
                "id": 37,
                "type": "TEXT",
                "format_content": "1010AAC",
                "depth": 1,
                "sort_order": 30,
                "article": 8,
                "paragraph": 1,
                "subParagraph": null,
                "is_article_title": false,
                "content_labels": [
                    "1010008"
                ],
                "note": "",
                "name": null,
                "contents": [
                    {
                        "text": "1. “을”이 ○개월 근무에 있어서 지각을 한번도 하지 아니하고 근무태도가 성실한 경우에는 “갑”은 ○일치 급여에 상당하는 금액을 만근수당으로 “을”에게 지급한다.",
                        "type": null,
                        "rowId": null,
                        "cells": null
                    }
                ],
                "coordinate": null
            },
            {
                "id": 39,
                "type": "TEXT",
                "format_content": "1010AAC",
                "depth": 1,
                "sort_order": 31,
                "article": 8,
                "paragraph": null,
                "subParagraph": null,
                "is_article_title": false,
                "content_labels": [
                    "1010008"
                ],
                "note": "",
                "name": null,
                "contents": [
                    {
                        "text": "2. 제1항의 만근수당 이외에 “을”이 특별히 “갑”에게 기여한 공로가 크다고 인정할 시에는 “갑”은 별도의 수당을 지급할 수 있다.",
                        "type": null,
                        "rowId": null,
                        "cells": null
                    }
                ],
                "coordinate": null
            },
            {
                "id": 41,
                "type": "TEXT",
                "format_content": "1010AAD",
                "depth": 2,
                "sort_order": 32,
                "article": null,
                "paragraph": null,
                "subParagraph": null,
                "is_article_title": false,
                "content_labels": [
                    "1010017"
                ],
                "note": "",
                "name": null,
                "contents": [
                    {
                        "text": "위와 같이 본 계약이 유효하게 성립하였음을 각 당사자는 증명하면서 본 계약서 2통을 작성하여, 각각 서명(또는 기명)날인 후 “갑”과 “을”이 각각 1통씩을 보관한다.",
                        "type": null,
                        "rowId": null,
                        "cells": null
                    }
                ],
                "coordinate": null
            },
            {
                "id": 42,
                "type": "TEXT",
                "format_content": "1010AAE",
                "depth": 2,
                "sort_order": 33,
                "article": null,
                "paragraph": null,
                "subParagraph": null,
                "is_article_title": false,
                "content_labels": [
                    "1010012"
                ],
                "note": "",
                "name": null,
                "contents": [
                    {
                        "text": "계약일자 : 20  년   월   일",
                        "type": null,
                        "rowId": null,
                        "cells": null
                    }
                ],
                "coordinate": null
            },
            {
                "id": 43,
                "type": "TEXT",
                "format_content": "1010AAF",
                "depth": 2,
                "sort_order": 34,
                "article": null,
                "paragraph": null,
                "subParagraph": null,
                "is_article_title": false,
                "content_labels": [
                    "1010015",
                    "1010016"
                ],
                "note": "",
                "name": null,
                "contents": [
                    {
                        "text": "(갑)\n주 소 :\n회 사 명 :\n대 표 자 : ○ ○ ○ (인)\n연 락 처 :",
                        "type": null,
                        "rowId": null,
                        "cells": null
                    }
                ],
                "coordinate": null
            },
            {
                "id": 48,
                "type": "TEXT",
                "format_content": "1010AAF",
                "depth": 0,
                "sort_order": 35,
                "article": null,
                "paragraph": null,
                "subParagraph": null,
                "is_article_title": false,
                "content_labels": [
                    "1010013",
                    "1010014"
                ],
                "note": "",
                "name": null,
                "contents": [
                    {
                        "text": "(을)\n주 소 :\n주민번호 :\n성 명 : ○ ○ ○ (인)",
                        "type": null,
                        "rowId": null,
                        "cells": null
                    }
                ],
                "coordinate": null
            }
        ]
    }
}